title,contents,summary
백치(白痴) 아다다 1화,"질그릇이 땅에 부딪치는 소리가 났다고 들렸는데, 마당에는 아무도 없다.
부엌에 쥐가 들었나? 샛문을 열어 보려니까,
“아 아 아이 아아 아야!”
하는 소리가 뒤란 곁으로 들려온다. 샛문을 열려던 박씨는 뒷문을 밀었다.
장독대 밑. 비스듬 한 켠 아래, 아다다가 입을 헤벌리고 납작하니 엎뎌져 두 다리만을 힘없이 버지럭거리고 있다. 그리고 머리 편으로 한 발쯤 나가선 깨어진 동이 조각이 질서 없이 너저분하게 된장 속에 묻혀 있다.“아이구테나! 무슨 소린가 했더니 이년이 동애를 또 잡았구나! 이년아!
너더러 된장 푸래든 푸래?”
어머니는 딸이 어딘가 다쳤는지 일어나지도 못하고 아파하는 데 가는 동정심보다 깨어진 동이만이 아깝게 눈에 보였던 것이다.
“어 어마! 아다아다 아다 아다아다…….”
모닥불을 뒤집어쓰는 듯한 끔찍한 어머니의 음성을 또다시 듣게 되는 아다다는 겁에 질려 얼굴에 시퍼런 물이 들며 넘어진 연유를 말하여 용서를 빌려는 기색이나 말이 되지를 않아 안타까워한다.
아다다는 벙어리였던 것이다. 말을 하렬 때에는 한다는 것이 아다다 소리만이 연거푸 나왔다. 어찌 어찌 가다가 말이 한 마디씩 제법 되어 나오는 적도 있었으나 그것은 쉬운 말에 그치고 만다.
그래서, 이것을 조롱 삼아 확실이라는 뚜렷한 이름이 있음에도 불구하고, 누구나 그를 부르는 이름은 아다다였다. 그리하여 이것이 자연히 이름으로 굳어져, 그 부모네까지도 그렇게 부르게 되었거니와, 그 자신조차도 “아다다!” 하고 부르면 마땅히 들을 이름인 듯이 대답을 했다.“이년 까타나 끌이 세 누나! 시켠엘 못 가갔으문 오늘은 어드메든디 나가서 뒈디고 말아라, 이년아! 이년아!”
어머니는 눈알을 가로 세워 날카롭게도 흰자위만으로 흘기며 성큼 문턱을 넘어선다.
아다다는 어머니의 손길이 또 자기의 끌채를 감아쥘 것을 연상하고 몸을 겨우 뒤 재비꼬아 일어서서 절룩절룩 굴뚝 모퉁이로 피해 가며 어쩔 줄을 모르고 일변 고개를 좌우로 둘러살피며 아연하게도,
“아다 어 어마! 아다 어마! 아다다다다다!”
하고 부르짖는다. 다시는 일을 아니 저지르겠다는 듯이, 그리고 한 번만 용서를 하여 달라는 듯싶게.그러나, 사정 모르는 체 기어코 쫓아간 어머니는,
“이년! 어서 뒈데라. 뒈디기 싫건 시집으루 당당 가가라. 못 가간……?”
그리고 주먹을 귀 뒤에 넌지시 얼메고 마주선다.
순간, 주먹이 떨어지면? 하는 두려운 생각에 오싹하고 끼치는 소름이 튀해논 닭같이 전신에 돋아나는 두드러기를 느끼는 찰나, ‘턱’ 하고 마침내 떨어지는 주먹은 어느새 끌채를 감아쥐고 갈 짓자로 흔들어댄다.
“아다 어어 어마! 아 아고 어 어마!”
아다다는 떨며 빌며 손을 몬다.
그러나 소용이 없다. 한 번 손을 댄 어머니는 그저 죽어 싸다는 듯이 자꾸만 흔들어 댄다. 하니, 그렇지 않아도 가꾸지 못한 텁수룩한 머리는 물결처럼 흔들리며 구름같이 피어나선 얼크러진다.
그래도, 아다다는 그저 빌 뿐이요, 조금도 반항하려고는 않는다. 이런 일은 거의 날마다 지내보는 것이기 때문에 한대야 그것은 도리어 매까지 사는 것이 됨을 아는 것이다. 집의 일이 아무리 꼬여 돌아가더라도 나 모르는 체손 싸매고 들어앉았으면 오히려 이런 봉변은 아니 당할 것이, 가만히 앉았지는 못했다.선천적으로 타고난 천치에 가까운 그의 성격은 무엇엔지 힘에 부치는 노력이 있어야 만족을 얻는 듯했다. 시키건, 안 시키건, 헐하나, 힘차나, 가리는 법이 없이 하여야 될 일로 눈에 띄기만 하면 몸을 아끼는 일이 없이 하는 것이 그였다. 그래서 집안의 모든 고된 일은 실로 아다다가 혼자서 치워놓게 된다.
그러나 어머니는 그것이 반갑지 않았다. 둔한 지혜로 차부 없이 뼈가 부러지도록 몸을 돌보지 않고, 일종 모험에 가까운 짓을 하게 되므로, 그 반면에 따르는 실수가 되려 일을 저질러 놓게 되어 그릇 같은 것을 깨쳐 먹는 일은 거의 날마다 있다 하여도 옳을 정도로 있었다.
그래도, 아다다의 힘을 빌지 않고는 집안 일을 못 치겠다면 모르지만, 그는 참례를 하지 않아도 행랑에서 차근차근히 다 해줄 일을 쓸데없이 가로맡아선 일을 저질러 놓고 마는 데 그 어머니는 속이 상했다.
본시 시집을 보내기 전에도 그 버릇은 지금이나 다름이 없어, 벙어리인데다 행동까지 그러하였으므로 내용 아는 인근에서는 그를 얻어 가려는 사람이 없었다. 그리하여, 열아홉 고개를 넘기도록 처묻어 두고 속을 태우다 못해 깃부로 논 한 섬지기를 처넣어 똥 치듯 치워버렸던 것이 그만 오 년이 머다 다시 쫓겨와 시집에는 아예 갈 생각도 아니하고 하루 같은 심화를 올렸다. 그래서, 어머니는 역겨운 마음에 아다다가 실수를 할 때마다 주릿대를 내리고 참례를 마라건만 그는 참는다는 것이 그 당시뿐이요, 남이 일을 하는 것을 보면 속이 쏘는 듯이 슬그니 나와서 곁을 슬슬 돌다가는 손을 대고 만다.
바로 사흘 전엔가도 무명을 할 때 활짝 달은 솥뚜껑을 차부 없이 맨손으로 열다가 뜨거움을 참지 못해 되는 대로 집어엎는 바람에 그만 자배기를 깨쳐서 욕과 매를 한 모태 겪고 났었건만 어제 저녁 행랑 색시더러 오늘은 묵은 된장을 옮겨 담아야 되겠다고 이르는 말을 어느 겨를에 들었던지 아다다는 아침밥이 끝나자 어느새 나가서 혼자 된장을 퍼 나르다가 그만 또 실수를 한 것이었다.“못 가간? 시집이! 못 가간? 이년! 못 가갔음 죽어라!”
붙잡았던 머리를 힘차게 휙 두르며 밀치는 바람에 손에 감겼던 머리카락이 끊어지는지 빠지는지 무뚝 묻어나며 아다다는 비칠비칠 서너 걸음 물러난다.
순간, 어찔해진 아다다는 넘어지지 않으려고 애써 버지럭거리며 삐치는 다리에 겨우 진정을 얻어 세우자,
“아다 어마! 아다 어마! 아다 아다!”
하고, 다시 달려들 듯이 눈을 흘기고 섰는 어머니를 향하여 눈물 글썽한 눈을 끔벅 한 번 감아 보이고, 그리고 북쪽을 손가락질하여, 어머니의 말대로 시집으로 가든지 그렇지 않으면 죽어라도 버리겠다는 뜻으로 고개를 주억이며 겁에 질려 어쩔 줄을 모르고 허청허청 대문 밖으로 몸을 이끌어냈다.","안녕하세요! 요청하신 소설 **<백치(白痴) 아다다> 1화**의 내용을 친절하게 요약해 드릴게요.

---

### 📖 [백치 아다다] 1화 요약

**1. 사건의 발단: 깨진 장독과 어머니의 분노**
어느 날, 마당에서 질그릇이 깨지는 소리가 들립니다. 확인해 보니 '아다다'는 된장 항아리를 깨뜨려 된장 속에 엎드려 있었습니다. 하지만 어머니는 다친 딸을 걱정하기보다, 깨져버린 항아리를 보고 크게 화를 내며 아다다를 매섭게 몰아세웁니다.

**2. 아다다라는 인물: 이름 대신 불리는 소리**
아다다의 본명은 '확실'이지만, 지적 장애와 언어 장애가 있어 제대로 말을 하지 못하고 ""아다다""라는 소리만 반복합니다. 이 때문에 사람들은 물론 가족들조차 그녀를 '아다다'라고 부르게 되었습니다.

**3. 아다다의 성격: 서툴지만 의욕적인 마음**
아다다는 비록 지능이 낮고 행동이 둔하여 실수를 자주 하지만, 본성은 매우 성실합니다. 남이 일을 하는 것을 보면 가만히 있지 못하고 어떻게든 도와주려 애쓰는 성격입니다. 하지만 이러한 의욕이 오히려 일을 그르쳐 물건을 깨뜨리는 등 사고로 이어지곤 합니다.

**4. 갈등의 심화: 어머니의 냉대와 집안의 상황**
어머니는 아다다의 이런 '사고 치는 성격'을 매우 싫어합니다. 아다다는 과거에 시집을 갔다가 5년 만에 다시 집으로 돌아온 상태인데, 어머니는 아다다가 다시 시집을 가거나 아니면 차라리 죽어버리라며 모진 말을 퍼붓고 매질을 합니다.

**5. 결말: 집을 떠나는 아다다**
어머니의 매질과 폭언에 겁에 질린 아다다는 눈물을 흘리며 어쩔 줄 몰라 합니다. 결국 아다다는 어머니의 말(시집을 가든지 죽으라는 뜻)을 받아들인 듯, 두려움과 슬픔 속에서 대문 밖으로 몸을 이끌고 집을 나섭니다.

---

**💡 요약 포인트:**
이 소설의 도입부는 **순수한 마음으로 일을 도우려 하지만 실수 연발인 '아다다'**와, 그런 딸을 **짐스러운 존재로 여기며 폭언과 폭력을 일삼는 '어머니'** 사이의 비극적인 갈등을 보여주고 있습니다.

더 궁금한 점이 있거나 다른 부분의 요약이 필요하시면 언제든 말씀해 주세요! 😊"
백치(白痴) 아다다 2화,"나오기는 나왔으나, 갈 곳이 없는 아다다는 마당귀를 돌아서선 발길을 더 내놓지 못하고 우뚝 섰다.
시집으로 간다고는 하였으나, 아무리 생각해도 남편의 매는 어머니의 그것보다 무섭다. 그러면 다시 집으로 들어가나? 이번에는 외상 없는 매가 떨어질 것 같다. 어디로 가야 하나? 갈 곳 없는 갈 곳을 짜보니 눈물이 주는 위로밖에 쓸데없는 오 년 전 그 시집이 참을 수 없이 그립다.
- 추울세라, 더 울세라, 힘이 들까, 고단할까. 알뜰살뜰히 어루만져 주던 시부모, 밤이면 품속에 꼭 껴안아 피로를 풀어 주던 남편. 아, 얼마나 시집에서는 자기를 위하여 정성을 다하던 것인고?
참으로 아다다가 처음 시집을 가서의 오 년 동안은 온 집안의 사랑을 한 몸에 받아왔던 것이 사실이다.
벙어리라는 조건이 귀에 들어맞는 것은 아니었으나, 돈으로 아내를 사지 아니하고는 얻어볼 수 없는 처지에서 스물여덟 살에 아직 장가를 못 들고 있는 신세로 목구멍조차 치기 어려운 형세이었으므로 아내를 얻게 되기의 여유를 기다리기까지에는 너무도 막연한 앞날이었다. 벙어리이나 일생을 먹여줄 것까지 가지고 온다는 데 귀가 번쩍 띄어 그 자리를 앗길까 두렵게 혼사를 지었던 것이니, 그로 의해서 먹고 살게 되는 시집에서는 아다다를 아니 위할 수가 없었던 것이다. 그러한 가운데 또한 아다다는 못하는 일이 없이 일 잘하고, 고분고분 말 잘 듣고, 조금도 말썽을 부리는 일이 없었다.그래서 생활고가 주는 역겨움이 쓸데없이 서로 눈독을 짓게 하여 불쾌한 말만으로 큰 소리가 끊일 새 없이 오고 가던 가족은 일시에 봄비를 맞는 동산같이 화락의 웃음에 꽃이 피었다.
원래, 바른 사람이 못 되는 아다다에게는 실수가 없는 것이 아니었으나, 그로 의해서 밥을 먹게 되는 시집에서는 조금도 역겹게 안 여겼고, 되레 위로를 하고 허물을 감추기에 서로 힘을 썼다.
여기에 아다다가 비로소 인생의 행복을 느끼며 시집가기 전 지난날 어머니 아버지가 쓸데없는 자식이라는 구실 밑에, 아니, 되레 가문을 더럽히는 앙화 자식이라고 사람으로서의 푼수에도 넣어 주지 않고 박대하던 일을 생각하고는 어머니 아버지를 원망하는 나머지 명절목이나 제향 때이면 시집에서는 그렇게도 가 보라는 친정이었건만 이를 악물고 가지 않고 행복 속에 묻혀 살던 지나간 그날이 아니 그리울 수가 없을 게다.
그러나, 그날은 안타깝게도 다시 못 올 영원한 꿈속에 흘러가고 말았다.해를 거듭하며 생활의 밑바닥에 깔아 놓았던 한 섬지기라는 거름이 차츰 그들을 여유한 생활로 이끌어, 몇 백 원이란 돈이 눈앞에 굴게 되니 까닭 없이 남편 되는 사람은 벙어리로서의 아내가 미워졌다.
조그만 실수가 있어도 눈을 흘겼다. 그리고 매를 내렸다. 이 사실을 아는 아버지는 그것은 들어오는 복을 차 버리는 짓이라고 타이르나, 듣지 않았다. 그리하여, 부자간에 충돌이 때때로 일어났다. 이럴 때마다 아버지에게는 감히 하고 싶은 행동을 못 하는 아들은 그 분을 아내에게로 돌려 풀기가 일쑤였다.
“이년 보기 싫다! 네 집으루 가거라.”
그리고, 다음에 따르는 것은 매였다. 그러나, 아다다는 참아가며 아내로서의, 그리고 며느리로서의 임무를 다했다.
이것이 시부모로 하여금 더욱 아다다를 귀엽게 만드는 것이어서, 아버지에게서는 움직일 수 없는 며느리인 것을 깨닫게 된 아들은 가정적으로 불만을 느끼게 되어 한 해의 농사를 지은 추수를 온통 팔아가지고 집을 떠나 마음의 위안을 찾아 주색에 돈을 다 탕진하고 물거품같이 밀려 돌다가 동무들과 짝지어 안동현으로 건너갔다.
그리하여, 이 투기적인 도시에 무젖어 노동의 힘으로 본전을 얻어선 ‘양화’와 ‘은떼루’에 투기하여 황금을 꿈꾸어 오던 것이 기적적으로 맞아나기 시작하여 이태 만에는 2만 원에 가까운 돈을 손에 쥐고 완전한 아내로서의 알뜰한 사랑에 주렸던 그는 돈에 따르는 무수한 여자 가운데서 마음대로 흡족히 골라가지고 집으로 돌아왔다.그리고는, 새로운 살림을 꿈꾸는 일변 새로이 가옥을 건축함과 동시에 아다다를 학대함이 전에 비할 정도가 아니었다. 이에는, 그 아버지도 명민하고 인자한 남부끄럽지 않는 뻐젓한 새 며느리에게 마음이 쏠리는 나머지 이미 생활은 걱정이 없이 되었으니 아다다의 깃부로서가 아니라도 유족한 앞날의 생활을 내다볼 때 아들로서의 아다다에게 대하는 태도는 소모도 마음에 거슬리는 것이 없었다. 그리하여, 시부모의 눈에서까지 벗어나게 된 아다다는 호소할 곳조차 없는 사정에 눈감은 남편의 매를 견디다 못해 집으로 쫓겨오게 되었던 것이니, 생각만 하여도 옛 매 자리가 아픈 그 시집은 죽으면 죽었지 다시는 찾아갈 생각이 없었던 것이다.
그래서, 집에 있게 되니 그것보다는 좀 헐할망정, 어머니의 매도 결코 견디기에 족한 것이 아니다. 그리고, 그것은 날마다 더 심해만 왔다. 오늘도 조금만 반항이 있었던들, 어김없이 매는 떨어지고 말았을 것이다.
그러나, 어디로 가나? 아무리 생각을 해 보아야 그저 이 세상에서는 수롱이네 집밖에 또 찾아갈 곳은 없었다.
수롱은 부모 동생조차 없는 삼십이 넘은 총각으로, 누구보다도 자기를 사랑하여 준다고 믿는 단 한 사람이었다. 그리하여 쫓기어날 때마다 그를 찾아가선 마음의 위안을 얻어 오던 것이다.아다다는 문득 발걸음을 떼어 아지랑이 얼른 거리는 마을 끝 산턱 아래 떨어져 박힌 한 채의 오막살이를 향하여 마당귀를 꺾어 돌았다.

수롱은 벌써 일 년 전부터 아다다를 꾀어 왔다. 시집에서까지 쫓겨난 벙어리였으나, 김초시의 딸이라, 스스로도 낮추 보여지는 자신으로서는 거연히 염을 내지 못하고 뜻 있는 마음을 속으로 꾸여 가며 눈치를 보여 오던 것이, 눈치에서 보다는 베풀어진 동정이 마침내, 아다다의 마음을 사게 된 것이었다.
아이들은 아다다를 보기만 하면 따라다니며 놀렸다. 아니, 어른들까지도
“아다다, 아다다” 하고, 골을 올려서 분 하나, 말을 못 하고 이상한 시늉을 하며 두덜거리는 것을 봄으로 행복을 느끼는 듯이 손뼉을 치며 웃었다.
그래서, 아다다는 사람을 싫어하였다. 집에 있으면 어머니의 욕과 매, 밖에 나오면 뭇 사람들의 놀림, 그러나 수롱이만은 자기를 사랑하는 것이었다. 아이들이 따라다닐 때에도 남 아니 말려 주는 것을 그는 말려 주고, 그리고, 애에 터질 듯한 심정을 풀어 주는 것이었다.
그리하여, 아다다는 마음이 불편할 때마다 수롱을 생각해 오던 것이, 얼마 전부터는 찾아다니게까지 되어 동네의 눈치에도 어느덧 오른지 오랬다.
그러나, 아다다의 집에서도 그 아버지만 이 지체를 가지기 위하여 깔맵게 아다다의 행동을 경계하는 듯하고, 그 어머니는 도리어 수롱이와 배가 맞아서 자기 눈앞에 보이지 아니하고, 어디로든지 달아났으면 하는 눈치를 알게 된 수롱이는 지금에 와서는 어느 정도까지 내어놓다시피 그를 사귀어 온다.아다다는 제 집이 나처럼 서슴지도 않고 달리어오자마자 수롱이네 집 문을 벌컥 열었다.
“아, 아다다!”
수롱은 의외에 벌떡 일어섰다.
“너 또 울었구나!”
울었다는 것이 창피하긴 하였으나, 숨길 차비가 아니다. 호소할 길 없는 가슴속에 꽉 찬 설움은 수롱이의 따뜻한 위무가 어떻게도 그리웠는지 모른다.
방 안에 들어서기가 바쁘게 쫓겨난 이유를 언제나 같이 낱낱이 고했다.
“그러기 이젠 아야, 다시는 집으루 가디 말구 나하구 둘이서 살아 응?”
그리고, 수롱은 의미 있는 웃음을 벙긋벙긋 웃으며 아다다의 등을 척척 뚜드려 달랬다. 오늘은 어떻게 해서든지 자기의 것으로 영원히 만들어 보고 싶은 욕망에 불탔던 것이다.
그러나, 아다다는,
“아다 무 무서! 아바 무 무서! 아다 아다다다!”","안녕하세요! 요청하신 소설 **<백치 아다다> 2화**의 내용을 친절하게 요약해 드릴게요.

이 내용은 주인공 '아다다'가 겪는 비극적인 삶의 흐름을 보여주고 있습니다.

---

### 📖 소설 내용 요약

**1. 과거의 행복했던 시집살이**
벙어리인 아다다는 처음 시집을 갔을 때, 경제적으로 어려웠던 시댁에 큰 도움이 되었습니다. 그녀는 성실하고 고분고분하게 집안일을 해냈고, 덕분에 시부모님의 극진한 사랑을 받으며 5년 동안 행복한 생활을 누렸습니다. 아다다에게 그 시절은 친정에서의 고통을 잊게 해준 유일한 행복이었습니다.

**2. 남편의 변심과 학대**
하지만 집안이 점차 경제적 여유를 갖게 되면서 비극이 시작되었습니다. 돈을 벌게 된 남편은 아내인 아다다를 미워하기 시작했고, 작은 실수에도 매를 들며 학대했습니다. 이후 남편은 투기로 큰돈을 벌어 돌아온 뒤, 다른 여자들을 집으로 데려오며 아다다를 이전보다 더 심하게 구박했습니다. 결국 시부모의 보호마저 사라진 아다다는 남편에게 쫓겨나게 됩니다.

**3. 친정에서의 더 큰 고통**
시집에서 쫓겨나 돌아온 친정은 안식처가 아니었습니다. 친정어머니는 아다다를 따뜻하게 맞이하기는커녕, 오히려 매질을 하며 그녀를 괴롭혔습니다. 남편의 매도 무서웠지만, 친정어머니의 매 또한 견디기 힘들 만큼 아다다를 압박했습니다.

**4. 유일한 안식처, 수롱**
세상 사람들의 조롱과 가족들의 학대 속에서 아다다가 의지할 수 있는 사람은 오직 '수롱'뿐이었습니다. 수롱은 아다다를 진심으로 아끼고 보호해 주는 유일한 인물이었습니다. 아다다는 괴로움이 극에 달할 때마다 수롱을 찾아가 위로를 얻습니다.

**5. 수롱의 제안과 아다다의 두려움**
수롱은 아다다를 자신의 여자로 만들고 싶어 하며, ""이제 집으로 돌아가지 말고 나와 함께 살자""고 제안합니다. 하지만 아다다는 수롱의 따뜻한 위로 속에서도 가족에 대한 두려움과 앞날에 대한 막막함 때문에 겁에 질린 모습을 보이며 이야기가 이어집니다.

---

**💡 요약 포인트:**
이 글은 **'경제적 여유가 생기자 변해버린 남편의 학대'**와 **'친정에서도 환영받지 못하는 아다다의 비극'**을 통해, 갈 곳 없는 벙어리 여인 아다다가 느끼는 극한의 고립감과 슬픔을 잘 보여주고 있습니다.

도움이 되셨기를 바랍니다! 더 궁금한 점이 있으면 언제든 말씀해 주세요. 😊"
백치(白痴) 아다다 3화,"하고, 그렇게 한다면 큰일 난다는 듯이 눈을 둥그렇게 뜬다. 집에서 학대를 받고 있는 니보다는 수롱의 사랑 밑에서 살았으면 오죽이나 행복되랴! 다시 집으로는 아니 들어가리라는 생각이 없었던 바도 아니었으나, 정작 이런 말을 듣고 보니, 무엇엔지 차마 허하지 못할 것이 있는 것 같고 그렇지 않은지라 눈을 부릅뜨고 수롱이한테 다니지 말라는 아버지의 말이 연상될 때 어떻게도 그 말은 엄한 것이었다.
“우리 둘이 달아났음 그만이디 무섭긴 뭐 이 무서워.”
“…….”
아다다는 대답이 없다.
딴은 그렇기도 한 것이다. 당장 쫓기어난 몸이 갈 곳이 어딘고? 다시 생각을 더듬어볼 때 어머니의 매는 아버지의 그 눈총보다도 몇 배나 더한 두려움으로 견딜 수 없이 아픈 것이다. 먼저 한 말이 금시 후회스러웠다.“안 그래? 무서울 게 뭐야. 이젠 아야 가지 말구 나하구 있어 응?”
“응, 아다 이 이 있어, 아다 아다.”
하고, 아다다는 다시 있자는 말이 나오기를 기다렸던 듯이, 그리고 살 길은 찾기었다는 듯이, 한숨과 같이 빙긋 웃으며 있겠다는 뜻을 명백히 보이기 위하여 고개를 주억이며 삿바닥을 손으로 톡톡 뚜드려 보인다.
“그렇지 그래, 정 있으야 되 응?”
“응, 이서 이서 아다 아다!”
“정말이야?”
“으, 응 저 정 아다 아다.”
단단히 강문을 받고 난 수롱이는 은근히 솟아나는 미소를 금할 길이 없었다.
벙어리인 아다다가 흡족할 이치는 없었지만, 돈으로 사지 아니하고는 아내라는 것을 얻어 볼 수 없는 처지였다. 그저 생기는 아내는 벙어리였어도 족했다. 그저 일이나 도와주고 아이들, 딸이나 낳아 주었으면 자기는 게서 더 바랄 것이 없었다. 아내를 얻으려고 십여 년 동안을 불피풍우 품을 팔아 궤 속에 꽁꽁 묶어둔 일백오십 원이란 돈이 지금에 와서는, 아내 하나를 얻기에 그리 부족할 것은 아니나, 장가를 들지 아니하고 아다다를 꼬여 온 이유도, 아다다를 꾐으로 돈을 남겨서, 그 돈으로 가정의 마루를 얹자는 데서였던 것이다. 이제 계획이 은근히 성공에 가까워 옴에 자기도 남과 같이 가정을 이루어 보누나 하니 바라지도 못하였던 인생의 행복이 자기에게도 이제 찾아오는 것 같았다.
“우리 아다다.”
수롱이는 아다다의 등에 손을 얹으며 빙그레 웃었다.
“아다 다다.”
아다다도 만족한 듯이 히쭉 입이 벌어졌다.그날 밤을 수롱의 품안에서 자고 난 아다다는 이미 수롱의 아내 되기에 수줍음조차 잊었다. 아니, 집에서 자기를 받들어 들인다 하더라도 수롱을 떨어져서는 살 수 없으리만큼 마음은 굳어졌다. 수롱이가 주는 사랑은 이 세상에서는 더 찾을 수 없는 행복이리라 느끼었던 것이다.
그러나 영원한 행복을 위하연 이 자리에 그대로 박혀서는 누릴 수 없을 것이 다음에 남은 근심이었다. 수롱이와 같이 삶에는, 첫째 아버지가 허하지 않을 것이요, 동네 사람도 부끄럽지 않은 노릇이 아니다. 이것은 수롱이도 짐짓 근심이었다. 밤이 깊도록 의논을 하여 보았으나 동네를 피하여 낯모르는 곳으로 감쪽같이 달아나는 수밖에는 다른 묘책이 없었다.예식 없는 가약을 그들은 서로 맹세하고 그날 새벽으로 그 마을을 떠나신미도라는 섬으로 흘러가서 그곳에 안주를 정하였다. 그러나 생소한 곳이므로 직업을 찾을 길이 없었다. 고기를 잡아먹고 사는 섬이라, 뱃놀음을 하는 것이 제 길이었으나, 이것은 아다다가 한사코 말렸다. 몇 해 전에 자기네 동네에서도 농토를 잃은 몇몇 사람이 이 섬으로 들어와 첫 배를 타다가 그만 풍랑에 몰살을 당하고 만 일이 있던 것을 잊지 못하는 때문이었다.
그렇지 않은지라, 수롱이조차도 배에는 마음이 없었다. 섬으로 왔다고는 하지만 땅을 파서 먹는 것이 조마구 빨 때부터 길러 온 습관이요, 손 익은 일이었기 때문에 그저 그 노릇만이 그리웠다.
그리하여, 있는 돈으로 어떻게, 밭날갈이나 사서 조 같은 것이나 심어가지고 겨울의 불목이와 양식을 대게 하고 짬짬이 조개나 굴, 낙지, 이런 것들을 캐어서 그날 그날을 살아갔으면 그것이 더할 수 없는 행복일 것만 같았다.
그러지 않아도 삼십 반생에 자기의 소유라고는 손바닥만한 것조차 없어, 어떻게도 몽매에 그리던 땅이었는지 모른다. 완전한 아내를 사지 아니하고 아다다를 꼬여 온 것도 이 소유욕에서였다. 아내가 얻어진 이제, 비록 많지는 않은 땅이나마 가져 보고 싶은 마음도 간절하였거니와, 또는 그만한 소유를 가지는 것이 자기에게 향한 아다다의 마음을 더욱 굳게 하는 데도 보다 더한 수단일 것 같았기 때문이다.그런 데다, 본시 뱃놀음판인 섬인데, 작년에 놀구지가 잘되었다 하여 금년에 와서 더욱 시세를 잃은 땅은 비록 때가 기경시라 하더라도 용이히 살수까지 있는 형편이었으므로, 그렇게 하리라 일단 마음을 정하니, 자기도 땅을 마침내 가져 보누나 하는 생각에 더할 수 없는 행복을 느끼며 아다다에게도 이 계획을 말하였다.
“우리 밭을 한 뙈기 사자. 그래두. 농살 허야 사람 사는 것 같디. 내가 던 답을 살라구 묶어둔 돈이 있거던.”
하고 수롱이는 봐라 하는 듯이 실겅 위에 얹힌 석유통 궤 속에서 지전 뭉치를 뒤져내더니, 손끝에다 침을 발라 가며 펄딱펄딱 뒤어보인다.
그러나, 그 돈을 본 아다다는 어쩐지 갑자기 화기가 줄어든다.
수롱이는 이상했다. 기꺼워할 줄 알았던 아다다가 도리어 화기를 잃은 것이다. 돈이 있다니 많은 줄 알았다가 기대에 틀림으로써인가?
“이거 봐! 그래뵈두, 1천5백 낭이야. 지금 시세에 이천 평은 한참 놀다가 두 떡 먹두룩 살 건데.”
그래도 아다다는 아무 대답이 없다. 무엇 때문엔지 수심의 빛까지 역연히 얼굴에 떠오른다.
“아니 밭이 이천 평이 문 조를 심는다 하구, 잘만 가꿔 봐, 조가 열섬에 조짚이 백여 목 날 터이야. 그래, 이걸 개지구 겨울 한동안 이야 못 살아?
그렇거구 둘이 맞붙어 몇 해 반 벌어 봐? 그적엔 논이 또 나오는 거야. 이건 괜히 생…….”
아다다는 말없이 머리를 흔든다.
“아니, 내레 이게, 거즈뿌레기야? 아 열 섬이 못 나?”
아다다는 그래도 머리를 흔든다.
“아니, 고롬 밭은 싫단 말인가?”
비로소 아다다는 그렇다는 듯이 머리를 주억거린다.아다다는 돈이 있다 해도 실로 그렇게 많은 돈이 있는 줄은 몰랐다. 그래서, 그 많은 돈으로 밭을 산다는 소리에 지금까지 꿈꾸어 오던 모든 행복이 여지없이도 일시에 깨어지는 것만 같았던 것이다. 돈으로 위해서 그렇게 행복일 수 있던 자기의 신세는 남편(전남편)의 마음을 악하게 만듦으로, 그리고, 시부모의 눈까지 가리는 것이 되어, 필야엔 쫓겨나지 아니치 못하게 되던 일을 생각하면, 돈 소리만 들어도 마음은 좋지 않던 것인데, 이제 한 푼 없는 알몸인 줄 알았던 수롱이에게도 그렇게 많은 돈이 있어 그것으로 밭을 산다고 기꺼워하는 것을 볼 때, 그 돈의 밑천은 장래 자기에게 행복을 갖다 주기보다는 몽둥이를 벼리는 데 지나지 못하는 것 같았고, 밭에다 조를 심는다는 것은 불행의 씨를 심는다는 것만 같았기 때문이다.
아다다는 그저 섬으로 왔거니 조개나, 굴 같은 것을 캐어서 그날 그날을 살아가야 할 것만이 수롱의 사랑을 받는 데 더할 수 없는 살림인 줄만 안다.
그래서, 이러한 살림이 얼마나 즐거우랴! 혼자 속으로 축복을 하며 수롱을 위하여 일층 벌기에 힘을 써야 할 것을 생각해 오던 것이다.
“고롬 논을 사재나? 밭이 싫으문?”
수롱은 아다다의 의견이 알고 싶어 이렇게 또 물었다.
그러나, 아다다는 그냥 고개만 주억여 버린다. 논을 산대도 그것은 똑같은 불행을 사는 데 있을 것이다. 돈이 있는 이상 어느 것이든지 간 사기는 반드시 사고야 말 남편의 심사이었음에 머리를 흔들어댔자 소용이 없을 것이었다. 그리하야, 그 근본 불행인 돈을 어찌할 수 없는 이상엔 잠시라도 남편의 마음을 거슬림으로 불쾌하게 할 필요는 없다고 아는 때문이었다.
“흥! 논이 도흔 줄은 너두 아누나! 그러나, 어려운 놈에게 밭이 논보다 나았디 나아.”
하고, 수롱이는 기어코 밭을 사기로 그 달음에 거간을 내세웠다.","안녕하세요! 요청하신 소설 《백치 아다다》 3화의 내용을 친절하게 요약해 드릴게요.

이 내용은 주인공 **수롱**과 벙어리인 **아다다**가 함께 새로운 삶을 시작하려 하지만, 서로 다른 가치관과 과거의 상처로 인해 미묘한 갈등을 겪는 과정을 담고 있습니다.

### [소설 요약]

**1. 새로운 삶을 위한 도피**
집에서의 학대와 두려움을 피해, 아다다는 수롱의 사랑을 선택하며 그와 함께하기로 결심합니다. 두 사람은 마을 사람들의 시선과 가족의 방해를 피하기 위해 '신미도'라는 외딴 섬으로 떠나 정착합니다.

**2. 수롱의 계획: 안정적인 가정을 위한 '땅'**
수롱은 아내를 얻기 위해 10년 동안 성실히 모은 150원이 있습니다. 그는 이 돈으로 밭을 사서 농사를 짓고, 조개나 굴을 캐며 남들처럼 평범하고 안정적인 가정을 꾸리는 것이 인생의 큰 행복이라고 믿습니다.

**3. 아다다의 두려움: 돈과 불행의 기억**
하지만 수롱이 큰돈을 들여 밭을 사겠다고 하자, 아다다는 오히려 깊은 수심에 빠집니다. 아다다에게 '돈'은 과거 전남편과 시댁으로부터 학대를 당하고 쫓겨나게 만들었던, 즉 **'불행을 불러오는 씨앗'**이었기 때문입니다. 아다다는 큰 재산을 갖기보다는 그저 소박하게 해산물을 캐며 하루하루 평온하게 살아가는 것이 진정한 행복이라고 생각합니다.

**4. 엇갈리는 마음**
수롱은 아다다의 마음을 완전히 이해하지 못한 채, 형편에 맞춰 밭을 사는 것이 최선이라며 자신의 계획을 밀고 나갑니다. 결국, 안정적인 삶을 꿈꾸는 수롱의 의지와 불행을 피하려는 아다다의 불안이 대비되며 이야기가 전개됩니다.

---

**💡 요약 포인트:**
이 장은 **'안정적인 삶(재산)을 추구하는 수롱'**과 **'과거의 상처로 인해 재산을 두려워하는 아다다'** 사이의 심리적 대비를 통해, 두 사람의 앞날에 놓인 복선과 갈등을 잘 보여주고 있습니다.

더 궁금한 점이 있거나 다른 부분의 요약이 필요하면 언제든 말씀해 주세요! 😊"
백치(白痴) 아다다 4화,"그날 밤.
아다다는 자리에 누웠으나 잠이 오지 않았다.
남편은 아무런 근심도 없는 듯이 세상 모르고 씩씩 아침부터 자내건만 아다다는 그저 그 돈 생각을 하면 장차 닥쳐올 불길한 예감에 잠을 이룰 수가 없었다. 이불을 붙안고 밤새도록 쥐어틀며 아무리 생각을 해야 그 돈을 그대로 두고는 수롱의 사랑 밑에서 영원한 행복을 누릴 수 있으리라고는 믿기지 않았다.
짧은 봄밤은 어느덧 새어, 새벽을 알리는 닭의 울음 소리가 사방에서 처량히 들려온다.
밤이 벌써 새누나 하니, 아다다의 마음은 더욱 조급하게 탔다. 이 밤으로 그 돈에 대한 처리를 하지 못하는 한, 내일은 기어이 거간이 밭을 흥정하여 가지고 올 것이다. 그러면 그 밭에서 나는 곡식은 해마다 돈을 불려 줄 것이다. 그때면 남편은 늘어가는 돈에 따라 차차 눈은 어둡게 되어 점점 정은 멀어만 가게 될 것이다. 그 다음에는? 그 다음에는 더 생각하기조차 무서웠다.닭의 울음 소리에 따라 날은 자꾸만 밝아온다. 바라보니 어느덧 창은 희끄스름하게 비친다. 아다다는 더 누워 있을 수가 없었다. 옆에 누운 남편을 지그시 팔로 밀어 보았다. 그러나 움찍하지도 않는다. 그래도 못 믿기는 무엇이 있는 듯이 남편의 코에다 가까이 귀를 가져다대고 숨소리를 엿들었다.
씨근씨근 아직도 잠은 분명히 깨지 않고 있다. 아다다는 슬그머니 이불 속을 새어나왔다. 그리고 실겅 위에 석유통을 휩쓸어 그 속에다 손을 넣었다.
그리하여 마침내 지전 뭉치를 더듬어서 손에 쥐고는 조심조심 발자국 소리를 죽여 가며 살그머니 문을 열고 부엌으로 내려갔다.
그리고는, 일찍이 아침을 지어 먹고 나무새기를 뽑으러 간다고 바구니를 끼고 바닷가로 나섰다. 아무도 보지 못하게 깊은 물 속에다 그 돈을 던져 버리자는 것이다.솟아오르는 아침 햇발을 받아 붉게 물들며 잔뜩 밀린 조수는 거품을 부걱부걱 토하며 바람결조차 철썩철썩 해안을 부딪친다.
아다다는 바구니를 내려놓고 허리춤 속에서 지전 뭉치를 쥐어들었다. 그리고는 몇 겹이나 쌌는지 알 수 없는 헝겊 조각을 둘둘 풀었다. 헤집으니 1원짜리, 5원짜리, 10원짜리 무수한 관 쓴 영감들이 나를 박대해서는 아니 된다는 듯이 모두들 마주 바라본다. 그러나, 아다다는 너 같은 것을 버리는 데는 아무런 미련도 없다는 듯이 넘노는 물결 위에다 휙 내어 뿌렸다. 세찬 바닷바람에 채인 지전은 바람결 좇아 공중으로 올라가 팔랑팔랑 허공에서 재주를 넘어가며 산산이 헤어져, 멀리, 그리고, 가깝게 하나씩 하나씩 물 위에 떨어져서는 넘노는 물결 좇아 잠겼다 떴다 소꾸막질을 한다.
어서 물 속으로 가라앉든지. 그러니 않으면 흘러 내려가든지 했으면 하고 아다다는 멀거니 서서 기다리나 너저분하게 물 위를 덮은 지전 조각들은 차마 주인의 품을 떠나기가 싫은 듯이 잠겨 버렸는가 하면, 다시 기웃거리며 솟아올라서는 물 위를 빙글빙글 돈다.
하더니, 썰물이 잡히자부터야 할 수 없는 듯이 슬금슬금 밑이 떨어져 흐르기 시작한다.
아다다는 상쾌하기 그지없었다. 밀려 내려가는 무수한 그 지전 조각들은, 자기의 온갖 불행을 모두 거두어 가지고 다시 돌아올 길이 없는 끝없는 한 바다로 내려갈 것을 생각할 때 아다다는 춤이라도 출 듯이 기꺼웠다.
그러나, 그 돈이 완전히 눈앞에 보이지 않게 흘러 내려가기까지에는 아직도 몇 분 동안을 요하여야 할 것인데, 뒤에서 허덕거리는 발자국 소리가 들리기에 돌아다보니 뜻밖에도 수롱이가 헐떡이며 달려오는 것이 아닌가.“야! 야! 아다다야! 너 돈 돈 안 건 새핸? 돈 돈 말이야 돈……?”
청천의 벽력 같은 소리였다.
아다다는 어쩔 줄을 모르고 남편이 이까지 이르기 전에 어서어서 물결은 휩쓸려 돈을 모두 거둬가지고 흘러 버렸으면 하나, 물결은 안타깝게도 그닐 그닐 한가히 돈을 이끌고 흐를 뿐, 아다다는 그 돈이 어서 자기의 눈앞에서 자취를 감추어 버리는 것을 보기 위하여 그닐 거리고 있는 돈 위에 쏘아 박은 눈을 떼지 못하고 쩔쩔매는 사이, 마침내 달려오게 된 수롱의 눈에도 필경 그 돈은 띄고야 말았다.
뜻밖에도 바다 가운데 무수하게 지전 조각이 널려서 앞서거니, 뒤서거니, 둥둥 떠내려가는 것을 본 수롱이는 아다다에게 그 연유를 물을 겨를도 없이 미친 듯이 옷을 훨훨 벗고 첨버덩 물 속으로 뛰어들었다.
그러나 헤엄을 칠 줄 모르는 수롱이는 돈이 엉키어 도는 한복판으로 들어갈 수가 없었다. 겨우 가슴 패기까지 잠기는 깊이에서 더 들어가지 못하고 흘러 내려가는 돈 더미를 안타깝게도 바라보며 허우적 허우적 달려갔다. 차츰 물결은 휩쓸려 떠내려가는 속력은 빨라진다. 돈들은 수롱이 더러 어디 달려와 보라는 듯이 휙휙 소꾸막질을 하며 흐른다. 그러나, 물결이 세어질수록 더욱 걸음발은 자유로 놀릴 수가 없게 된다. 더 퍽더퍽 물과 싸움이나 하듯 엎어졌다가는 이러서고 일어섰다가는 다시 엎어지며 달려가 나 따를 길이 없다. 그대로 덤비다가는 몸조차 물속으로 휩쓸려 들어갈 것 같아, 멀거니 서서 바라보니 벌써 지전 조각들은 가물가물하고 물거품인지 지전인지도 분간할 수 없으리만치 먼 거리에서 흐르고 있다. 그러나, 그것도 한 순간이었다. 눈앞에는 아무것도 보여지는 것이 없다. 휙휙 하고 밀려 내려가는 거품진 물결뿐이다.수롱이는, 마지막으로 돈을 잃고 말았다고 아는 정도의 물결 위에 쏘아진 눈을 돌릴 길이 없이 정신 빠진 사람처럼 그냥 그냥 바라보고 섰더니, 쏜살같이 언덕켠으로 달려오자 아무런 말도 없이, 벌벌 떨고 섰는 아다다의 중동을 사정없이 발길로 제겼다.
 “흥앗!”
 소리가 났다고 아는 순간, 철썩 하고 감탕이 사방으로 튀자 보니 벌써 아다다는 해안의 감탕판에 등을 지고 쓰러져 있다.
 “이 - 이 - 이…….”
 수롱이는 무슨 말인지를 하려고는 하나, 너무도 기에 차서 말이 되지를 않는 듯 입만 너불거리다가 아다다가 움찍하는 것을 보더니 아직도 살았느냐는 듯이 번개같이 쫓아내려가 다시 한 번 발길로 제겼다.
 “푹!”
 하는 소리와 같이 아다다는 가꿉선 언덕을 떨어져 덜덜덜 굴러서 물 속에 잠긴다.
 한참 만에 보니 아다다는 복판도 한복판으로 밀려가서 솟구어 오르며 두 팔을 물 밖으로 허우적거린다. 그러나, 그 깊은 파도 속을 어떻게 헤어나랴! 아다다는 그저 물 위를 둘레둘레 굴며 요동을 칠 뿐, 그러나, 그것도 한 순간이었다. 어느덧 그 자체는 물 속에 사라지고 만다.
주먹을 부르쥔 채 우상같이 서서 굽실거리는 물결만 그저 뚫어져라 쏘아보고 섰는 수롱이는 그 물 속에 영원히 잠들려는 아다다를 못 잊어 함인가?
그러지 않으면 흘러버린 그 돈이 차마 아까워서인가?
짝을 찾아 도는 갈매기 떼들은 눈물겨운 처참한 인생 비극이 여기에 일어난 줄도 모르고 ‘끼약 끼약’ 하며 흥겨운 춤에 훨훨 날아다니는 깃 치는 소리와 같이 해안의 풍경만 도웁고 있다.수롱이는, 마지막으로 돈을 잃고 말았다고 아는 정도의 물결 위에 쏘아진 눈을 돌릴 길이 없이 정신 빠진 사람처럼 그냥 그냥 바라보고 섰더니, 쏜살같이 언덕켠으로 달려오자 아무런 말도 없이, 벌벌 떨고 섰는 아다다의 중동을 사정없이 발길로 제겼다.
“흥앗!”
소리가 났다고 아는 순간, 철썩 하고 감탕이 사방으로 튀자 보니 벌써 아다다는 해안의 감탕판에 등을 지고 쓰러져 있다.
“이 - 이 - 이…….”
수롱이는 무슨 말인지를 하려고는 하나, 너무도 기에 차서 말이 되지를 않는 듯 입만 너불거리다가 아다다가 움찍하는 것을 보더니 아직도 살았느냐는 듯이 번개같이 쫓아내려가 다시 한 번 발길로 제겼다.
“푹!”
하는 소리와 같이 아다다는 가꿉선 언덕을 떨어져 덜덜덜 굴러서 물 속에 잠긴다.
한참 만에 보니 아다다는 복판도 한복판으로 밀려가서 솟구어 오르며 두 팔을 물 밖으로 허우적거린다. 그러나, 그 깊은 파도 속을 어떻게 헤어나랴! 아다다는 그저 물 위를 둘레둘레 굴며 요동을 칠 뿐, 그러나, 그것도 한 순간이었다. 어느덧 그 자체는 물 속에 사라지고 만다.
주먹을 부르쥔 채 우상같이 서서 굽실거리는 물결만 그저 뚫어져라 쏘아보고 섰는 수롱이는 그 물 속에 영원히 잠들려는 아다다를 못 잊어 함인가?
그러지 않으면 흘러버린 그 돈이 차마 아까워서인가?","안녕하세요! 요청하신 소설 **<백치 아다다> 4화**의 내용을 친절하게 요약해 드릴게요.

이 내용은 주인공 아다다가 돈으로 인해 겪게 되는 비극적인 결말을 담고 있어 매우 슬프고 강렬한 장면입니다.

---

### [소설 '백치 아다다' 4화 요약]

**1. 아다다의 불안과 결단**
아다다는 남편 수롱과 누리는 현재의 행복이 '돈' 때문에 깨어질까 봐 깊은 불안감에 시달립니다. 돈이 생기면 남편의 마음이 변하고 결국 불행이 찾아올 것이라 예감한 아다다는, 차라리 돈을 없애버리는 것이 행복을 지키는 길이라고 생각합니다.

**2. 돈을 바다에 던지다**
결국 아다다는 모두가 잠든 새벽, 몰래 돈뭉치를 챙겨 바닷가로 나갑니다. 그녀는 돈이 파도에 휩쓸려 멀리 사라지는 것을 보며, 자신의 불행도 함께 떠내려가기를 바라며 해방감을 느낍니다.

**3. 수롱의 등장과 분노**
하지만 그 순간, 돈의 행방을 쫓던 남편 수롱이 나타납니다. 수롱은 바다 위로 흩뿌려진 돈을 발견하고는, 헤엄을 못 치는 상황에서 돈을 잡지 못하자 극심한 허탈감과 분노에 휩싸입니다.

**4. 비극적인 결말**
이성을 잃은 수롱은 돈을 버린 아다다를 향해 무차별적인 폭행을 가합니다. 수롱의 발길질에 밀려 아다다는 언덕 아래 바다로 굴러떨어지게 되고, 거친 파도 속에서 허우적거리다 결국 차가운 바다 속으로 영원히 사라지고 맙니다.

**5. 허망한 뒷모습**
아다다가 목숨을 잃은 후, 수롱은 그녀를 잃은 슬픔인지 아니면 잃어버린 돈에 대한 미련인지 모를 허망한 상태로 텅 빈 바다만을 바라보며 서 있습니다. 이 참혹한 비극 뒤로 갈매기들이 노니는 해안의 풍경은 대조적으로 평화롭게 그려지며 비극성을 더합니다.

---

**요약 한 줄 평:** 
돈이 가져올 불행을 막기 위해 돈을 버리려 했던 아다다가, 오히려 돈에 눈이 먼 남편의 폭력으로 인해 목숨을 잃게 되는 처절한 비극을 다루고 있습니다.

내용이 도움이 되었기를 바랍니다. 더 궁금한 점이 있으면 언제든 말씀해 주세요! 😊"
며느리 1화,"1
“얘들아, 오늘은 좀 어떨 것 같으냐?”
부엌에서 인기척이 나기만 하면 박 과부는 자리 속에서 이렇게 허공을 대고 물어보는 것이 이 봄 이래로 버릇처럼 되어 있다.
어떨 것 같으냐는 것은 물론 날이 좀 끄무레해졌느냐는 뜻이다. 다른 날도 아닌 바로 한식날 시작을 한 객쩍은 비가 이틀이나 줄기차게 쏟아진 이후로는 복이 내일 모레라는 데 소나기 한 줄기 않던 것이다. 이러다가는 못 자리판에서 이삭이 날 지경이다.
여느 해 같으면 지금 한창 이듬매기다, 피사리다, 매미충이 생겼느니 어쩌니 할 판인데 중답들도 아직 모를 내어볼 염량도 못하고 있다.
밭도 그대로 퍽 묵어 자빠졌다. 오이다, 열무다, 목화다, 제철 찾아 심기는 했으나 워낙 내리쪼이기만 하니까 싹이 트다 말고 모두 시들어버린다.“하늘은 방 귀두 안 뀌구 오줌두 안 눌라구? 설마 망종까지야 한 보지락하겠지.”
이 설마가 사람을 죽이는 것이다. 망종이 지나고 하지가 되어도 거짓말처럼 비 한 방울 하지 않는다.
설마를 믿고 호미모를 냈던 사람들도 물을 대다 대다 지쳐서 나자빠지고 말았다.
“아니 그래, 이런 놈의 하늘이 있단 말인가? 7년 가뭄에 비 안 오는 날 없다 더구먼서두 이건 그런 빗방울 한 번 두 하질 않으니.”
농군들은 어처구니가 없어했다.
“그눔의 원자탄인가 뭔가 때문에 천지 조화가 생겼다더니 아마 그게 정말인 모양이지? 그렇잖구서야 요렇게 흐려보지도 못할 수가 있담!""
단오도 휙 지나갔다.
그래도 죽네 사네 하면서도 단오절이면 인조견 나부랭이라도 떨치는 아이들이 보이고, 누가 서둘러서 던지 동구 밖 느티나무에 그네라도 매었으련만 아이들이 끙게도 없는 새끼줄 그네를 버드나무 가지에 매고 싸움 박질을 할 뿐이다.
그 네고 자시고 할 경황이 없는 모양이다.
달걀 노른자위처럼 삼배출짜리로만 속 뽑아 차지한 구장네 빼어놓고는 논묵히지 않은 사람이 없다. 한식 때 한 번 젖어본 채로 가랑비 한 번 오지 않았고 보니 논바닥이 아니라 그대로 타작 마당처럼 굳었다. 하불하 네댓 보지락은 와야만 모라고 내어볼 형편이다.“다들 굶어 죽었군! 굶어 죽었어! 아마 인제 우리 나라에 떼 정승이 날려나부다!”
굶어죽기란 정승 하기보다도 어렵다는 말을 빌려 하는 소리다.
물길만 믿고 모를 냈던 논들도 요새는 물 퍼대기에 온 집안이 논두렁 잠을 자지 않으면 안 되었다.
누가 내 배 다 치랴 싶게 거드름을 피우던 구장까지가 요새는 아들이 갖다준 군대 우장을 뒤집어쓰고 저녁이면 논으로 나간다.
이런 판국이니 온 동리 사람들이 다 고르고 난 찌꺽지만 얻어 차지한 박과부네야 더 할 것도 없다. 순조로워야 마석이나 얻어먹는 너 마지기가 그대로 쩍 갈라진 채 나자빠져 있던 것이다.
작년 일 년 내 박 과부는 두 며느리에 지금은 무남독녀처럼 되어버린 복녀까지를 끌고 다니며 극성을 부려서 퇴비를 천 관 가까이나 장만했었다. 그래서 장려상까지 탔지마는 박 과부의 욕심은 금년에는 아랫배미 두 마지기에서는 양석을 한번 내어보자던 뱃심이었던 것이다.
그것이 양석은커녕 꽂아보지도 못하게 되었고 보니 기가 찰밖에는 없다.
하는 수 없이 메밀이라도 뿌려둔다고 군대에 가서 있는 둘째 아들 창수가 지난 정월 달에 벗어던지고 간 군대 잠바에다 돈도 삼백환이나 얹어주고 서메밀 씨를 구해다 놓기는 했으나 아직도 초복 전인지라 미련이 있어서 심지를 않고 아침이면 이렇게 며느리들보고 그날 일기를 물어보는 것이다.2 그러나 박 과부가 새벽마다 며느리들한테 그날 일기를 묻는 데는 또한 딴 이유가 있다. 그날의 날씨도 날씨지만 며느리들의 대답으로 그날 며느리들의 마음속을 점쳐 보기 위해서다. 박 과부는 아직도 쉰을 둘 넘었을 뿐이요, 자리잡아 드러누워 있는 병자도 아니다. 해가 뜨도록 질펀하니 드러누워 있는 그런 성미도 못 된다.
그러고 보니 눈이 뜨이는 길로 문을 활짝 열어젖히고 하늘을 치어다볼 수도 있건만 반드시 두 며느리한테 그날 일기를 묻는 것은 며느리들의 대답 소리로 그날 며느리의 기분을 살피자는 수단인 것이다.
“얘들아, 오늘은 좀 어떨 것 같으냐?”
하는 소리는 비가 옴직하냐는 소리도 되거니와,
“얘들아, 너희들 기분이 어떠냐?”
하는 질문과도 같다.
“안개만 자옥해요!”
라든가 또,
“틀렸나 봐요!”
또는,
“빈커녕 눈 두 안 오겠어요!”
이런 대답 내용으로도 며느리들의 그날 일기가 짐작이 되었지만 말소리로도 며느리들이 부어 있는지, 신푸녕해하는지, 기분이 가라앉았는지가 짐작이 간다.
먼저 부엌에 나온 것이 어떤 며느리인가를 알기 위한 방법도 된다. 원래 따지자면 작은 며느리가 먼저 일어나 나와야 한다. 그러나 매양 먼저 대답하는 것은 큰며느리다.
작은 며느리가 먼저 일어나와야 할 계제인데 그것이 나중 나오면,
‘아니, 저것이 또 딴 생각을 하는 것이나 아닌가?’
이런 걱정이 앞서고, 큰 며느리가 먼저 나오는 것을 보면 박 과부는 한편,
‘그래두 낫살 더 먹은 것이 낫구나.’
이런 생각이 들어 큰며느리가 의젓해 보이다가도 또 한편으로는,
‘아니, 큰 것이 먼저 나온 걸 보면 간밤 또 잠을 못 잔 게 아닌가? 쓸쓸한 자리 속에 질펀히 들어 있기가 싫으니까 뛰쳐나오는지도 모르리 ─’
이런 불안이 또 머리를 들고 일어선다.그렇다고 박 과부가 수다스러운 사람이래서만도 아니다. 남편이 왜정 때 징용으로 일본 야하다 제철소에 끌려갔다가 기계에 치여 죽은 지 십 년이다. 이 십 년간의 중년 과부 생활이 자연 박 과부를 거세게 만들었고, 다 심하게만 했지만 두 며느리한테 신경을 쓰는 것은 반드시 그의 성격 때문만은 아닌 것이, 두 며느리가 다 요새 와서 마음이 들뜬 것처럼 보여지기 시작한 것이다.
큰며느리는 시어머니와 같은 신세였고, 둘째는 남편이 있기는 하지만 생과부다. 작은 아들 창수는 결혼한 지 석 달 만에 군대에 끌려가서 벌써 삼 년째나 되는 것이다. 이 달에는 풀린다, 새달에는 풀린다, 편지만 오다 또 꿩 구워 먹은 수작이었고, 부양 책임이 있는 집 자식은 곧 제대를 시킨다는 구장 말만 듣고 면소에도 몇 번이나 쫓아갔었다.아버지도 없는 두 자식 중에 큰아들 창선이는 휴전이 되기 바로 직전에 전사를 했고, 둘째 아들 창수가 군대에 갔고 보니 그런 법이 생겼다면 응당 창수만은 돌아와야 하느니라 했던 것이다.
그러나 그것도 말뿐이지 또 흐지부지하고 말았다.
진정서를 내면 된다는 바람에 삼백환이나 들여서 대서를 시켰더니 반장,
구장, 면장의 증명이 없다 해서 무효가 되었다던 것이다.
그래서 또 몇 달째 미적미적 밀려오고 있다.
큰며느리라야 이제 겨우 스물여섯이고 보니 그야말로 청상과부다. 창선이가 전사했다는 소문이 돌자 동리 사람들은,
“글쎄, 창선이 댁이 붙어 있을까? 자식이 있다고는 하지만 그깐 계집애 하나 ─”
이렇게 은근히 걱정을 했었다.","안녕하세요! 요청하신 소설 <며느리> 1화의 내용을 친절하게 요약해 드릴게요. 😊

---

### 📖 소설 <며느리> 1화 요약

**1. 배경: 지독한 가뭄이 덮친 마을**
소설은 비가 오지 않아 마을 전체가 큰 시련을 겪고 있는 상황에서 시작됩니다. 한식 이후로 소나기 한 줄기 내리지 않는 극심한 가뭄 때문에 농작물은 시들어 가고, 농민들은 타들어 가는 논바닥을 보며 절망하고 있습니다. 마을 사람들은 굶어 죽을지도 모른다는 공포와 막막함 속에 살아가고 있습니다.

**2. 박 과부의 습관: 날씨를 묻는 진짜 이유**
이 마을에는 강인한 성격의 '박 과부'가 살고 있습니다. 그녀는 매일 아침 부엌에 나온 두 며느리에게 ""오늘은 날씨가 어떨 것 같으냐?""라고 묻는 습관이 있습니다. 하지만 이는 단순히 날씨를 궁금해해서가 아닙니다. 며느리들의 대답과 목소리 톤을 통해 **그들의 기분과 마음 상태를 살피려는 박 과부만의 섬세한 배려이자 방법**입니다.

**3. 가족의 비극적인 상황**
박 과부의 가족은 전쟁과 가난으로 인해 깊은 상처를 안고 있습니다.
* **큰며느리:** 전쟁 직전 전사한 큰아들(창선)의 아내로, 겨우 스물여섯 살의 어린 나이에 홀로 남겨진 '청상과부'입니다.
* **작은며느리:** 군대에 간 둘째 아들(창수)을 기다리며 남편 없이 지내는 '생과부' 신세입니다. 둘째 아들이 제대하기를 간절히 바라며 서류 절차를 밟아보기도 했지만, 뜻대로 되지 않아 애를 태우고 있습니다.

**4. 핵심 요약**
이 글은 **지독한 가뭄이라는 외부적 시련**과 **전쟁으로 인해 가족을 잃거나 떨어져 살아야 하는 내부적 아픔**을 동시에 보여줍니다. 박 과부는 강인한 모습 뒤에, 상처 입은 두 며느리의 마음을 보살피려는 애틋한 모성애와 관심을 가진 인물로 그려지고 있습니다.

---

내용이 이해에 도움이 되었을까요? 더 궁금한 점이 있으면 언제든 말씀해 주세요! 🌸"
며느리 2화,"동리 사람뿐만 아니라 박 과부도 그랬다. 아이가 삽삽하고 붙임성도 있고,
워낙 가난한 집에 태어나서 고생을 하고 자란 터라 속도 틔었다지만 나이 이십에 뭣이 미진해서 이런 집에 붙어 있으랴 했다.
‘저것이 머슴애이기나 했더라면 ─’
박 과부는 손녀를 바라보면서 몇 번이나 이렇게 한탄을 했었다. 아들이었더라면 혹시 그것한테나 마음을 붙이고 붙어 있을지도 모른다 싶었던 것이다.
그래서 장사랍시고 지낸 지 한 두어 달쯤 되어서던가 한번 박 과부가 선손을 써본 적도 있다.
“얘, 애 어미야, 너 기나긴 청춘을 어떻게 저것만 바라구 살 수 있겠느냐. 나야 네가 저것한테라두 맘을 붙이고 있기를 바라지만 어디 너한테야─”
이렇게 며느리의 마음을 떠보려니까 며느리는 펄쩍 뛰었었다.
“아니 어머니두, 망측한 말씀을 하시네요! 아마 어머니가 제가 싫어지셨나 봐. 암만 싫다셔두 이 집에서 단 한 발자국 두 나가질 않을 테니 그런 줄 아셔요, 어머니.”
이렇게 나글나글 웃기까지 했었다.
그런 큰 며느리였다.
그래도 말은 그랬지만 어디 그러랴 했다.
그러나 한결같은 며느리였다. 아니 제 남편이 살았을 때보다도 더 자상했다.
“이것 어머니나 잡수셔요. 전 많이 먹구 왔어요.”
유가족 위안회에 초대를 받고 여주 읍내에 갔다 온 며느리는 거기서 주더라는 도시락을 고스란히 싸들고 왔었다. 박 과부는 정말인 줄 알고 그 도시락을 둘째 며느리하고 나누어 먹고 말았더니 후에 밖에서 듣고 나니 그것 하나 주고 말았다던 것이다.
그런 며느리였다.그렇던 며느리가 작년 가을부터 확실히 눈치가 좀 달라진 것이다.
박 과부는 자기가 보낸 십 년 동안을 생각해보고는,
‘젊디젊은 것이 사내 생각도 나겠지 ─’
이렇게 너그러이 보아주기로 했었지만 올 봄 접어들면서부터는 전에 없던 퉁명도 생겼고, 어떤 때는 팩하고 맞서려고도 든다. 한식철만 지나면 농가에서는 눈이 핑핑 돌아간다. 볍씨도 담가야 했고, 못자리판도 마련해야 했고, 온갖 밭곡식도 파종을 해야 했다. 보리밭도 매고 거름도 주어야 했다.
이렇게 한창 달구치는 판에 떡 친정에를 다녀온다고 나서는 며느리기도 했다.
박 과부는 하도 어이가 없어서,
“얘야, 네가 정신이 있는 사람이냐? 그래 봄에 온 사둔은 꼴 두 보기 싫다는데 이 바쁜 철에 사둔 집엘 간다구 나서? 네가 맘이 변해 두 이만저만 변한 게 아니로구나!”그 말을 듣고 나니 방순이는 찔리는 데가 있다. 어려서부터 농가에서 자랐기도 하지만 하루하루 곡식 커가는 데 여간 재미를 붙이던 방순이가 아니다.
시집을 오던 해다. 창선이가 철도 아닌 봄 학질을 앓았었다. 골이 쪼개지는 것 같다고 하며 머리에 물수건을 대어달라던 것이다.
방순이는 물동이를 이고 한데 우물로 찬물을 길러 간 것이 아무리 기다려도 오지 않는다.
얼마 만에야 들어온 며느리를 보고 박 과부가,
“넌 우물을 팠느냐?”
하고 물으니까,
“밭에 좀 들러 왔어요.”
“병자 위해서 물 길러 간 사람이 밭엔 웬 밭?”
“외가 싹이 났나 해서요, 간밤 꿈엔 안 났겠지요?”
“그래 싹이 났던?”
박 과부도 대견해서 웃었었다. 농갓집 맏며느리는 저래야 하느니라 했던 것이다.
“요만콤 뽀쪽이 나왔어요, 어머님! 어떻게나 귀엽던지 똑 따 주고 싶겠지요!”
“너 그러다가 네 남편한테 외싹이 더 중하냐구 쫓겨날라.”
고마워서 한 소리였다.
“쫓아내면 쫓겨가지요 뭐, 어디 가면 외싹 없을라구요.”
“저런 망할 것, 그래 남편보다 두 외싹이 더 대단하다는 거야?”
하고 창선이가 방에서 소리를 쳤을 때도,
“남편 없이는 살겠어두 곡식 기르는 맛 없인 못 살아요!”
이런 방순이었었다.
이렇던 며느리가 이 바쁜 봄철에 친정에를 가겠노라는 것이다.
“오냐, 네 맘 내키는 대루 해라만서두 ─”
하고 박 과부는 앵동그라졌다.
“아마 봄철에 친정 간다는 사람은 세상을 발칵 뒤집어두 너밖엔 없을 거다! 네가 다 날 업수이 여기구 하는 수작인 줄 나두 안다. 할 대로 해!”아들이 아직 살아 있었을 때의 박 과부는 며느리를 들볶아대는 시어미는 아니었지만 아직 젊은 과부였더니만큼 그렇게 녹록한 시어머니도 아니었었다. 자식이 며느리 방에 들어간다고 트집을 잡아 죽네 사네 나대기까지는 않았어도 며느리 방에서 나오는 아들을 보는 눈은 어느 때 한번 모질지 않은 때가 없었다.
그러나 자식이 덜컥 죽고 난 다음부터는 자기도 모르게 큰 며느리를 바라다보는 눈은 달라졌었고, 말소리에도 가시가 돋지는 않았었다.
“그래, 정말 가겠다는 거냐? 어서 가봐라. 가서 아주 올 것 없다! 지금이 어느 철인데 사둔 집엘 간다는 거야!”
아들이 죽은 후로 이렇게 며느리한테 모진 소리를 하기도 처음이었거니와 며느리 또한 시어머니의 뜻을 무시하기도 그것이 처음이었다.
“어디 사둔집인가요? 친정집이지요! 누가 오래 나 있겠답니까? 하두 꿈자리가 뒤숭숭하니까 잠깐 다녀만 오겠다구 그러지 않아요!”
“오냐, 맘대루 해! 말리잖을 테니 맘대루 하란 말야. 언젠 네가 어른을 어른으루 알았더냐? 시어미 대접을 했구?”
이런 말다툼을 하고서도 며느리는 기어코 어린 것을 끌고 저의 집에를 갔다 왔던 것이다.
생각더니 보다는 일찍 돌아왔었다. 그러나 날짜가 문제가 아니다. 가지 말라는 데 갔다는 사실이 문제였다.고부간 사이에 틈이 벌기 시작한 것도 이때부터다. 며느리가 시어미 말을 거역했다는 이 엄연한 사실이 박 과부의 의혹을 샀었고, 그렇게 보고 나면 그럴 만한 일이 없는 것도 아니다. 올 정월달에도 집에를 갔다 왔는데 또 간다는 것도 우습거니와, 요 한 보름 전에는 육촌 오라버니인가 뭔가 된다는 젊은 아이가 다녀갔고 편지도 두 번이나 왔었다.
전에 없던 일이었다.
박 과부는 그 육촌 오라비라는 사나이가 심상치 않으니라 한 것이다. 치마에 바람이 나게 나대어도 미처 손이 안 돌아갈 봄철에 일손을 쥔 채 맥 놓고서 섰기가 일쑤다. 밭을 매다가도 그랬다. 절구질을 하다가도 그랬었다. 그럴 때마다 박 과부는,
“얘야! 넌 절 구질을 하다 말구서 뭘 그리 섰는 거야!”
하고 쏘아붙일라치면 제라서 질겁을 해서 다시 일손을 잡지만 그때뿐이었다.
“넌 아무래두 탈이 난 사람인가 부다. 일하던 사람이 일엔 정신이 없구 뭔 생각에 팔리는 거냐?”
“……”
“그럴 마련이면 아주 요정을 내자, 너 갈 데 있건 가구.”
“……”
어느 뉘 집 개가 짖느냐는 투다.
그러면 박 과부는 속이 왈칵 뒤집혀지고 말던 것이다.
“복녀야, 너 네 큰 형이 혹 보따리를 싸는가 잘 보살펴라.”
장터에 나가지 않으면 안 될 때는 박 과부는 딸한테 슬며시 귀띔도 한다.
여인네만 살고 있는 터고 보니 사내처럼 나돌아야 할 일도 많던 것이다.
“왜, 어머니?”
“글쎄, 잘 챙겨보란 말이다. 너 두구 봐라. 네 큰 형은 맘이 변했어, 인제 제집으루 간다구 내댈 께니 두구 봐.”
“설마!”
하고 아직 열다섯밖에 안 된 복녀한테는 믿어지지가 않았다.
“설마가 뭐야, 잘 살펴봐?”
박 과부는 이렇게 장담도 했지마는 역시 나이를 먹으니만큼 짐작도 빨랐다. 큰며느리 방순이는 첫 정월에 친정에를 다녀온 뒤부터 시집을 떠날 궁리만 해오고 있던 것이다.
이 이상 혼자는 견디기가 어려웠었다.3방순이가 기어코 이 집을 나가리라는 결심을 마지막으로 한 것은 단오날 저녁이었다. 방순이는 저번에 육촌 오라버니라고 시어머니한테 거짓말을 한 춘근이와 그런 약속까지 되어 있었던 것이다. 단오에는 친정에 다녀서 오마하고 그 길로 곧장 영등포로 오라던 것이다.
방순이도 그러마 했었다.
춘근이와는 어려서부터 잘 알던 사이다. 방순이가 국민학교를 졸업했을 때는 춘근이는 서울 상업학교 고등과 1학년이었다. 어려서는 서로 욕지거리도 하던 사이였지만 커갈수록에 길에서 마주치면 외면도 했고, 방순이가 이성이라는 것에 눈을 뜨기 시작했을 무렵 춘근이는 서울 여학생과 결혼을 하고 말았다.
물론 춘근이와 그런 약속을 한 적도 없고, 서로 손 한 번 만져본 일도 없기는 했지만 방순이는 꼭 속아 넘어간 것만 같았다. 말하자면 방순이가 짝사랑을 한 셈이었다.
방순이가 열여덟 살 때 일이다.
그 뒤 방순이는 아버지가 시키는 대로 창선이와 결혼을 했고, 춘근이의 이름조차도 잊고 살아왔었다.
그 춘근이를 지난 정월 집에 갔다가 우연히도 만났던 것이다. 춘근이는 아내한테 아이가 없어서 늘 불만이란 이야기는 전에도 들었었지만 지난 겨울에 아주 헤어지고 말았다는 것이다.
영등포에서는 자동차 부속품 장사를 조그맣게 차려가지고 먹을 것은 걱정이 없다고도 했다.","안녕하세요! 요청하신 소설 <며느리> 2화의 내용을 친절하게 요약해 드릴게요. 😊

---

### 📖 소설 <며느리> 2화 요약

이 내용은 남편을 잃은 후, 예전과는 사뭇 달라진 며느리 **'방순이'**와 이를 의심하며 불안해하는 시어머니 **'박 과부'** 사이의 갈등과 방순이의 비밀스러운 계획을 다루고 있습니다.

**1. 변해버린 며느리, 방순이**
과거의 방순이는 매우 살갑고 일 잘하는 맏며느리였습니다. 남편(창선)이 살아있을 때보다 죽은 후에도 시어머니를 지극정성으로 모시며 농사일에도 열심이었죠. 하지만 작년 가을부터 방순이의 태도가 눈에 띄게 달라지기 시작합니다. 예전의 상냥함은 사라지고 퉁명스러워졌으며, 시어머니의 말에 맞서기도 합니다.

**2. 고부간의 갈등의 시작**
갈등은 농사일이 가장 바쁜 봄철, 방순이가 친정에 가겠다고 고집을 피우면서 폭발합니다. 농가에서 가장 중요한 시기에 집을 비우겠다는 방순이의 행동에 박 과부는 크게 실망하고 모진 말을 내뱉으며, 두 사람 사이에는 깊은 감정의 골이 생깁니다.

**3. 시어머니의 의심과 춘근의 등장**
박 과부는 방순이가 예전 같지 않은 이유가 '다른 사내' 때문이라고 의심합니다. 실제로 최근 '육촌 오라버니'라는 젊은 사내가 방순이를 찾아오고 편지도 두 번이나 왔기 때문입니다. 방순이는 일하는 도중에도 멍하니 딴생각에 잠기기 일쑤였고, 박 과부는 며느리가 조만간 집을 떠날 것이라는 직감을 하게 됩니다.

**4. 방순이의 비밀과 과거의 인연**
사실 방순이가 시어머니에게 '육촌 오라버니'라고 말한 남자는 과거 방순이가 짝사랑했던 **'춘근'**이었습니다. 어린 시절부터 알고 지냈던 춘근은 현재 서울(영등포)에서 작은 장사를 하며 혼자가 된 상태입니다. 방순이는 이번 단오날 친정에 다녀오는 길에 춘근과 약속한 대로 그를 만나기 위해 영등포로 떠나기로 결심합니다.

---

**💡 요약 포인트:**
* **주제:** 남편의 죽음 이후 변화한 며느리의 심리와 과거의 첫사랑(춘근)을 향한 탈출 계획.
* **핵심 갈등:** 농사일과 가문을 중시하는 시어머니 vs 개인의 삶과 과거의 감정을 찾아 떠나려는 며느리.

내용이 이해에 도움이 되었기를 바랍니다! 더 궁금한 점이 있으면 언제든 말씀해 주세요. 🌸"
며느리 3화,"바로 보름날 밤이었다. 춘근 누이동생 춘자도 친정에 와 있어서 방순이는 오래간만에 코를 같이 흘리던 동무와 함께 동리 처녀 애들과 팔뚝 맞기 화투 장난을 하고 있었다. 거기에 춘근이가 들어오면서,
“나두 한몫 끼자꾸나.”
이렇게 달려들었었다.
“아니 오빠두, 남 여자들 노는데 남자 양반이 왜 뛰어들까?”
하고 춘자는 나무라면서도 자리를 마련해 준다. 방순이도 맞았고 춘근이가 맞기도 했다. 세 번째인가 방순이가 졌을 때다. 춘근이는 방순이의 손을 쥐는 것이 아니라 사뭇 잡던 것이다. 은근한 이야기를 하듯 손에다 힘을 자그시 주면서,
“울면 안 돼요! 지금까진 사정을 봤지만 아까 방순이가 날 몹시 때렸으니까 나두 사정을 안 볼 테야, 골 내지 않지요?”
춘근이는 이런 소리를 했다. 그런 이야기를 하는 동안 방순이의 손가락이 아플 만큼 춘근의 손아귀에는 힘이 주어진다.
방순이의 손을 잡는 기쁨을 연장하기 위해서였던지도 모른다.
방순이도 어쩐 일인지 그것이 싫지가 않았다.
아니 싫기는 고사하고 호젓한 행복에 잠겨지는 것 같은 기쁨이 느껴지는 것이었다.
“걱정 마세요!”
“정말?”
“그럼요, 춘자 오빠쯤한테 맞아선 아프지 않아요!”
방순이도 이 행복된 ─ 남편이 출정한 뒤로 그리우고 살아온 남자의 살결에서 풍기는 황홀한 체취에 잠기는 기쁨을 연장시키고 싶어졌었다.
춘근이한테 맞는 매도 행복일 것만 같다.
살짝 보다도 호되게 맞고 싶다.
이것이 인연이 되었다. 남편을 잃은 후로 막은 물처럼 괴었던 남성에게 대한 정열이 터진 물처럼 춘근이를 향하여 쏟아져갔다. 둘은 살짝 두 번이나 만났다. 춘근이는 방순이한테 모든 것을 요구도 했다. 방순이도 그럴 생각이었다. 그러고 싶기도 했었다. 다만 갈 데까지 못 간 것은 그럴 기회와 장소가 없었을 따름이었다.“방순이, 내 얘기 들었지?”
“들었어요.”
“그럼 나하구 서울로 가자구. 서루 모를 사이 두 아니구.”
“춘자 오빠야 얼마든지 색시 장갈 갈 수 있을 텐데 뭘 그래요?”
“색시 장가? 그런 것 비린내 나는 것들보다 난 방순이가 좋아, 다 인연이야. 원랜 방순이와 혼인을 했었어야 했을 겐데 사주가 바뀌었던가 봐. 그래노니까 방순인 그렇게 됐구, 난 또 이렇게 된 거야. 사람이란 다 연때가 맞아야 하는 게지.”
“아인?”
“떼두고 와요!”
그 짓만은 못할 것 같았다. 그러나 그것도 처음뿐이었다.
정도 들었지만 춘근이한테까지 남의 씨를 끌고 다닐 수는 없다 싶었던 것이다.
“지금서 얘기지만 나 방순이하구 결혼하구 싶었다오. 결혼을 하구서 두 방순일 늘 생각했었어. 정말 방순인 이런 구석에서 썩기가 아까운 사람야.”
“괜시리 그러지 뭐.”
“괜시리가 다 뭐야, 방순이가 화장이나 하구 옷이나 쪽 빼보라구. 서울 장 안에서 두 방순이 인물 당할 여자라군 몇 안 돼요!”
춘근이는 이런 소리도 했었다.친정 어머니는 그런 속도 모르고 걸핏하면 춘근이 욕을 한다. 펑펑 댄다는 것이다. 거짓말도 곧잘 하는 눈치라기도 했었다.
“그 사람 말은 콩으루 메줄 쑨대두 도시 곧 이들리지 않더라. 그저 저 혼자 잘났다지!”
어머니의 이런 험담까지도 귀에 거슬리게쯤 된 방순이었다. 그래도 친정에서 시집으로 돌아왔을 때는 방순이의 머리도 좀 식었었다.
‘안 될 말이지! 말이 되나!’
이렇게 저 자신의 허벅다리를 꼬집기도 했고, 그런 생각이 들 때마다 어린 딸을 품안에다 바짝 끌어다가 얼굴을 비벼대기도 했었다.
‘안 되구 말구! 우리 불쌍한 애길 두구서 어떻게! 내가 환장을 했나봐!’
그러나 이러한 뉘우침도 사나이에게서 풍기던 살 내가 한번 코로 스며들기 시작만 하면 걷잡을 수가 없이 되는 방순이었다. 오랫동안 주리며 살아온 살내였다. 한복 중이었건만 가슴 한구석에서 찬바람이 일기 시작만 하면 내장을 그대로 휩쓸어가는 것 같다. 몸이 비비 뒤틀리며 목 안이 타온다. 그럴 때면 아이고 뭣이고 다 내어 던져버릴 수 있을 것 같아지는 것이다.
‘그까짓 계집애. 제 자식의 씬데 어련히 잘 기를라구!’방순이를 이런 애욕의 함정 속에다 잡아넣은 데는 또한 작은 며느리 분녀가 한몫을 보아준 것은 사실이다.
작은 며느리는 나이 스물셋이었다. 얼굴이 동그스름한 것이 이쁘다기보다는 귀여운 얼굴이다. 이 분녀는 그래도 일년에 한두 번씩은 사내가 다녀가 건만 작년 초가을부터 살짝이 자리에서 빠져나가고는 한다.
똑똑히는 몰라도 짐작건대 구장 집 작은 아들인 성싶었다. 서울 가서 대학을 다닌다고 논 팔아라, 밭 팔아라 하더니만 구장도 더 댈 수가 없던지 불러내렸다. 하는 일도 없이 빈들거리면서 구장 일을 대신 보기도 한다.
그런 위인이었다.
분녀가 빠져나갔다가 돌아온 이튿날 아침에 볼라치면 얼굴이 밤 사이에 불콰해진 것도 같다. 생기까지 돌았다.
“자네 오늘 아침엔 아주 얼굴에 화기가 도네나. 뭐 좋은 일이 있을려나보지?”
차마 간밤에 좋은 일이 있었느냐고 할 수가 없어서 이렇게 말할라치면 동서는 얼굴이 홍당무가 되면서도,
“행!”
역시 기쁜 모양이었다.
얄미운 생각도 없지 않았다. 아직도 나이 어린 것이 착살맞게도 사내한테 바치는 꼴이 곧 쥐어박고도 싶다. 그렇다고 그런 이야기를 시어머니한테 토설할 수도 없다.
“자네 어딜 갔다 오나?”
한번은 참다 못해서 들어오는 동서를 나무란 일도 있다.
“설사병 땜에 큰일났어요!”
‘요 앙큼한 것!’
곧 이런 소리가 나가는 것을 꾹 참았다. 디딤돌 뒷간이고 보니 그런 앙큼한 거짓말도 못하련만 사내에 눈이 어두워지면 그런 분간도 안 가는지 모른다 싶다.이 동서가 구장 집 작은 아들을 만나고 오는 동안이란 방순이한테는 정말 견딜 수 없는 시간이었다. 괘씸한 생각, 얄밉고 착살 맞은 생각 ─ 이런 증오의 감정도 감정이려니와 젊은 사나이의 품안에 안기어 숨을 할딱일 동서를 상상할 때 방순이는 일종 회오리바람 속에 휘갑을 당하던 것이다.
견디기 어려운 고통의 순간이었다. 참기 어려운 격정이기도 했었다.
‘동세 년이 저쫀데 나 꺼정 가버려?’
이런 생각을 할 때는 방순이도 제정신으로 돌아간 때다.
그러나 그런 반성이란 역시 의지였다. 생리는 아니다.4초복을 지난 지 사흘째 되는 날 밤 방순이는 드디어 결심을 했다. 그 전전날 춘근이 한테서 편지가 왔던 것이다. 시어머니란 까막눈인지라 편지를 본대도 무슨 그림인지도 모르겠지만, 시누이는 그래도 국민학교 3학년까지는 다닌 터라 그럭저럭 뜯어볼 줄은 알아 은근히 마음을 졸이었지만, 그날은 마침 들깨밭을 매고 있는데 학교에 갔다 오던 동네 아이가 우체부가 주더라면서 편지 한 장을 주던 것이다.
마침 시어머니는 둑 너머 고추밭에 내려가고 없었다.
6월 유두날 새벽 장수리 버스 정거장으로 나오라는 것이다.
“… 오라비 유두날 여주 올라간다. 한번 만나고 싶다마는 만날 길이 없구나. 기별 할 것이 있거든 네가 그리로 나오든지 사람을 내어 보내든지 해라…”
이런 사연이 무슨 뜻인지 방순이는 잘 알고 있다. 나올 때는 아무것도 생각 말고 입은 채로 살짝 나오라는 말은 전부터 해오던 부탁이다.
사실 또 헌 털벵이를 들고 나갔자 서울 바닥에 가서 걸칠 만한 것도 못 된다. 저녁을 먹고 동서가 복녀와 목말을 하러 간다고 나간 틈에 인조견 치마 두 개와 적삼 한 개를 뚜르르 말아서 장 뒤에다 숨겨놓고 빠져나갈 궁리만 하고 있다. 장수리라면 친정 가는 길과 정반대 길인지라 들킨다 해도 잡힐 염려는 없다. 춘근이가 그런 데까지 머리를 쓴 것이 고마웠다.","안녕하세요! 요청하신 소설 《며느리》 3화의 내용을 핵심 위주로 친절하게 요약해 드릴게요.

---

### [소설 내용 요약]

이 내용은 주인공 **방순이**가 억눌러왔던 여성으로서의 욕망과 현실(어머니, 아이, 사회적 시선) 사이에서 격렬하게 갈등하다가, 결국 사랑을 찾아 떠나기로 결심하는 과정을 담고 있습니다.

**1. 춘근과의 만남과 피어나는 욕망**
방순이는 남편을 잃은 후 오랫동안 남성에 대한 그리움과 욕망을 억누르며 살아왔습니다. 그러던 중 춘근이라는 남자가 나타나 방순이에게 은근한 스킨십을 하며 유혹합니다. 방순이는 처음에는 당혹스러워하지만, 이내 춘근에게서 느껴지는 남자의 체취와 온기에 매료되어 그와 비밀스러운 만남을 이어가게 됩니다.

**2. 춘근의 제안과 방순이의 내적 갈등**
춘근은 방순이에게 ""서울로 함께 가자""며 파격적인 제안을 합니다. 방순이는 어린 딸을 두고 떠날 수 없다는 죄책감과 도덕적 양심 때문에 스스로를 다잡으려 애쓰지만, 한 번 깨어난 육체적 욕망과 감정은 의지만으로는 통제할 수 없을 만큼 강렬하게 휘몰아칩니다.

**3. 동서 분녀를 보며 느끼는 자극**
방순이의 갈등은 동서인 '분녀'의 행동을 보며 더욱 심화됩니다. 분녀가 마을 사내와 몰래 만남을 가지며 생기를 되찾는 모습을 보며, 방순이는 질투와 함께 자신 또한 억눌린 욕망으로부터 자유로워지고 싶다는 격정적인 감정을 느낍니다.

**4. 탈출을 위한 결심**
결국 춘근으로부터 ""유두날 장수리 버스 정거장으로 나오라""는 은밀한 편지를 받은 방순이는 결단을 내립니다. 그녀는 들키지 않기 위해 몰래 옷가지들을 챙겨 숨겨두며, 춘근을 만나 서울로 떠날 준비를 마칩니다.

---

**요약 포인트:** 
이 장은 **'억눌린 본능 vs 도덕적 책임'** 사이의 치열한 심리 묘사가 특징이며, 방순이가 수동적인 삶에서 벗어나 자신의 욕망을 선택하며 탈출을 준비하는 긴박한 전환점을 보여주고 있습니다.

도움이 되셨기를 바랍니다! 더 궁금한 점이 있으면 언제든 말씀해 주세요. 😊"
며느리 4화,"이제 남은 일이란 과부 시어머니에 어린 자식까지 내어 던지고 도망을 하는 자기 자신의 행동을 합리화시키는 일 뿐이다.
‘그런 시어머니 하구 ─’
방순이는 이렇게 트집을 잡아본다. 전에는 흉이 아니었지만, 사실 남편이 있을 때는 뭐니 뭐니 트집을 잡아서 들볶기도 한 시어머니라 했다. 과부치고서는 심한 시어머니도 아니었지만 지금 방순이는 지난날 남편이 살았을 동안 가끔 가다가 들 거울러 넘기던 심한 시어머니만을 기억에 살려보는 것이다. 아들이 좀 일찌감치 아내 방으로 들어가는 것을 보면 심통이 나서 뭐다 뭐다 자꾸만 불러내던 것이다. 아들도 그런 어머니의 마음속을 들여다보던지라 곧잘 말을 듣다가도 어떤 때는,
“머리가 아파서 그래요! 좀 내버려둬 줘요!”
하고 퉁명을 부리기도 했다.
그러면 과부 어머니는 봉당에 털썩 주저앉아서는 푸념을 해대던 것이다.
한번은,
“너 이놈, 네 계집만 아느냐!”
하고 여편네 역성을 한다고 머리를 끄어들고 주먹으로 아들의 등을 펑펑 팬일도 있다.
‘그런 시어머니 밑에서 어떻게…’
방순이는 이렇게 자기를 합리화시켜간다.
‘시뉘년이란 것도 그렇지! 여우처럼 눈치만 살살 보구, 있는 말 없는 말고 자질이나…’
하다가 방순이는 멈칫 했다. 몸이 달아서 시누이까지 끌고 들어가 보려 했지만 아무리 따져 보아도 시누이는 그런 시누이가 아니다. 아직 나이 어려도 오라범 댁을 불쌍하게 여기었고, 조카도 귀여워했고 먹을 것이 생겨도,
“언니 좀 먹어요. 먹어야 젖이 나지!”
이런 시누이였다.
‘죄로 가지! 그 시뉠 모함하다니 ─’
정말 궁했다. 아무리 시어머니를 몹쓸 시어미로 몰아보아도 그랬고, 시뉘를 끌고 들어가 보아도 어린 자식에 과부 시어머니를 두고 사내 꽁무니를 따라가는 자기를 떳떳하게 만들어줄 구실은 없었던 것이다.
이렇게 궁지에 빠진 방순이를 건져준 구실이 나섰다.방순이는 눈이 버언했다. 가난이었다! 거기다가 삼십 년째 처음 볼 가뭄이라는 것이다.
‘뭘 먹구 살아?’
사실 작년은 흉년도 아니었건만 겨우내 죽으로 살다시피 했었다. 봄은 더 말할 것도 없다. 질경이 죽이 끽이었다.
‘지겨워! 난 그런 배 곯군 못 살아! 내가 나가면 나 한 입이라두 덜어주는 셈이지! 사람 한 입이 얼마라구. 나 하나 없어두 그깐 농사 질 게구…’
정말 살 길을 찾기나 한 것처럼 눈앞이 훤해 온다.
‘그래야지! 내가 한 입이라두 덜어주어야지, 서울 가서 돈푼이라두 만지면 얼마씩이라두 보내주지. 그게 더 잘하는 일이지. 진순이년한테만 해두 그렇지, 죽두 못 얻어먹는데 어미가 나가면 그래두 한 입이 주는 셈이구,
거기다 또 돈푼이나 보태준다면 ─’
사실 방순이는 자기 행동을 싸고 돌려서가 아니라 호미모도 못 꽂은 채 나자빠져 있는 논바닥들이 눈앞에 서언했다. 밭곡도 새들새들 말라가고 있었고, 오늘만 해도 땡볕만 내리쪼이어 나뭇잎까지도 후줄근했던 것이다.
어려서부터 곡식과 함께 살아온 방순이다.
어른들한테서 듣고 보고 해서 이기도 하지만 가뭄에 타 죽어가는 곡식을 보는 것은 정말 자기 자신이 말라 들어가는 것 같은 고통이기도 했다.
사실 비가 푸근히 와서 곡식들이 거무데데하게 부쩍부쩍 자란다면 모든 것을 잊을 수 있었을지도 모른다 싶다.
그러고 또 곡식들이 그렇게 자라기 시작하면 그런 잡념이 생길 틈이 없었을 것이다.
들에 나가보면 논은 묵어 자빠졌고, 수수다, 조다, 심지어 그것도 입에 넣는 곡식이라고 옥수수까지 잎이 새들거린다. 날로 날로 말라 비틀어지는 곡식 잎을 보니 사람도 그대로 시드는 것만 같았다.
아니 곡식 시들고 농군이 살찐 일도 없다.
“옛날 같았으면 만주 이민으루나 나선다지, 인제 다 굶어 죽었다. 하늘도 인종이 너무 많으니까 좀 인종을 줄이자는 거야.”
노인들이 하늘을 쳐다보고 하던 소리들이다.방순이는 잘 생각했으니까, 하면서도 역시 한편으로는 달아난 뒤에 동리 여편네들이 주고받을 욕지거리를 생각만 해도 진땀이 솟는다. 무섭기까지 하다.
“그런 화냥년, 아무리 사내가 그립기루니 늙은 과부 시어미에 어린 자식까지 내던지구 ─”
이런 소리가 곧 귓전에서 난다.
그러면 방순이는 또 흉년을 내세운다. 이 흉년에 이렇게 살아야 하느냐 했다. 방순이는 또 같은 말을 되풀이한다.
‘진순한 테두 그래 어미가 있어 굶기기보다는 하다못해서 옷 한 가지씩을 해 보낸 대두 ─’
벌써 구실이 아니었다. 그것이 도리일 것만 같다.
‘시어머니두 그러길 바랄지 두 모르지 않나. 한 달에 단돈 몇 푼씩만이라두 보태주면…’이런 결심이 선 것은 첫닭이 호들갑을 떨며 울어댈 무렵이었다. 간밤에 두 살짝 빠져나갔다가 들어온 동서는,
“내가 무슨 걱정, 내 팔자를 봐요!”
하는 듯이 네 활개를 펴고 잠이 들어 있었다.
방순이는 죽은 듯이 자리에 들어 있었다. 닭이 두 홰만 울면 빠져나갈 생각이었다.
시간이 가지 않는 것이 안타깝다. 조바심까지 난다. 장차 저지르려는 일에 대한 공포에 사로잡혀 있으면서도 진땀이 자꾸만 흐른다. 마치 무더운 날씨 같다.
그러다가 깜박 잠이 들고 말았다. 잠시라도 눈을 붙이잔 것이다.꿈이었다. 벼락치는 소리가 요란하다. 번개도 났다. 대낮처럼 밝아지더니만 또 ‘꽈르르 꽈르르’ 어디를 내려 조진다. 무서운 비였다. 아니 비가 아니라 사뭇 폭포다.
“에이구, 잘 쏟아진다. 며칠이든지 나려 퍼부어라.”
꿈속에서도 방순이는 이렇게 부르짖었다. 춤이라도 추고 싶었다. 와지 끈와지끈 벼락소리가 그치지 않는다. 세상을 다 깨어 두드려 부수어도 좋으니라 했다. 세상이 반쪽이 되더라도 비만 오라 했다. 그러다가 방순이는 눈이 번쩍 뜨였다. 꿈속에서 들은 벼락소리와 빗소리는 아직도 그의 귀에 남아 있었다. 아니 아직도 와지끈거리고 비가 폭포처럼 내리 퍼붓고 있다.
‘빨리 달아나자!’
꿈이건 생시이건 지금의 방순이한테는 큰 문제가 아니다. 그저 빠져나갈 궁리밖에 없었다.방순은 눈을 뜨면서 벌떡 일어나서 장 밑을 더듬었다. 손에 잡히는 것은 보퉁이다. 보퉁이를 잡은 방순은 정신이 얼떨떨해졌다. 꿈인지 생시인지도 구별이 나지 않는다. 아직도 비가 퍼붓고 있었다. 벼락소리도 마찬가지다. 번개도 치고 있었다.
 ‘꿈이다!’ 하고 방순은 멍청했다.
 ‘아니다! 생시다!’
꿈도 같았고 생시도 같았다.
‘꿈인가?’
‘생신가?’
또 한번 어리둥절하고 나서야 방순이는 그것이 꿈이 아닌 것을 확인할 수 있었다. 역시 생시였다. 빗소리가 우레 같다. 추녀 물이 아니라 물을 쏟는 소리다.
역시 생시였다. 무서운 비였다. 그것이 꿈이 아니고 생시요, 쏟아지는 것이 비라는 것을 깨달은 순간이었다. 방순이는 저도 모르게 ─ 정말 자기 자신도 모를 동안에 문을 활짝 열어젖히었다. 역시 비였다. 번갯불이 확 일며 또 ‘꽈르르’ 한다.
“비가 온다!”
문을 열어젖힌 순간 방순의 입에서는 이런 고함 소리가 터져 나왔다. 무서운 환희였다. 그리고 같은 순간에 그는 보퉁이를 내동댕이치면서 봉당으로 뛰어내렸었다.
“어머님, 비가 와요! 비가!”
“어!”
하고 박 과부가 고쟁이 바람으로 뛰어나오기까지에 방순이는 아직도 세상 모르고 잠을 자는 동서를 대고 같은 소리를 되풀이하고 있었다.
“여보게, 비가 오네, 어서 일나!”
박 과부도 고쟁이 바람으로 어쩔 줄을 모른다.
“어머님, 웃다랭이 물길을 타야 하잖아요!”
“암 타야지! 타야 말구, 젠장, 사람이 있나!”
“우리 네 식구 다 달라붙음 안 돼요? 자네두 어서 챙기게.”
방순이는 버스 정거장도 잊고 방으로 뛰어들고 있었다.
마침 쏟아지는 빗줄기를 헤치고 먼동도 터오고 있다.방순은 눈을 뜨면서 벌떡 일어나서 장 밑을 더듬었다. 손에 잡히는 것은 보퉁이다. 보퉁이를 잡은 방순은 정신이 얼떨떨해졌다. 꿈인지 생시인지도 구별이 나지 않는다. 아직도 비가 퍼붓고 있었다. 벼락소리도 마찬가지다. 번개도 치고 있었다.
‘꿈이다!’ 하고 방순은 멍청했다.
‘아니다! 생시다!’
꿈도 같았고 생시도 같았다.
‘꿈인가?’
‘생신가?’
또 한번 어리둥절하고 나서야 방순이는 그것이 꿈이 아닌 것을 확인할 수 있었다. 역시 생시였다. 빗소리가 우레 같다. 추녀 물이 아니라 물을 쏟는 소리다.
역시 생시였다. 무서운 비였다. 그것이 꿈이 아니고 생시요, 쏟아지는 것이 비라는 것을 깨달은 순간이었다. 방순이는 저도 모르게 ─ 정말 자기 자신도 모를 동안에 문을 활짝 열어젖히었다. 역시 비였다. 번갯불이 확 일며 또 ‘꽈르르’ 한다.
“비가 온다!”
문을 열어젖힌 순간 방순의 입에서는 이런 고함 소리가 터져 나왔다. 무서운 환희였다. 그리고 같은 순간에 그는 보퉁이를 내동댕이치면서 봉당으로 뛰어내렸었다.
“어머님, 비가 와요! 비가!”
“어!”
하고 박 과부가 고쟁이 바람으로 뛰어나오기까지에 방순이는 아직도 세상 모르고 잠을 자는 동서를 대고 같은 소리를 되풀이하고 있었다.
“여보게, 비가 오네, 어서 일나!”
박 과부도 고쟁이 바람으로 어쩔 줄을 모른다.
“어머님, 웃다랭이 물길을 타야 하잖아요!”
“암 타야지! 타야 말구, 젠장, 사람이 있나!”
“우리 네 식구 다 달라붙음 안 돼요? 자네두 어서 챙기게.”
방순이는 버스 정거장도 잊고 방으로 뛰어들고 있었다.","안녕하세요! 요청하신 소설 <며느리> 4화의 내용을 친절하게 요약해 드릴게요.

---

### [소설 '며느리' 4화 요약]

**1. 방순이의 갈등과 자기합리화**
주인공 방순이는 가난과 극심한 가뭄을 이기지 못해, 과부 시어머니와 어린 자식을 두고 서울로 도망치려는 계획을 세우고 있습니다. 그녀는 자신의 행동에 죄책감을 느끼지 않기 위해 시어머니를 탓해 보기도 하고, 시누이를 원망해 보려 하지만 결국 시누이마저 착하다는 사실을 깨닫고 마음의 갈등을 겪습니다.

**2. 도망의 명분: 가난과 가뭄**
방순이는 결국 '가족을 버리는 것'이 아니라, '서울에 가서 돈을 벌어와 가족을 돕기 위한 것'이라는 명분을 만들어 스스로를 합리화합니다. 30년 만의 극심한 가뭄으로 곡식들이 말라 죽어가는 처참한 광경을 보며, 그녀는 이 절망적인 상황에서 벗어나야 한다는 생각에 사로잡혀 새벽에 떠날 준비를 합니다.

**3. 반전의 순간: 기적 같은 폭우**
도망칠 생각에 불안과 공포를 느끼며 잠이 들었던 방순이는, 꿈속에서 들리는 엄청난 벼락과 빗소리에 놀라 잠에서 깨어납니다. 처음에는 꿈인 줄 알았으나, 그것은 꿈이 아닌 실제로 쏟아지는 엄청난 폭우였습니다.

**4. 결심의 변화**
가뭄을 해소해 줄 축복 같은 비가 내리자, 방순이는 도망가려던 보따리를 내던져 버립니다. 그녀는 서울로 떠나려던 계획을 잊은 채, 환희에 찬 목소리로 시어머니를 부르며 가족들과 함께 논밭으로 달려 나갑니다.

---

**요약 한 줄 평:** 
가족을 버리고 떠나려던 방순이가 극심한 가뭄을 해소해 주는 기적 같은 폭우를 만나, 도망치려던 마음을 접고 다시 가족과 함께 삶의 터전으로 돌아가는 극적인 장면을 담고 있습니다.

도움이 되셨기를 바랍니다! 더 궁금한 점이 있으면 언제든 말씀해 주세요. 😊"
죄와벌 1화,"﻿ 1

경관이 쏜 피스톨에 범인인 교회지기가 쓰러지자 관중석에서는 벌써 의자 젖혀지는 소리가 요란했다. 그러나 화면은 아직도 계속되고 있다. 신부로 분장한 몽고메리 크리프트가 천천히 걸어가서 쓰러진 범인을 받쳐들고 관중의 시야 속으로 부쩍부쩍 다가올 때는 관중석에서는 어시장 그대로의 혼잡이 벌어지고 있다. 아직 이회 관중들이 반도 빠져나가지 못했는데 삼 회권 가진 사람들이 출입구를 막은 것이다. 빨리 나가라는 듯이 벨이 요란스럽게 울어 대고 있다. 십분간이라는 휴식 시간도 있고 하니 길을 텄으면 순 조 로우 련만 출입구를 막고는 서로 입심만 세우고들 있다.
""나갈 사람이 다 나가거든 들어오너라!""
""길을 틔워라! 바보 같은 자식들아!""
""내밀어라, 내밀어!""「나는 고백한다」라는 영화가 끝날 무렵의 S극장 이층의 광경이었다. 특별 요금까지 받는 영화를 감상하러 온 서울의 지성인들이 연출하고 있는 장면 이었다. 뚫고 들어온 사람은 제자리를 찾느라고 또 법석이다.
이 마치 됫박 속의 메뚜기들처럼 쑤알거리는 이층 한복판에 흡사 입상 이기나 한 것처럼 움직일 줄 모르는 한 검은 그림자는 먼데서 보아도 분명 신부다. 신부로 분장한 성격 배우 몽고메리의 그 처절한 표정에서 아직 완전히 해방이 되지 못한 관중의 눈에도 아직도 「나는 고백한다」가 계속되고 있는 것 같은 착각을 일으키게 했다. 사실 화면과 실제의 구별이 안 갔다.
가까이서만 보았다면 이층 신부 복장의 사나이의 표정도 몽고메리 못지않게 심각한 것이었을지도 모른다.이윽고 신부는 움직였다. 이 동작이 또 보는 사람으로 하여금 착각을 일으키게 한다. 정말 영화 속의 신부인지 관객석의 실재한 신부인지 분간 키가 어렵다. 몽고메리가 무죄 언도를 받고 석방이 되어 재판소 문 밖을 나왔을 때의 군중의 흥분하던 그 장면과도 비슷했던 것이다.
""으으음! ""인지 ""으으응""인지 분간키는 어려웠으나 정녕 이와 비슷한 신음 소리가 몽고메리가 아닌 실재의 신부 복장의 사나이 입에서 흘러나오고 있다. 신부는 늘씬한 키에 나이도 사십 가까이는 되어 보인다. 입구가 풀리자 신부 복장의 사나이도 군중 틈에 끼여서 문께로 밀려나가고 있었다. 아직도 화면에 미련이나 있는 듯 두어 번이나 스크린 쪽을 돌아보기도 한  다.이윽고 신부 복장의 사나이도 밖에까지 나왔다. 밖에 나오면 대개가 옆 도안 돌아보고 휭하니 자기 갈 길을 가는 법이건만 신부복의 사나이는 그렇지가 않았다. 선전판에 붙은 사진들을 어린아이들처럼 바라다보기도 하고, 높다랗게 붙은 간판 그림을 올려다보기도 한다. 선전 간판에 그려져 있는 그림은 신부로 분장한 몽고메리 크리프트가 우람스러운 벽과 벽 사이를 처적 처적 걸어가고 있는 뒷모습이었다. 범죄자가 교회지기라는 것을 알고 있으면서도 성직에 있는 신부의 몸으로서 '살인 강도’라는 어마어마한, 아니 추잡한 죄명을 써야만 하는 몽고메리였다. 그럴 것이 그는 천주의 대변인인고 해신 부로서 신도의 고명을 들은 것이었다. 그는 범하지 않은 죄를 스스로 져야만 했고 성덕을 닦았다는 몸으로서 교수대에 서야만 했다. 그러나 몽고메리가 자기의 살인죄를 부정 못하는 것은 교회지기가 살인에 사용했던 피 묻은 신부복이 자기 의장 속에서 나왔대서만은 아니다. 오직 그 자신이 고 해신 부였기 때문이었다. 신도로부터 고해를 받는다는 것은 인간 대 인간 의한 접촉이 아니라 천주를 대신하여서였다. 고해성사는 천주의 정하신 바인 것이다. 천주의 이름으로써, 천주의 성총으로써 죄를 사해주는 것이다. 천주께서는 한 번 사하신 바 있는 불행한 인간의 죄를 두 번 묻지 않으신다. 고해 신부가 고해받은 신도의 죄를 입밖에 낸다는 것은 천주께서 사하신 바 있는 죄를 두 번 벌하게 되는 것이요, 이러한 고해신부의 파계는 곧 천 주 전능을 범하는 대죄이기 때문이다. 신부 역인 이 몽고메리와 함께 신과 인간의 틈서리에 끼여 몸부림쳐온 신부 복장의 사나이한테는 몽고메리의 뒷모습에서 그의 초인간적인 그 처절한 고뇌의 표정을 샅샅이 읽을 수 있던 것이다.""으흠!""
신음 소리가 신부복의 사나이 입에서 또 한번 흘러나오고 있다. 겨우 그는 간판 앞을 떠나서 큰 거리로 발을 옮기는 것이었다. 거리는 이미 어둡기 시작하고 있었다. 덜 익은 밀감 빛깔의 가로등이 어둠 속에 풍선처럼 떠 있다. 늦가을을 지나 초겨울에 접어든 날씨치고는 푹 한 편이었지만 앙상해진 가로수에서 오는 시각은 역시 찼다. 이따금 제법 찬 바람이 한 차례씩 분수를 떨고 지나간다. 그럴 때마다 신부복의 사나이는 그 껑충한 목을 움츠리고 양쪽 어깨를 추썩인다. 흡사 오한이 오는 사람 같아 보인다. 혹 한 기가 드는지도 몰랐다.
사나이는 네거리를 바른쪽으로 꺾어 퇴계로 침침한 거리로 접어든다. 서울의 심장부라면서 숫제 어둡다. 거기에 검정 복색이라 하지만 칼라만 아니면  존재조차도 선명치 않을 그런 어둠의 거리였다. 거기에 걸음새가 또한 어 두운 거리에는 제격이었다. 고개를 비어 꽂은 기다란 몸체가 뒤에서 보면 사뭇 능청댄다. 거기에 또 긴 옷자락이 너펄대어 히질대는 인상까지 준다.
가끔 자동차의 불빛이 그의 전신을 어둠 위에 부각시켜 준다. 영화 「 나는 고백한 다 」 를 본 사람이면 누구나 이때의 장면을 스크린의 화면과 착각을 했을 것이다.
""으으응!""
또 한번 검은 그림자 상부에서 이런 신음 소리가 들린다. 그리고 잇 대어 이런 기구 소리가 들렸었다.
""주여! 이 몸을 구하소서!""","안녕하세요! 요청하신 소설 내용을 읽고, 그 분위기와 핵심 내용을 정성껏 요약해 드릴게요. 😊

---

### 📖 소설 요약

이 소설의 도입부는 영화 **「나는 고백한다」**가 상영된 직후, 서울의 한 극장(S극장)에서 쏟아져 나오는 관객들의 혼란스러운 풍경으로 시작됩니다. 

**1. 영화와 현실의 경계**
영화 속에서는 신부로 분장한 배우 몽고메리 크리프트가 범인을 붙잡는 처절한 장면이 펼쳐지고, 극장 안은 영화의 여운과 관객들의 움직임으로 매우 어수선합니다. 이때 관객들 사이에서 마치 영화 속 인물이 튀어나온 듯, 신부 복장을 한 한 남자가 유독 눈에 띄게 서 있습니다.

**2. 영화의 주제와 신부의 고뇌**
영화의 내용은 신의 대변인으로서 인간의 죄를 사해주는 '고해성사'의 신성함과, 그 과정에서 겪게 되는 성직자의 피할 수 없는 고뇌를 다루고 있습니다. 영화 속 주인공은 신의 이름으로 죄를 사해주는 존재이기에, 그가 겪는 고통은 단순히 개인의 문제를 넘어 신과 인간 사이의 무게를 담고 있습니다.

**3. 고뇌에 찬 남자의 등장**
영화관을 나온 신부 복장의 남자는 영화 속 주인공의 처절한 표정과 고뇌에 깊이 몰입해 있는 듯 보입니다. 그는 영화관을 나와 어두운 서울의 거리(퇴계로)를 홀로 걷기 시작합니다. 차가운 밤공기 속에서 그는 마치 오한을 느끼는 사람처럼 몸을 떨며, 끊임없이 신음 소리를 내뱉습니다.

**4. 결말의 암시**
어둠이 깔린 서울의 거리에서 혼자 걷던 남자는 결국 깊은 내면의 고통을 이기지 못하고 **""주여! 이 몸을 구하소서!""**라고 외치며, 그가 겪고 있는 정신적·영적 고통이 매우 극심함을 보여주며 이야기가 전개됩니다.

---

**💡 요약 포인트:**
이 글은 영화 속 메시지(성직자의 고뇌와 죄)가 실제 신부 복장을 한 한 남자의 삶과 심리에 어떻게 투영되어 있는지를 보여줍니다. 영화라는 가상 세계와 남자의 현실 세계가 겹쳐지며, 한 인간이 느끼는 처절한 고독과 신을 향한 절규를 밀도 있게 그려내고 있습니다.

도움이 되셨기를 바랍니다! 더 궁금한 점이 있으면 언제든 말씀해 주세요. 🌸"
죄와벌 2화,"2 그렇다. 이 검은 옷의 사나이는 역시 신부였다. 뒤늦게 교문을 두드린 수도자도 아니다. 어엿한 태중 교우로 신학교를 거친 신부였다. 원명은 박 진태 였지만 진태란 이름은 어려서 불러보았을 뿐 사십을 바라보는 오늘까지 ' 요셉’으로 통해 오고 있다. 지금은 본당을 떠나서 변두리의 자그마한 성당의 주임신부였지만 강론은 말할 것도 없거니와 교리에도 밝았고, 자기의 소신을 문자로 표현하는 특재가 있어 교우들의 신망도 컸다. 주교님까지가 특히 한 점을 더 놓고 있는 터다. 박 신부의 손에 세례를 받은 사람만 해도 수천으로 헤아릴 수 있고, 그 앞에서 혼배를 한 사람들은 거짓말처럼 모두가 행복하다 하여 교우들 간에는 우상처럼 받들어지는 존재였다. 어려서 한학을 많이 닦기도 했으려니와 특히 역사에 밝았다. 노인 교우들 틈에 가면 노인들과 이야기가 어울렸고, 철학은 신학 수업에서 필수과목처럼 되어 있다지만 문학에도 조예가 깊었고, 그 자신 시작도 취미 삼아 하는 터라 젊은 사람들 앞에 나가서는 또 젊은 사람들과도 호흡이 맞던 것이다. 평생을 불교도 로서 자처한 저 유명한 한 학자인 구봉 선생을 천주교로 개종시킨 공로 자도 이 박 신부였던 것이다.
""박 신부님은 정통하신 어른이셔. 한번 척 보시기만 해두 성찰을 잘 했는지 통회를 했는지, 통회까지만 하구 정개를 않았는지 그냥 꿰뚫으시거든!""
이것이 교우들 간의 박 신부 평이었다.
사실 박 신부는 고명을 받기 전 고해자의 얼굴만 보아도 이 세 절차를 밟은 고해자인지 아닌지를 정확하게 판단을 했던 것이다.연평도에 가서였다. 고 해소가 마련되어 있지 않은 자그마한 성당 이었던지 라 어린 교우들의 고명을 성당 앞 커다란 느티나무 밑에서 받은 적이 있다. 그때 한 소년이 고명을 하러 왔었다. 소년의 고해 사실은 대수롭지는 않은 것이었다. 제 동무인 어떤 소년과 싸우다가 매를 맞은 감정으로 그 아이의 집 그물을 밤에 몰래 가서 한 뼘은 찢었다는 것이었다. 이 고명을 듣고 박 신부는 머리에 손을 얹어 죄를 사하기 전에,
""너는 신부님이 보기엔 통회를 않았다. 통횔 하지 않은 사람한테 정개가 섰을 리 없고 정개 않은 사람이 어떻게 고해를 하러 나왔는가?""
이렇게 꾸짖자 소년은 그 자리에 엎드려 흑흑 느끼어 울었다는 것이다.
이 소문이 교우들 간에 쫙 퍼지고 말았다.
""박 신부님은 고해자의 음성만 들으시고도 그것이 참된 고핸지 모 고해인지 딱 판단을 하신다!""
이쯤 되면 섣불리 박 신부한테 고해를 하러 나갔다가는 큰일이다.
""박 신부님은 관상 두 보시나 보죠!"" 하고 여학생 교우들이 한번 놀린 일이 있었다.
""저런 잡소리.""
""관상은 미신과 달라서 과학이라던데요?""
""관상으루 판단하는 게 아니라 성덕을 잘 닦고 나면 모든 사리가 판단이 되는 법이지. 성덕은 모든 불투명체를 투명케 한다. 그러기에 천주님의 뜻과 가르치심과 판단은 성덕을 닦음으로써만 이루어지는 것이다. 조금도 이상한 일도 아니요 신기한 일도 아니야. 너희들 두 믿음이 크면 다 알게 돼요. 이 믿음이란 교리를 잘 이해하는 데 있지. 고해성사 한 가지만 놓고 본대도 고명이 얼마나 필요한 것이고 신앙생활에 있어서 얼마나 소중하다는 것을 모르게 되면 자연 큰 죄는 숨기고 하잘것없는 과실만 들어서 모 고해로 모 령 성체를 영하게 된단 말야. 그렇지만 모고해가 얼마나 무서운 대죄라 는 걸 깊이깊이 깨닫게 되면 하라고 해도 모고해를 못하게 되는 거야. 모 고해를 했어도 깊이 뉘우치고 총고해를 하기만 하면 천주께서는 또 웃으시면서 아무리 대죄라도 사하신다는 거룩한 뜻을 가지셨느니라.""
하나하나, 그것도 지극히 알기 쉬운 말로 교리를 풀어주는 박 신부 주변에는 남녀노소의 구별이 없이 언제나 교우들이 둘레를 싸고 있었다.이렇듯 경앙의 적이 되어 있기도 하려니와 그 자신도 이만하면 천주의 뜻에 거슬리는 일은 없으리라고 어느 정도 자부하기도 하였던 박 신부한테 무서운 고뇌가 찾아온 것이었다.
어제까지도 교우들의 고명을 받던 박 신부였다. 그리고 천주의 이름을 대신 하여 그들의 죄를 사해주는 위치에 있던 사람이었다. 신부가 고 해소에 선  다는 자체가 벌써 천주의 이름과 몸을 대신한다는 뜻인 것이다. 신부는 천주의 대변인이요, 대리 행사자이기 때문에 사람들은 신부의 발 앞에 꿇어 앉아서 부부간, 형제간, 친부모한테도 토설하지 못한 모든 죄를 고백하는 것이다. 이 고해 신부에 대한 믿음은 곧 천주께 대한 믿음이요, 천주의 성 소를 받 음으로써만 신부가 될 수 있고 또 고명도 받을 수 있다는 것을 믿는 데서 였다.
이 믿음을, 아니 천주께서 마련하시고 예수께서 교시하신 이 거룩한 성사를 저버리는 것보다도 대죄는 없던 것이다. 이 교리를 알기 때문에만, 믿기 때문에만 그들은 신부 앞에 모든 죄를 고명하는 것이었다. 이것을 그 누구보다도 잘 아는 사람이 신부였고 고명을 받은 박 신부 자신이던 것이다.
이 고해 신부인 박 신부가 교우로부터 고명받은 사실을 누설하지 않으면 안 될 함정에 빠지고 만 것이다. 그럴 수는 없었다. 그러면서도 그러지 않을 수도 없는 처지였다.3 사건이 벌어진 것은 아직 늦더위가 채 걷히기 전인 어느 날 아침이었다. 새벽 미사를 올리고 돌아와서 그날 할 일을 메모하고 있는데 문을 두드리는 사람이 있었다. 박 신부는 노크 소리만으로 외래 손님이라는 것을 알았기 때문에,
""들어오십시오.""
대답을 하면서 손이 들어오기를 기다리지 않고 방문을 열어주었던 것이다.
""박 신부님이십니까?""
""네, 그렇습니다만, 누구시던가?""
아는 교우가 아니다. 낯은 선 사람이었지만 교우라고 다 아는 도리도 없는지라 우선 이렇게 교우 대접을 하려니까,
""신부님께 좀 여쭈어 볼 것이 있어서요. 여기 좀 앉으시지요."" 하고 도리어 의자를 권한다. 그때까지도 박 신부는 어느 구의 교우 겠거니 만 싶어 원탁자 위에 어수선히 흩어져 있는 신문 잡지 등 속을 큰 테이블로 옮기고 자리를 잡으며,
""아침 소제도 채 못했습니다. 과히 흉보지 마십시오.""
이렇게 웃으며 하는 말에도 찾아온 청년 신사는 굳어진 얼굴로,""박찬 재 씨와 신부님관 어떻게 되시던가요?""
""박찬재?""
박찬재라는 소리에 신부는 벌써 가슴이 철렁해졌다. 웬일인지 찬재라는 소리를 듣는 순간 이 청년이 경찰 관계 사람이니라 하는 것이 동시에 깨 달아진 것이다.
""박찬재, 내 동생인데요? 누구신데, 왜 그러시나요?""
""아, 그러십니까. 역시 그렇군."" 하고 혼잣말처럼 하더니만,
""나 이런 사람요. 서에서 잠깐 박찬재 씨에 대해서 여쭈어 볼 것이 있어서요. 너무 일찍 이렇게 찾아와 뵈어 죄송합니다.""
""원 천만에.""
말은 이렇게 했지만 유쾌한 기분은 절대로 아니었다. 시간이 이르대 서는 아니다. 이 불의의 방문객이 가진 임무에 대해서였다.
그대로 자기를 찾아왔단대도 유쾌한 일은 아닐지 모르는데 동생인 찬재와의 관련이 된다면 결코 유쾌한 일은 아니니라 싶었기 때문이다.
찬재와 경찰과는 그런 인연도 있을 수 있느니라 싶었다. 그렇지 않아도 늘 불안한 중에 있던 터라 박 신부는 즉각적으로 찬재의 그 무슨 범죄에 대 한 것이니라 깨달아졌다.
""무슨 말씀인지? 뭐 걔한테 무슨 잘못이라두 있었던가요!""
""뭘요! 대단친 않은 일이니까 안심하십시오. 뭐 좀 누구하고 박치길 해서요.""
""아, 그렇습니까.""
우선 죄명이 박치기 정도라는 데서 마음이 후련해진다. 박 신부는 찬재와 경찰과 라면 좀 더 큰 죄명이 아닌가 했던 것이다. 찬재는 그럴 만한 소질을 다분히 가진 청년이었던 것이다.주소, 이름, 나이, 학력 — 이렇게 평범한 것을 묻고 난 형사가,
""평소의 언행은?"" 하는 데서는 박 신부로서도 난처했다. 좌익도 아니요 그렇다고 우익도 아닌 어떤 회색 정치단체에 가담하고 있다는 것도 알고 있었고, 여․야 할 것 없이 지도자들에게 대한 불만으로 '죽일 놈, 살릴 놈’하는 것도 알고 있었지만 그런 말을 할 수도 없거니와 신부의 몸으로서 거짓말을 할 수도 없는 난처한 처지다. 그래서,
""평소라야 집안 일로밖에는 별로 이야기하는 일이 없습니다만, 무엇을 물으시는지 요점을 말씀 하시면… "" ""평소에 정치라든가 정부라든가, 기타 사상적인 언행은 어땠는지요?""
""그런 얘긴 통 못 들었습니다. 내가 만나기만 하면 성당에 나오라고 야단 을 치니까 잘 오지도 않지만.""
이것은 사실이기도 했다.
""그럼 뭐 어디 정치라든가 무슨 단체 같은 덴?""
""그런 것도 없을 겝니다. 그저 아이가 좀 성격이 괄해서 웬만 일엔 참질 못하는 단점이 어려서부터 있긴 해요. 그래서 나하고도 많이 싸웠습니다.""
이밖에도 최근 만난 시일과 장소, 그때의 대화, 교우 관계 — 이런 것을 꼬치꼬치 캐어 물었지만 실상 박 신부도 동생을 만난 지 십여 일이나 되었었고, 그때도 병중에 계신 아버지, 역시 몸이 가볍지 못하신 어머니에 출가 전인 누이 찬숙이, 저희 내외에 어린 것 해서 여섯 식구나 되는 집 살림 이야기밖에는 다른 얘기란 야당 지도자와 여당의 지도자 몇 사람의 이름을 들어 때려 죽이느니 어쩌느니 했지만 그까짓 소리는 늘 하던 소리였고 보니 들추어 말할 이야깃거리도 못 된다.
""그렇습니까. 아침부터 실례했습니다.""
형사는 이렇게 작별 인사를 하고는 구체적인 사건의 내용도, 어느 서라는 것도 밝히지 않고는 '다시 알려주마’하고 돌아가 버렸다. 없었더니 보다야 못하다 해도 그만 정도의 사건인 데 오히려 다행하다 싶다.","안녕하세요! 요청하신 소설 내용을 친절하게 요약해 드릴게요. 😊

이 내용은 신망이 두터운 **박 신부(요셉)**라는 인물의 성품과, 그의 동생과 관련된 예기치 못한 사건의 시작을 다루고 있습니다.

---

### 📖 소설 내용 요약

**1. 존경받는 영적 지도자, 박 신부**
박 신부(본명 박진태, 세례명 요셉)는 신학뿐만 아니라 역사, 문학에도 조예가 깊어 남녀노소 불문하고 교우들의 깊은 신망을 받는 인물입니다. 특히 그는 고해자의 얼굴만 보고도 그가 진심으로 죄를 뉘우치고 있는지(통회와 정개)를 꿰뚫어 본다는 명성을 가지고 있습니다. 그는 이러한 능력이 미신이나 관상이 아니라, 스스로 '성덕'을 닦음으로써 얻어지는 영적인 통찰력이라고 설명합니다.

**2. 갑작스러운 방문과 불안함**
평화로운 어느 날 아침, 한 형사가 박 신부를 찾아옵니다. 형사는 박 신부의 동생인 **'박찬재'**에 대해 묻기 위해 방문했습니다. 동생의 이름이 나오자마자 박 신부는 찬재가 혹시 큰 죄를 지은 것은 아닌지 깊은 불안감에 휩싸입니다.

**3. 동생에 대한 조사와 안도**
형사는 찬재의 평소 언행, 정치적 성향, 사상적 활동 등을 꼬치꼬치 캐묻습니다. 박 신부는 신부로서 거짓을 말할 수 없기에, 동생이 성격이 급하고 불만이 많은 편이라는 점은 인정하면서도, 구체적인 정치적 활동이나 단체 가입에 대해서는 잘 모른다고 답합니다. 다행히 사건이 큰 범죄가 아닌 단순한 '박치기(싸움)' 정도라는 말에 박 신부는 가슴을 쓸어내리며 안도합니다.

**4. 미해결된 의문**
형사는 구체적인 사건 내용이나 어느 경찰서인지 밝히지 않은 채, ""다시 알려주겠다""는 말만 남기고 서둘러 떠납니다. 이로 인해 사건의 실체는 여전히 불분명한 상태로 남게 됩니다.

---

**요약 포인트:** 
이 장은 **영적 권위를 가진 박 신부**라는 인물을 소개함과 동시에, 그의 동생 **박찬재가 연루된 사건**을 통해 앞으로 전개될 갈등과 긴장감을 암시하고 있습니다.

더 궁금한 점이 있거나 다른 도움이 필요하시면 언제든 말씀해 주세요! 🌸"
죄와벌 3화,"'정신 좀 차려야지, 저도…’ 이렇게 마음을 늦추고 방안 정돈을 하는데 찬 숙이가 달려왔다. 간밤 오빠는 들어오지도 않고 새벽처럼 형사 셋이 달려들어서 온 집안을 발칵 뒤집고 수색을 했다는 것이다. 책상은 물론 백여 권이나 되는 책갈피며, 천장, 다락, 심지어 마루청까지 뜯어젖혔고 웬만한 데는 파보기까지 했다는 것이다.
""아니, 내겐 와서 누구하구 박치길 했다구 그러던데?""
""박치기가 뭐야요?""
""들이 받았다는 말이지 뭐냐? 쌈을 한 말투던데? 그래, 뭐라고들 그러던?""
""사람을 죽였단 말만 불쑥 하곤 물어야 대답두 않아요. 집에 드나든 사람의 이름두 싹 적어가구 철 씨 이름은 안 대두 좋은데 어머니가 불쑥 대지 않아요!""
철이란 찬숙과 상애 관계에 있는 젊은 의사였다. 박 신부도 한두 번 만 난 적이 있어 성당에도 나오겠다 했고, 착실해 보이기도 하여 저희들만 좋다면 쯤 생각하고 있던 터지만 이런 판에도,
""철 씨가 뭐 오빠 친군가, 날 찾아온 사람이지."" 하고 되뇌는 것을 듣고 있으려니 인간이란 이렇게도 모든 사고가 자기 본위인가 싶어진다.
""그래, 뭐 가져간 건 없구?""
""서랍 속을 그대로 폭삭 쏟아 갔으니 그 안에 뭐가 들었는지 알 수 있어요. 책 두 대여섯 권 갖구 갔구, 자꾸만 무기를 어디다 감추었는지 대라 잖아요? 하두 으르 딱딱대기에 우리 집안엔 무기가 이것밖에 없다구 방바닥에 굴러 있는 송곳을 집어주었죠. 그랬더니 냉큼 받았다가 홱 팽갤 치겠지.""
누이의 이런 이야기를 듣고서야 박 신부도 단순한 박치기가 아니니라 싶어졌다. 박치기로 살인이 될 수도 있겠지만 단순한 박치기였다면 가택 수색까지는 않았을 것이요, 더욱이 무기 운운할 리가 만무다 싶다.그제서야 사건의 중대성을 깨닫고 박 신부는 분관으로 뛰어가서 신문사에 전화를 걸어보았다. 아는 사람 이름을 대니 없다는 것이다. 그래서 여기는 한 독자인데 새벽에 어디 살인사건이 발생했느냐 물었더니,
""지금 호외가 나갔습니다."" 하고 탁 끊어버린다.
딴 신문사에다 또 걸었더니 그 사에서는 아직 호외를 내는 중인지 두 군데서 전화 받는 소리가 다 들려오고 있다.
""여보시오, 여기는 독 잔데요 ""하기가 무섭게,
""지금 바쁘니 좀 이따가 걸어주시오."" 하고 탁 끊어버린다.
중대한 사건임에 틀림이 없다. 이 중대한 사건의 주인공이 아우 찬재라고 단정하고 나니 오금이 착 접쳐진다. 자세한 내용은 알 수 없었지만 이 사건은 다분히 정치적이란 것, 찬재가 직접 관계자라는 것이며 상대방은 절명이 되었는지도 모른다는 데 귀결이 되자 더 알아볼 용기도 나지 않는다. 수화기를 든 채 그는 그저 우두커니 서서 있기만 했었다.이 박 신부의 추측은 불행하게도 사실에 접근한 것이었다. 전날 밤 통금 직전인 열시 사십분경, 여당의 중요 간부일 뿐만 아니라 재정 운영에 큰 뒷받침을 해주고 있던 삼일제당, 삼일방직, 삼일상사 등 삼일재벌의 주인공인 한 규덕 씨의 침실에 복면을 한 괴한 한 명이 침입, 문소리에 깬 한씨에게 불문 곡직하고 피스톨 두 방을 쏘았다. 한씨가 비명과 함께 쓰러지는 것을 보고는 행방을 감추었다는 것이다. 마침 그날은 한씨의 생일날로 열시 지나기까지 댄스파티가 있었다 하며, 한씨가 침실에 들어간 지 불과 십 분도 못 되어 이런 변괴가 생겼다고도 한다. 문 여닫는 소리를 식모도 들었지만 주인이 변소에 가는 줄로만 알았다는 것이다. 한씨는 생명이 위독하다.
물품에 일체 손을 대지 않은 것으로 보아 순전한 강도 행위가 아니라는 것  이 유력시 되고, 여당의 간부인 만큼 정치적인 배후가 있으리라는 것도 단정할 수 있다고도 했다.
범인은 범행 전 내객을 가장하고 미리 어디에 잠복했다가 기회를 본 것이 분명했다.
사건 발생의 급보를 받고 달려간 경찰대는 유력한 용의자 한 명을 체포 하였으나 수사상 기밀을 보유하기 위하여 성명, 나이, 직업 일체의 발표를 보류하고 있다.
─ 이런 내용이었다.용의자의 이름이 밝혀진 것은 그날 오후였다. 용의자가 박찬재로 박모 신부의 실제라는 것도 발표되었으나 범인은 일체 사실을 부인하고 있어 준 엄한 문초를 계속하는 한편 방증을 얻기에 수사진은 혈안이 되어 있다는 것이다.
그리고 박이 유력한 용의자로서 등장하게 된 중요한 이유는 동 용의자가 한씨 집에서 약 천오백 미터 지점인 덕성여중 정문 앞에서 골목으로 숨다가 체포 된 것이었다.
거기에다 가택을 수색한 결과 불온 문구가 수없이 나열된 일기장이 나타났고 불온 서적도 발견이 되었다는 것이다. 구체적인 것은 하나도 발표를 보지 못한 채 사건은 다시 오리무중으로 들어갔다. 본인의 극력 부인은 있을 수 있는 일이라 해도 방증이 될 만한 무엇 하나 발견된 것이 없던 것이다. 상당한 지능 범행으로 피스톨을 방안에 버리고 갔으나 문에도 피스톨에도 지문 하나 자국이 없을뿐더러 구두에도 헝겊 커버를 신었던지 신발 자국 하나를 발견할 수 없다. 이 범행 동기나 방법으로 보아 확실히 배후에 그 무슨 커다란 움직임이 있다는 단정이 내려졌다. 그러니만큼 수사진은 더 초조해졌다.
오직 하나 다행한 것은 한씨는 생명을 건질 수 있다는 것이 확인되었을 뿐 한 씨가 의식 회복이 되면 범인의 인상 윤곽이 나타나리라 했던 것이나 막 잠이 들다가 문 여는 소리에 놀라 눈뜬 순간에 총탄을 맞은 터라 전혀 기억에도 없다는 것이다.이러고 보면 용의자를 달구치는 도리밖에 없다.
용의자한테 또 한 가지 불리한 것은 용의자는 군대 복무시에 사격 대회에서 항상 등내에 들었다는 것, 거기에 또 체포된 지점에서 피신한 이유로서 갑자기 경관 사이드카가 달려오고 경찰 지프차가 내닫고 하니까 필시 사건이 생겼을 게고 이런 때 붙들리면 죄는 없지만 도시 성이 가시니까 어두운 골목으로 잠시 피하자던 것이라 한다. 있을 수 있는 심경이었지만 그것으로  죄가 벗어지는 것은 아니었다. 거기에 직업도 없었다. 이름도 없는 출판사에 다니다 말다 한다는 것이다. 용의자에게 한 가지 유력한 것이란 오직 그의 집이 삼청동 막바지라는 것뿐이다. 체포된 지점에서라면 용의자의 집까지 통금 시간에도 충분히 갈 수 있는 상거였던 것이다.
사건 발생 전 약 두어 시간의 알리바이를 증명할 만한 재료도 용의자는 갖고 있지 못한 것이 또한 혐의를 농후케 하고 있다. 여덟 시나 되어 집을 나와 서는 다방에 한 번 들렀을 뿐 줄곧 거리를 헤맸다는 것이다. 불행히 다방도 늘 가는 다방이 아니었던지 레지도 마담도 전혀 본 기억이 없다는 증언을 했다.
사건은 날로 오리무중에 들어갈 뿐이었다. 이제 기다릴 것은 용의자의 자백뿐이던 것이다.4 용의자가 드디어 자백을 했다. 사건 발생 후 만 삼 주일 만이었다. 그러나 박 신부는 조금도 놀라지 않았었다. 그는 이 사건의 진범이 자기 동생 임을 벌써 단정하고 있었던 것이다.
평시의 언행으로 보아서도 그러했다. 성격도 그럴 수 있는 소질이 많았었다. 고향인 안악에서였다. 찬재가 여덟인가 아홉 살인가다. 찬재는 열두 살이나 먹은 아이와 싸우다가 넉 장이 되게 맞고는 그날 밤 그 아이의 집에 불을 퍼질렀었다. 가난한 집이었고 다행히 지붕만 반 가량 타서 변상만 하고 무사했지만 형과도 싸울 때는 돌이고 칼이고 마구 던지던 아이다. 군대에서도 그랬다. 중위로서 중령을 넉 장이 되게 패주고 영창생활도 했었다. 어려서 부터 제분에 못 이기면 제 손가락을 아지끈아지끈 깨물던 아이다.
박 신부는 어느 날 하루 동생한테 성총이 내리기를 기구하지 않은 날이 없었다. 그러나 찬재는 더 엇나가기만 하던 것이다. 그대로 잠자코 있기나 했으면 오히려 좋았다.","안녕하세요! 요청하신 소설 내용을 읽고, 핵심 내용을 파악하기 쉽게 친절하게 요약해 드릴게요. 😊

---

### 📖 소설 내용 요약

**1. 중대한 사건의 발생**
삼일재벌의 수장이자 여당의 핵심 간부인 한규덕 씨가 자신의 침실에서 복면을 쓴 괴한에게 총격을 당하는 사건이 발생합니다. 물품을 훔치지 않은 점으로 보아 단순 강도가 아닌, 정치적 배후가 의심되는 중대한 사건입니다.

**2. 유력 용의자 '박찬재'의 체포**
사건 현장 근처에서 박찬재라는 인물이 체포됩니다. 그는 다음과 같은 이유로 유력한 용의자로 지목됩니다.
*   **증거물 발견:** 그의 집 수색 과정에서 불온한 문구가 담긴 일기장과 서적들이 발견되었습니다.
*   **정황 증거:** 사건 발생 시각에 명확한 알리바이가 없으며, 군 복무 시절 사격 실력이 뛰어났다는 점이 언급됩니다.
*   **수사의 난항:** 범행은 치밀하여 지문이나 발자국 같은 직접적인 물적 증거가 남지 않아 수사가 어려움을 겪습니다.

**3. 자백과 박 신부의 예견**
사건 발생 3주 만에 박찬재는 결국 범행을 자백합니다. 하지만 그의 형인 박 신부는 이 소식에 놀라지 않습니다. 박 신부는 동생의 과거를 떠올리며 이미 이를 예견하고 있었기 때문입니다.
*   **동생의 폭력적인 과거:** 어린 시절 싸움 끝에 이웃집에 불을 질렀던 일, 군 시절 상관을 폭행하여 영창에 갔던 일 등 찬재는 어려서부터 감정을 조절하지 못하고 폭력적인 성향을 보여왔습니다.

---

**요약하자면:** 정치적 인물을 겨냥한 총격 사건이 발생하고, 그 범인으로 박찬재가 체포되어 자백하게 되는데, 그의 형인 박 신부는 동생의 거친 과거를 통해 이미 그럴 줄 알고 있었다는 비극적인 내용을 담고 있습니다.

내용 이해에 도움이 되었기를 바랍니다! 더 궁금한 점이 있으면 언제든 말씀해 주세요. 🌸"
죄와벌 4화,"그는 성직자인 형 앞에서,
""종교는 아편이어요!"" 했었고,
""형은 가장 신성한 직책이나 다하고 있는 성싶을지도 모르지만 신부가 마술사와 뭣이 다르지요? 사기꾼과? 사기꾼은 한 사람만 속이지. 형은 천 주의 이름을 팔아서 만인을 사기하고 있는 거야.""
이런 찬재였다. 이런 아우였었다. 형은 아우를 버린 지 오랬었다. 아우는 마귀 이외의 아무것도 아니었었다. 그러나 그러면서도 형은 아우를 못 잊어  해 왔다. 신부였지만 그는 역시 형일 수밖에 없는 인간이었던 것이다. 형은 슬펐다. 슬프면서도 동생의 살인을 인정치 않을 수 없었던 것이다.아우가 자백을 했다는 신문 보도를 본 순간 형은 슬프기는커녕 기뻤다. 당국의 알선으로 형은 두 번이나 아우한테 자백하기를 권했던 것이다.
두 번 다 아우는 완강히 부인하고 있었다.
""형은 놈들과 부동이 돼서 단지 하나밖에 없는 동생을 살인범으로 몰고 마음이 편하리다. 편할 게요. 내가 이만큼 사실이 아니란다면 형만은 믿어주어야 하지 않겠소. 형만은! 형은 천주의 대변자라니까. 난 교우는 아니지만 형이 믿는 천주 앞에 맹세를 합니다. 절대로 난 범인이 아니예요. 여덟 시에 집을 나왔어요. 울적해서, 울분에 가슴이 터지는 것 같아서… 돈도 없었소. 형이 언제 한번 집안에 보태 쓰라고 목돈 집어준 일이 있던가요? 신부는 제 부모 형제를 돌보아선 안 되오? 굉장한 법규로군. 성스런 규율 이라구요? 오 년간이나 전쟁을 하구 왔으니 직업을 주오? 집엔 돈 한 푼 없었소. 내가 어째서 울 적지 않겠어요? 그날도 실은 형이라도 찾아가리라 나섰 다가 형을 보면 골통을 깨고 싶어질까봐 참고 돌아오던 길이었어요. 그런 날 죄인을 만들어?""
두 번째 갔을 때는 만나주지조차 않으려 들었었다. 겨우 만나더니 그대로 감정을 폭발시키어 물어뜯으려 들던 것이다. 몸이 몹시 약해져 있었다. 그 때문 이니라 싶어 그날은 단념을 하고 돌아왔던 것이다.그렇게 완강히 자백을 거부하던 아우가 드디어 자백을 한 것이다.
이로써 아우는 천주님의 사하심을 받았느니라 했다. 성덕을 입고 성총이 베풀어지느니라 했다. 형은 성당으로 달려갔다. 무릎을 꿇었다. 오늘처럼 천주와 감정이 통한 기구는 일찍이 없던 것 같다.
""지극히 자애로우신 천주시여. 주님의 거룩하오신 계시로 악마의 자식이던 아우 깨친 바 있사와 주의 품에 돌아오게 해주시오니 그 은총 무한 감사하 오이다. 제 아우 비록 아직 주의 품에 들지는 못했사오나 성총을 입사와 통회 할 날이 있을 것이옵고 임종할 그 순간까지에는 반드시 천주님을 받 들 때 있으리라 믿사옵니다. 아우 찬재 비록 마귀에 사로잡혔사와 대죄를 범 하였 사오나 이제 천주께서 계시하오신 십계 중 일계만이라도 깨우치고 성총의 도움을 받아지자 몸부림치고 있사옵니다. 저의 아우 사심판정에 서 옵거든 성총으로 어루만 지시고 강복해 주시와 성 분도 기록에 있는 성 요 안 네 뽈지 에노도 되게 하옵소서.""
형의 기구에는 눈물이 섞여 있었다. 외어도 외어도 미진했다. 미운 아우 였었다. 죽이고 싶은 아우이기도 했었다. 차라리 죽기나 했으면 영혼의 구원 을 받느니라 한 아우였었다. 사교 사상에 물든 아우, 무신자보다도 더 밉던 이 단자인 아우! 그러나 그는 신부였지만 역시 아우의 형이었었다. 이 단자요, 사교자요, 마귀의 아들이었지만 역시 사랑하는 아우였다. 형은 오늘 지 금서야 자기가 얼마나 아우를 미워했던 가도 알겠지만 또 얼마나 사랑 했었는가도 깨달아지는 것이었다. 그는 자기가 신부일 뿐만 아니라 인간 이었다는 것도 깨달았고, 신부이지만 역시 인간인 아우의 형이라는 것도 뼈저리게 깨우쳤었다.
""아우여! 동생아, 형을 용서해다오! 나는 천주의 아들인 동시에 너의 형 이었어야 했다. 그러나 형은 오직 천주님의 아들이었을 따름이었다.""자기 방에 돌아온 형은 문을 잠그고 목을 놓아 울었다. 울어도 울어도 시원 치 않았다. 아우에 관한 속보는 거의 매일처럼 신문에 나고 있었다. 이제는 배후 관계의 추궁만이 남았었다. 배후 관계가 밝혀진다면 불똥이 어디로 튈는지 모른다는 것이다. 어떤 신문은 배후 관계 여하로는 정부 고 위층에 바람이 불지도 모른다 했고, 여당계 신문은 또 야당계 거물급의 선이 닿지 않았나 하는 무시무시한 추측 기사를 내기도 했었다.
""— 한씨 저격 사건, 정계 거물급에 비화? — ""가로 일단 반의 어마어마한 타이틀은 국민들을 불안에 사로잡히게 했다.
그러나 다 읽고 나면 아무런 근거도 없었다. 그저 그럴지도 모른다고 추측 일 뿐이었다. 근거 있는 소스의 기사는 못 되었었다.
""장난들 몹시는 한다. 아니, 신문이란 이런 수단으로밖에 팔아먹을 길이 없더람!""
이렇게 분개하는 축들도 있었다.
누구보다도 형이 그랬다. 신문에 대한 증오감까지도 드는 것이다.그러나 형 신부는 체념을 했다. 배후 관계가 없기를 바라는 마음에는 틀림이 없지만 그것도 아우의 죄를 덜어주기 위해서이지 형벌을 덜어주자는 데 서는 아니었다. 배후 관계가 있든 단독 범행이든, 살인 기수가 아니고 미수이든 아우의 생명은 이미 없는 거나 진배 없는 일이었다. 아니, 생명이 없어져야만 아우는 영혼의 구원을 받느니라 한 형이었었다. 이 기구 또한 아우에 대한 형의 극진한 애정의 표현이었다. 죄로 더럽혀진 아우의 생명이 이 세상에 남아서 더 욕되게 하고 싶지 않은 심정이기도 했던 것이었다. 형의 혼란 된 머리에는 형에 대한 판단도 서지 않았고, 아니 그런 것은 생각 하고 싶지도 않았다. 지금 형이 알고 싶은 것은 아우가 언제 천주께로 돌아와 주겠느냐 하는 것이었다. 언제 고요한 마음으로 교리를 배워 영세를 하고 총 고해를 하게 되느냐는 것만이 지금 형의 머릿속을 채우고 있는 생각이었다. 희망이었었다. 외인이 볼 때는 한낱 잠꼬대 같은 이야기일지도 모르지만 천주의 아들이요 성직자인 형으로서는 이것이 아우에 대한 최대의 애정 이었고 사랑 이었었다. 지금의 형은 이밖에는 애정을 표현할 줄 모르는 사람이기도 했다. 그 이외의 어떤 사랑의 방법도 형을 만족 시켜주지는 못했던 것이다.
""아우여! 하루바삐, 아니 한시라도 빨리 주의 품으로 돌아오라… ""5 다시 열흘이 지났다. 또 열흘이 헛되이 갔다.
그러나 배후 관계는 실마리도 집어낼 수가 없었다. 범인이 일체 부인 했던 것이다.","안녕하세요! 요청하신 소설의 내용을 친절하게 요약해 드릴게요.

이 내용은 살인 사건을 저지른 동생 '찬재'와 성직자인 형 사이의 복잡한 갈등과 깊은 애정, 그리고 신앙에 대한 이야기를 담고 있습니다.

**[요약 내용]**

1.  **동생의 범죄와 갈등:** 무신론자이자 사교 사상에 물든 동생 찬재는 '한 씨 저격 사건'의 범인으로 지목됩니다. 찬재는 평소 종교를 '아편'이라 비난하며 형의 신앙을 조롱해 왔고, 처음에는 범행을 완강히 부인하며 형을 원망하기도 했습니다.
2.  **자백과 형의 기쁨:** 마침내 찬재가 자신의 죄를 자백하자, 형은 동생의 죄를 슬퍼하면서도 한편으로는 기뻐합니다. 이는 동생이 자백을 통해 비로소 신의 용서를 받고 영혼의 구원을 받을 수 있는 길에 들어섰다고 믿기 때문입니다.
3.  **형의 고뇌와 기도:** 형은 성직자로서의 의무와 동생을 사랑하는 인간으로서의 본능 사이에서 깊이 고뇌합니다. 그는 동생을 '마귀의 자식'이라 부르면서도, 그를 향한 절절한 사랑을 담아 동생이 다시 신앙을 되찾고(영세와 고해성사) 하나님의 품으로 돌아오기를 간절히 기도합니다.
4.  **세상의 소동과 형의 초연함:** 사건이 알려지자 신문들은 이 사건을 정계 거물과 연관 지어 정치적 음모론으로 확대 재생산하며 국민을 불안하게 만듭니다. 하지만 형은 이러한 세상의 소란에 개의치 않고, 오직 동생의 영적인 구원만을 유일한 희망으로 삼으며 기다립니다.

**핵심 주제:** 죄를 지은 인간에 대한 형제애와, 신앙을 통해 그 죄를 씻고 구원받기를 바라는 성직자의 처절한 사랑과 갈등을 보여주고 있습니다.

내용이 도움이 되었기를 바랍니다! 더 궁금한 점이 있으면 언제든 말씀해 주세요. 😊"
죄와벌 5화,"다시 며칠이 지나서다. 비로소 단서를 얻었다는 신문 보도가 났다. 모 무소속의 거물급인 정치인이라는 것이었다. 정계는 물론 전 국민의 신경은 다시 날카로워졌다. 그렇다면 이북 괴뢰 간첩과도 접선이 되지 않았을까 하는 공포에서 였다. 그렇지 않아도 거의 매일처럼 간첩이 잡히고 있었다. 상당한 거물급의 간첩도 벌써 이 달 들어서 두 명이나 체포가 되었던 것이다. 월북 하려던 집단 간첩 일곱 명 일당이 서해안에서 체포가 되자 간첩단의 세포가 속속 드러나고 있었다.그러나 조사 결과 그것은 범인의 전혀 허위 진술이었음이 판명되었다. 몇몇 거물급 인물한테서는 범인의 진술을 인정할 만한 아무런 방증도 찾아내지 못했던 것이다. 며칟날 어디서 만나서 피스톨을 받았다는 진술을 기초로 조사를 진행하다 보면 당자는 그 당시 고향에 가 있었다는 알리바이가 명백하게 성립이 되던 것이다.이렇게 질질 끌던 어느 날 밤이었다. 범인의 형 박 신부는 피이넛을 사다 놓고 진을 마시고 있었다. 책상 위에는 현금 백만환 뭉치가 놓여 있다. 부실한 취직이나마 아우를 잃은 집안 살림이 말이 아니었던 것이다. 아버지는 아들의 그 꼴을 본 후로 병이 부쩍 더해져서 가래가 식도를 막는 형편 이었다. 며칠 전 찾아간 큰아들을 붙들고 병든 아버지는 약을 좀 사다 달라고 애걸을 하던 것이었다. 그 약이 수면제였다.""넌 너의 교리로써 그런 것을 죄루 알지 모르겠다만 아픈 사람을 더 아프게 하는 것도 죄니라. 아비 두 더 살구 싶구 교리두 안다. 하지만 그건 아파 보지 못한 사람의 일이다. 날 고이 잠재워다우. 빨리 천주께 보내다우. 첫째 저것들 굶는 꼴 볼 수 없어 더 견딜 수가 없다.""
굵은 주름살 골을 타고 눈물이 천천히 흐르고 있었다. 어머니도 울고 누이  도 울었었다. 신부도 울었다. 신앙도 신앙이지만 우선 가족을 살려놓고 보아야 했다. 신부가 된 순간부터 그는 가정을 떠났고 혈족과 절연을 했다.
신부는 천주의 아들일 뿐 한 아들에 두 아버지가 있을 수는 없었다. 신부는 일체의 수입을 자기 일신의 필수품 외에 쓰지 않기로 했었다. 수녀는 더 말 할 것도 없었지만 신부 또한 원칙적으로는 자기의 수입을 자기 가족 생활비에 쓴다는 것은 금지되어 있던 것이다. 오직 성당의 유지와 확장을 위 해서만 쓸 수 있는 돈이었었다.
그러나 신부도 인간이었다. 오늘 백만환을 월부로 갚기로 하고 빌린 것이다. 마침 집에 붙은 판잣집 구멍가게를 집째 팔겠다던 것이다. 이것만 마련 해주면 그냥 저냥 찬재 댁이 꾸려가겠다는 것이다. 하느님의 아들은 또 한 아버지를 모시기로 결심했던 것이다.형 신부는 동료 신부와도 만나는 기회를 되도록이면 피했다. 윤 신부가 고해를 하러 와서 부득이 한 번 만났을 뿐 이 사날째 성당에도 되도록 혼자 나갔다. 교우들한테도 실로 면목이 없다.
""살인범의 아우를 가진 신부.""
자기 자신이 범한 죄나 진배 없었다. 제 아우 하나 교도 못하는 형이 어떻게 많은 교우의 시범이 될 수 있느냐 하는 가책이 무서운 고통을 가져다주는 것이다.
박 신부는 또 술을 따랐다. 오십 도가 넘는다는 독주 진이었다. 취하고 싶은 심정이었다.석 잔째 잔을 비우고 넉 잔째를 따라 입으로 가지고 가려는데 누가 노크를 한다. 윤 신부였으면 했다.
""누구시오?""
문을 열자니까 뜻밖에도 교우였다. 시간을 보니 열시다. 이 바오로라는, 깡패 소리는 들으면서도 성실하게 미사에 참여하는 독신자다. 기실 지금 마시고 있는 이 진도 바오로가 십여 일 전에 선사한 것이었다.
""바오로! 고맙소, 이렇게 찾아와 주어서. 자, 앉으시오. 바오로가 준 술, 오늘 처음 마갤 떼구 한 잔 하는 길이오. 바오로 술이지만 자, 한 잔.""
신부는 차라리 이런 속인과 세상 이야기나 하며 취하고 싶었다. 교리에 관한 이야기를 떠난 명동 이야기나 들으리라 했다.
""자, 한 잔.""
""그만두겠습니다, 신부님.""
바오로는 기구할 때처럼 손을 모으는 것이다.
""왜 그래, 바오로? 난 오늘 바오로와 한 잔 하구 싶은데. 한 잔 하면서 이야기도 좀 듣구! 세상 얘기가 좀 듣구 싶어졌어.""
""아닙니다, 신부님.","안녕하세요! 요청하신 소설 내용을 친절하게 요약해 드릴게요.

이 내용은 살인 사건의 여파와 그로 인해 고통받는 '박 신부'의 심리적 갈등을 중심으로 전개됩니다. 크게 세 부분으로 나누어 요약할 수 있습니다.

**1. 사건의 진행 상황과 오보**
범인이 거물급 정치인과 연루되었다는 보도가 나와 사회적으로 큰 파장이 일고, 간첩 사건과 맞물려 공포감이 확산됩니다. 하지만 조사 결과, 이는 범인의 허위 진술이었음이 밝혀지며 정치인들과의 연관성은 근거 없는 것으로 드러납니다.

**2. 박 신부의 처절한 가정 상황과 도덕적 갈등**
살인범의 형인 박 신부는 극심한 죄책감과 생활고에 시달리고 있습니다. 
* **가족의 위기:** 아버지는 병세가 깊어 고통을 줄여줄 약이 절실하고, 남겨진 가족들은 굶주림과 가난에 허덕이고 있습니다.
* **신부로서의 갈등:** 신부는 가족과 절연하고 신의 길을 걷기로 했으나, 가족을 살리기 위해 집을 담보로 돈을 빌리는 등 '인간적인 도리'와 '신부로서의 원칙' 사이에서 처절하게 갈등합니다. 
* **죄책감:** ""살인범의 아우를 가진 신부""라는 사실이 그에게는 견디기 힘든 고통이며, 아우를 제대로 돌보지 못한 자신에 대해 깊은 자책을 느낍니다.

**3. 밤중에 찾아온 불청객, 바오로**
괴로움을 잊기 위해 독주를 마시며 취하려던 박 신부에게, 평소 성실하지만 거친 성격의 교우인 '바오로'가 밤늦게 찾아옵니다. 신부는 세상 이야기를 나누며 술을 마시자고 권하지만, 바오로는 무언가 심상치 않음을 느낀 듯 신부의 제안을 거절하며 긴장감이 흐릅니다.

---
**요약 한 줄 평:** 
범인의 형이자 신부인 박 신부가, 가족을 살리려는 인간적 본능과 신부로서의 성스러움 사이에서 겪는 처절한 죄책감과 고뇌를 다룬 장면입니다.

도움이 되셨기를 바랍니다! 더 궁금한 점이 있으면 언제든 말씀해 주세요. 😊"
죄와벌 6화,"오늘은 조용한 시간을 타서 신부님께 고해성살 받으러 왔습니다.""
앉지도 않고 나무처럼 꼿꼿한 채 손을 모은다.
신부도 얼른 잔을 놓고 성직자의 자기 자세로 돌아갔다.
""신부님, 방에서 받아주실 수 없을까요?""
""성찰, 통회, 정개에 조금도 유감됨이 없으시오?""
""네.""
""그럼 고명하시오. 천주님의 정하신 바요, 예수님의 가르치심을 받아 바오로의 고해를… ""하는데 바오로가 말을 탁 가로막는다.
""신부님, 시간은 아니지만 성당 역시 고해소에서 받고 싶습니다.""
""그래도 좋고."" 했다가 신부는 의심이 났다.
""이유가 따로 있소?""
""네.""
""뭘까.""
""여긴 너무 밝습니다.""
""성찰은?""
""네…""
""통회도?""
""네.""
""그럼 정개가 부족했소. 천주께 고해성사를 올리는데 밝고 어두움이 어디 있겠소. 그럴 리 없지 않소?""
""그러면 여기서 받겠습니다, 신부님!""
신부는 속으로는 의아스러웠지만 그런 내색은 할 수도 없어 천천히 몸을 일으켜 제의장 앞으로 가는 것이었다. 제의장 문 손잡이를 잡고서도 한참 무슨 생각에 잠긴다. 장 문을 열었다. 영대를 꺼내어 몸과 팔에 걸고 고 해소에 자리를 잡으며 성호를 긋고 있다.이러한 신부의 동작을 지켜보고 있던 바오로는 신부가 성호를 긋고도 한참이나 되어서야 신부 앞에 무릎을 세우고 십자를 그으며 고죄경을 외기 시작한 다.
""오 주 전능하신 천주와 평생 동정이신 성 마리아와 성 미가엘 대 천 신 과성 요 안 세자와 종도 성 베드루, 성 바오로와 성인 성녀와 신부께 고하 오니나 과연 생각과 행함에 죄를 심히 많이 얻었나이다. 나 오늘 신부님께 고해  하 옴은… ""
바오로의 고해가 갑자기 뚝 그친다. 신부는 눈을 딱 감은 채 계속을 기다리고 있었다. 그러나 아무리 기다려도 바오로는 입을 딱 봉한 채 열지를 않는다. 신부는 눈을 떴다. 바오로는 처음 고해를 시작할 때의 그 자세였다.
""바오로! 계속하오.""
신부의 재촉을 받자 바오로는 벌떡 일어나며,
""신부님, 저 다음 기회로 미루겠습니다 신부님 말씀대루 정개가 미진한 것 같습니다. 죄송합니다.""""바오로! 그게 무슨 소리야! 죄를 지었으면 빨리 고해를 해야지. 죄란 병균과 같은 거야, 죌 짓구!""
""아닙니다, 담에 오겠습니다."" 하기가 무섭게 바오로는 인사도 변변히 않고 뛰어나가버린다. 신부는 어이가 없었다. 한참이나 멍하니 섰다가 뛰어나가서,
""바오로 오, 바오로오!""
몇 번이나 불러야 바오로는 대답도 않고 뛰어가 버리는 것이다. 발 소리까지 들리고 보니 신부의 부르는 소리가 안 들렸을 리 만무였다.
'웬일일까? 무슨 일을 저질렀을까?’
신부는 영대를 벗어 의장 안에 넣고도 한동안이나 방 한가운데 멍하니 서 있었다.
'바오로가 무슨 잘못을 저지른 것일까?’
이상할 만큼 바오로의 행동이 마음에 걸린다.보통 일이 아닌 성싶게만 생각이 든다. 웬만한 일이란다면 이렇게 밤에 찾아오기까지 했다가 달아날 리가 없었던 것이다.
'또, 오겠지, 바오로는 진실한 교우니까 이렇게 죄를 짓고 괴로워 한다는 자체가 그만큼 성실한 때문이다.’
신부는 이렇게 생각했다. 그는 다시 테이블 앞으로 갔다. 술병과 돈을 싼 책보가 한꺼번에 눈 속으로 파고든다. 그는 술잔으로 손을 가져갔다. 또 따랐다. 잔을 입으로 옮긴다.
아무리 먹어도 오늘만은 취할 것 같지가 않다. 취할 때까지 마시고 싶었다. 그리고 실컷 울고 싶었다.
며칠이 지나도록 바오로한테서는 아무런 소식도 없었다.
불안한 며칠이었다. 돈은 준비가 되었다는 기별을 했지만 그나마 틀어지는지 누이한테서도 기별이 없다.일이 잘 안 되는 것이라면 비싼 이자를 물고 있을 수도 없느니라 싶어 오늘 저녁에는 집에를 들러 보리라던 날 고 해소에  홀 연히 나타난 바오로가 실로 놀라운 고해를 했던 것이었다.
뜻밖에도 그것은 무서운 대죄였다.
살인이었었다.
고죄경을 외는 바오로의 음성은 그대로 신음 소리였다.
""내 탓이오, 내 탓이오, 내 큰 탓이로소이다. 그러므로 평생 동정이신 성 마리아와 성 미가엘 대천신과 성 요 안 세자와 종도 성 베드루, 성 바오로와 모든 성인 성녀와 신부님께 나를 위하여 오 주 천주께 전 구하심을 비옵나이다… ""
바오로는 고해를 끝마치었다. 그러고는 그대로 울어버리던 것이다.
'바오로가…’
신부는 의외였다. 괄하기도 했고 명동을 휩쓴다고도 들었지만 심지는 고우니라 한 바오로였다.
""동기는?""
""돈이 필요했습니다.""
""그래, 얼마나 소득이 있었는가?""
""천만환 받기루 했었는데 백만 환밖에 못 받았습니다.""
""무엇? 받다니?""
""실은 강도를 한 것은 아닙니다. 어떤 사람의 심부름을 했을 뿐입니다.
그 사람은 기어이 그를 죽일 필요가 있었던 모양입니다. 그러나 자기 로서는 방법이 없으니까 그 청부를 제게로 가져온 것입니다. 처음 이야기로는 그 사람만 해치우면 돈은 요구하는 대로 주겠노라 했습니다. 그래, 막연하게 얼마든 지랄 것이 아니라 아주 보수를 정하자고 해서 천만환에 정하구 우선 착수금으로서 오십만 환만 받구 성사한 날 잔금을 받기로 했습니다. 그러나 불행히 — 아니올시다, 신부님, 다행히도 실패했습니다. 그래, 약속한 자리에 가보니 그자는 오지 않았어요. 그자가 있던 집을 찾아갔더니만 떠나구 없다는 것입니다. 그래, 집으로 돌아왔더니 그자가 집에다 오십만 환 두고 갔더군요. 실패를 했으니까 다 지불할 수 없다는 간단한 쪽지가 돈 뭉치 안에 들어 있었습니다.""
""그러면 피해자의 이름은?""
""신부님, 신부님이 저보다 더 잘 알구 계실 겁니다. 신부님의 아우님께서 혐의를 받구 계신 바루 그 사건입니다.""이때 고해 신부의 입에서 고통을 참을 때 하는 신음 비슷한 소리가 났다. 아니, 그것은 그대로 성직은 그만두고 인간에게서 교양과 지체, 모든 것을 떼어 버린 때에나 낼 수 있는 그런 동물의 소리였다.
그러나 고해 신부는 곧 자기 위치로 돌아갔다.
""그래서?""
""범인으로 잡힌 사람이 신부님의 아우님이시라는 것을 안 것은 신문을 보구서 였습니다. 그렇지만 않았더라면 전 이렇게까지 괴로워하지는 않았을 것 같습니다.""
""그것은 고해자의 잘못 생각이오. 고명한다는 것은 죄의 사함을 받는 데 있소. 누구를 위해서 자신의 죄의 사함을 받는 것이 아니라 자기가 지은 죄에 대한 사함을 받는 것이오. 어쨌든 고해할 생각을 한 것은 잘한 일이오. 그러나 고해를 했다 해서 다 죄의 사함이 받아지는 것은 아니오. 교우의 할 일은 이제부터요. 지금까지의 고해 사실은 실상은 통회에 지나지 않소. 정말 고해는 먼저 신부에게 할 것이오. 동시에 법에 나아가 자수하는 데서 비로소 고해가 성립되오. 이 순서가 바뀌었던 것이오. 그러나 지금도 늦지는 않소. 그러니 이 길로 바루 집으로 갈 것 없이 경찰서에 가서 자수를 하시오. 그것만이 천주의 계시를 좇는 길이오. 자, 조금도 지체치 말고 주 저 도 말고 기꺼운 마음으로 자수를 하시오. 이것만이 죄를 기워 갚는 길이오. 영혼의 구원을 받는 길이오. 자, 이 길로 가시오. 가서 자수를 하시오. 자수를 한 순간 내게 고명한 죄는 깨끗이 사함을 받게 될 것이오. 자, 가시오, 조금도 지체 없이… ""","안녕하세요! 요청하신 소설 <죄와 벌> 6화의 내용을 친절하게 요약해 드릴게요.

이 내용은 주인공 **바오로**가 저지른 충격적인 사건과 그로 인해 고통받는 **신부**의 심리적 갈등을 다루고 있습니다.

---

### [소설 요약]

**1. 불안한 고해성사 시도**
바오로는 죄책감에 시달리며 신부를 찾아와 고해성사를 하려 합니다. 하지만 극심한 심리적 압박감과 불안함 때문에 제대로 말을 잇지 못하고, 결국 고해성사를 끝내지 못한 채 도망치듯 성당을 빠져나갑니다. 신부는 바오로의 이상 행동에 의구심과 걱정을 품으며 홀로 술로 괴로움을 달랩니다.

**2. 충격적인 살인 미수 고백**
며칠 후, 바오로는 다시 신부를 찾아와 무거운 입을 엽니다. 그는 자신이 돈을 받고 누군가를 죽이려 했던 청부 살인의 당사자였음을 고백합니다. 그는 돈을 받기 위해 의뢰받은 장소로 갔으나 대상은 없었고, 결국 살인은 실패했습니다.

**3. 비극적인 진실: 신부의 아우**
고해 과정에서 드러난 가장 충격적인 사실은, 바오로가 죽이려 했던 대상이 현재 살인 사건의 범인으로 몰려 있는 **'신부의 아우'**라는 점이었습니다. 이 사실을 알게 된 신부는 인간으로서 감당하기 힘든 고통과 충격에 휩싸입니다.

**4. 신부의 권고: 진정한 참회와 자수**
큰 충격을 받은 신부는 이내 마음을 다잡고 바오로에게 말합니다. 진정한 죄의 사함은 신부에게 고백하는 것에서 끝나는 것이 아니라, 법 앞에 나아가 **자수**함으로써 완성된다고 강조합니다. 신부는 바오로가 영혼의 구원을 받기 위해서라도 지체 없이 경찰서에 가서 자수할 것을 강력하게 권고하며 이야기가 마무리됩니다.

---

**요약 포인트:** 
이 회차는 **'청부 살인 미수'**라는 범죄 사실과, 그 피해자가 **'신부의 가족'**이라는 비극적 연결고리, 그리고 죄를 씻기 위한 유일한 방법인 **'자수'**를 주제로 긴장감 있게 전개되고 있습니다.

더 궁금한 점이 있거나 다른 부분의 요약이 필요하면 언제든 말씀해 주세요! 😊"
죄와벌 7화,"""가겠습니다, 신부님… ""
""고마운 생각이오. 훌륭한, 족히 영혼의 영원한 구원을 받을 훌륭한 생각 이오. 꼭 가야 하오. 혼자 가기가 무엇하다면 내가 같이 가드려도 좋소.""
""아니올시다. 당당히 제 발로 저 혼자 걸어가서 자수하겠습니다.""
신부는 준절히 훈화를 하고 보속을 주고는 주께 감사한 마음으로 손을 들어 사죄경을 염할 때 바오로도 진심으로 가슴을 치며, ""내 탓이오, 내 탓 이오 — ""를 염하고 있었다.
고해가 끝나자 바오로는,
""신부님, 하나 부탁이 있습니다.""
""무엇이든지.""
""제가 만일 — 아니올시다. 제가 자수한 뒤 제 가족을 좀 돌보아 주셨으면 합니다. 마귀가 씌웠습니다. 지금까지 성당에 뭣하러 다녔는지 모르겠습니다. 신부님, 믿습니다.""
""그건 염려 마오. 성당에서 돌보리다. 그러니 안심하고 가시오. 이 길로 바루 가시오, 그러지 않으면 또 결심이 풀어지는 법이니까.""""한 시간만 여유를 주십시오, 신부님. 집에 가서 어린 것들 자는 얼굴이라  도 한 번 더 보구 가겠습니다.""
""아니오…""
고해 신부의 말은 엄숙했다.
""이 길로 가시오, 이 길로. 집에 들르면 또 구원받을 길을 놓치오. 자수한 후면 내가 아이들과 부인까지 모시고 자주 찾아주리다.""
""알았습니다, 신부님… 그대루 가겠습니다. 저두 어린 것들 자는 얼굴을 본다면 결심이 풀릴 것 같습니다. 저두 자신이 없습니다. 자식이란 똠방 다섯 살 먹은 머슴애 그것 하나뿐이니까요. 죄인의 자식이지만 영리하게 생긴 놈 입니다. 귀엽기 짝이 없지요.""
바오로는 눈물을 씻고 있었다. 보기 추할 만큼 얼굴이 일그러진다.
""정말 귀엽게 생긴 자식입니다, 신부님… """"그러니까 바루 가시오.""
""감사합니다, 신부님. 인제 저도 마음이 아주 가벼워졌습니다.""
신부는 바오로를 문께까지 바래다주며 그의 어깨에 손을 얹었다.
""바오로, 고맙소.""
""감사합니다, 신부님… ""
굳은 악수를 하고 둘은 헤어졌다.
역시 바오로는 귀여운 놈이니라 했다. '귀여운 놈야 귀여운…’ 아우를구 했다는 기쁨보다도 몇 배나 큰 기쁨이었다. 성직 생활 십 년에 이렇게 기쁜 일은 처음이었다. 신부는 돈뭉치를 보아도 마음이 괴롭지 않았다.
'내일 아침 일찍 이 돈을 바오로의 아내에게 전하 리라…’
신부 자신 무거운 죄의 사함을 받은 것 같았다. 즐거웠다.6 이튿날 새벽 미사에 신부는 오직 바오로만을 위해서 기구를 올렸다. 진실로 기뻤다. 이 우주에서 가장 큰 죄악의 뿌리를 송두리째 뽑아낸 것 같은 기쁨이었다.
인간 사회에서 온갖 악을 물리치고 가장 위대한 선을 창조한 것 같은 환희 였었다. 신부는 자신이 갑자기 커진 것 같은 감을 느끼는 것이었다. 천 주의 안배에 포근히 싸여 있는 것 같다. 성총의 도움도 자기 혼자만이 독차지 한 성도 싶어진다. 아우가 살아온다는 사실이 이 한 가지 선 앞에서는 이렇게도 미력한 것인가. 스스로 놀라지기도 했다.
'동기가 순전한 돈이었고 다행히도 피해자가 생명을 건졌고 더 다행한 일  은 불구자도 되지 않았고 거기다 자수를 했고 보니 죄도 좀 가벼워지겠지.’
바오로의 고해 신부는 이런 타산도 해보는 것이었다.
무엇보다도 유리한 것운 바오로가 자수를 한 일이었다. 그것도 그냥 자수가 아니라 범인이 잡힌 것이었다. 고통에 못 이겨서 자백을 했다 해도 범죄는 성립이 되는 것이다. 엄연히 자백을 했고 당국도 이미 끝난 사건으로 처리 해 버린 때에 진범인이 자수를 한 것이다.
이 얼마나 장한 노릇이냐 했다.
'변호사도 내가 대리라…’ 고해 신부는 이런 결심도 했다.새벽 미사를 올린 뒤로 고해 신부는 집으로 가져가리라던 돈을 보자기에 쌌다. 그 길로 바오로의 집을 찾았다. 바오로의 집에는 두 번이나 가본 적이 있던 집이다. 남산동 호화로운 집들이 즐비한 비탈에 자그마한 판잣집이 있었다. 판잣집이었지만 일각 대문일망정 그래도 대문이 달려 있다.
""이성태(바오로).""
바오로는 교명까지를 문패에 쓰던 그런 신자이기도 했던 것이다.
'역시 좋은 놈야. 어쩌다 길을 잘못 들어서 그랬지…’ 신부는 문패를 한참이나 바라다보고 있었다. 자부와 같은 애정이 샘솟듯 하는 것을 신부는 깨달았다.
""바오로…""
신부는 나직히 불렀다.신부는 그제서야 '바오로가 정말 자수를 했을까’ 하는 생각을 해보는 것 이었다. 정말 자수를 했는지 확인을 해보지 않고 쭐레쭐레 온 자기의 행실이 갑자기 쑥스러워졌지만 곧 그런 자신을 꾸짖었다.
'왜 나는 성직자로서 남을 의심하나? 더욱이 교우를.’""바오로…""
""누구세요?""
그제서야 소리가 났다. 아직도 잠이 덜 깬 음성이다. 여성이었다.
""밖에 누가 왔어요?""
문이 빼꼼히 열린다.
""나 박 신부입니다.""
""아, 신부님… ""
질색을 하는 소리다. 역시 자리 속에 있었던 모양이다. 한참 만에야 바오로의 아내가 나왔다. 곱살맞게 생긴 예쁘장한 얼굴이었다. 빗장을 빼주고  는,
""바오론 간밤 신부님한테 다녀오마구 하구 나가선 그 길루 통 안 들어왔답니다. 신부님한테 안 갔던가요?""
""왔었어.""
""그럼 어딜 갔을까. 어디 가 또 취해 쓰러진 게로군요. 몇 시나 돼서 신부님한테 서 나왔던가요? 웬만만 하면 어린 것이 성찮은 걸 보구 갔으니까 들어올 겐데요.""
""몹시 귀여워한다지?""
""밉살 맞아요, 너무 애 갖구 그러니까요. 저 같은 건 열 죽어두 괜찮구 저 놈만 살면 된다는 거야요. 호호호. 참, 나 좀 보게나. 좀 들어가세요, 신부님. 누추하지만.""
""아냐, 가야지.""
""그래도 잠깐만 들어가셔서 담배라두 한 대 피우고 가셔야지… 그런데 무슨 일로 이렇게 일찌감치 오셨습니까?""
""과자 사갖구 왔지.""
""아이 참, 신부님두. 좀 들어가세요.""
""아냐, 나 곧 가겠어. 이것 맡아 잘 뒀다가 긴하게 쓰도록 하라구.""","안녕하세요! 요청하신 소설 《죄와 벌》의 해당 회차 내용을 친절하게 요약해 드릴게요. 😊

이 내용은 주인공 **바오로**가 자신의 죄를 고해하고, 스스로를 구원하기 위해 자수를 결심하는 긴박하고도 감정적인 과정을 담고 있습니다.

### 📖 소설 내용 요약

**1. 바오로의 고해와 자수 결심**
바오로는 신부에게 자신의 죄를 고백하며, 당당히 제 발로 걸어가 자수하겠다는 굳은 의지를 보입니다. 그는 자수하기 전 마지막으로 잠든 아이들의 얼굴을 보고 싶어 하지만, 신부는 결심이 흔들릴 것을 우려해 즉시 자수하러 가라고 엄숙하게 권고합니다. 바오로는 신부에게 가족을 돌봐달라는 부탁을 남기고 무거운 마음을 덜어낸 채 길을 떠납니다.

**2. 신부의 영적 환희와 확신**
신부는 바오로의 자수 결심을 보며, 한 영혼을 거대한 악에서 구해냈다는 엄청난 기쁨과 환희를 느낍니다. 신부는 바오로의 죄가 돈 때문이었고, 피해자가 생명에 지장이 없으며, 무엇보다 자수를 했다는 점을 떠올리며 상황을 긍정적으로 판단합니다. 또한, 바오로의 가족을 돕기 위해 돈을 챙겨 그의 집을 방문하기로 결심합니다.

**3. 예상치 못한 반전과 의구심**
다음 날 새벽, 신부는 바오로의 가족을 돕기 위해 그의 판잣집을 찾아갑니다. 하지만 바오로의 아내를 만나 이야기를 나누던 중, 신부는 충격적인 사실을 알게 됩니다. 아내의 말에 따르면, 바오로는 신부를 만난 뒤 집으로 돌아오지 않았으며, 어딘가에서 술에 취해 쓰러져 있을지도 모른다는 것이었습니다. 이로 인해 '바오로가 정말로 자수를 했을까?' 하는 의구심이 신부의 마음속에 피어오르며 이야기가 마무리됩니다.

---

**💡 요약 포인트:**
이 장면은 **'죄의 고백 $\rightarrow$ 구원을 향한 결심 $\rightarrow$ 신부의 영적 기쁨 $\rightarrow$ 현실적인 불확실성(자수 여부에 대한 의문)'**으로 이어지는 흐름을 보여주며, 주인공의 심리적 갈등과 종교적 구원의 문제를 깊이 있게 다루고 있습니다.

더 궁금한 점이 있거나 다른 부분의 요약이 필요하시면 언제든 말씀해 주세요! 🌟"
죄와벌 8화,"""뭔데요, 신부님?""
""바오로가 전에 내게 맡겼던 돈이야. 바오로를 주면 또 술 먹어치울 테니까 안 나한테루 직접 가져왔어. 바오로가 어쩌면 좀 먼델 갈지 모르니까 잘 챙겨 둬요.""
""옳지. 그래, 요새 툭하면 일본으루나 가볼까, 이북으루 가볼까 그랬군요.""
""이북은 아냐. 내 또 올 게니 뭐 어려운 일이 있건 내게 찾아오라 구, 응?""
'역시 훌륭한 놈이야…’ 신부는 비탈길을 내려오면서 사뭇 콧노래라도 부르고 싶은 기분이었다.
'훌륭하구 말구, 훌륭해!’
신부는 다시 성당으로 돌아갔다. 바오로를 위해서 또 한번 기구를 드리지 않고는 견딜 수 없는 심정이던 것이다.
자기 방으로 돌아온 것은 열시나 되어서였다.이쯤 되면 호외가 돔직도 한 시간이다.
그러나 열시 반이 지나도록 그런 기색도 안 보인다. 시적시적 거리에 나 가보았으나 통 그런 눈치도 안 보인다.
'그렇지. 자수했다고 어떤 것이 진범인지 판단도 내리지 않고 발표부터 야할라 구. 오늘 석간쯤엔 나겠지…’
이렇게 생각하고 종일 성경만 읽었다.
그러나 석간 신문에도 자수 이야기는 한마디도 없고 박찬재의 재판이 불원간에 있으리라는 내용의 기사가 이단으로 났을 뿐이었다. 그렇게 떠들어 대던 사건도 벌써 잊기 시작하는 모양이다. 궁금해서 신문사 친구한테도 알아보았으나 별다른 사실은 없다는 것이다.
""그럼 사건에 관한 무슨 소식이라도 듣거든 연락을 좀 해주게나.""
이렇게 부탁을 하고 언제 분관에서 전화 연락이 오는가 거기에만 신경을 쓰고 있으나 그날도 그대로 지나가 버린다.
'오늘 밤에 나 가려나?’
이런 생각도 했으나 이튿날 오전까지도 아무런 소식이 없다. 대체 어찌 된 셈인가.오후에는 어떻게 된 속인가 싶어 바오로의 집을 또 찾았다. 안 나는 도리어 반 색을 하며 바오로를 못 봤느냐는 것이다.
'짜고 하는 노릇인가?’
그런 의심도 들지 않는 바 아니나 그는 금세 그런 자신을 꾸짖었다. 남을의 심하는 것도 죄인 것이다.
""바오롤 안 주시구 돈을 절 갖다 주셔서 신부님이 친정 아버지처럼 생각 돼요. 정말 잘 불려서 살림 밑천을 해야겠어요. 바오로 보구 두 얼마 동안 말씀 말아주세요.""
""그러지.""
신부는 이렇게 대답하고, 바오로가 오거든 급히 상의할 일이 있으니 어쨌든 곧 내려오도록 일러놓고 자기 방으로 돌아왔다. 방에 돌아오니 누이가 다녀갔었다. 차라리 죽어버렸으면 좋겠다고 편지를 써놓고 갔다. 아무 데라도 좋으니 취직을 시켜주면 싶었다는 말을 썼다가는 박박 지워버렸다. 무능한 그보다도 찬 신부 오빠에 대한 반감이 썼다가 흐린 붓끝에서도 느껴지는 것이었다. 사실 부모한테는 찬 아들이었고 형제간에는 무심한 형이요 오라비 였다. 그러나 어찌할 수 없는 일이었다. 그는 천주의 아들일 뿐이었던 것이다. 이것이 교규였다.'신과 인간은 이렇게 격리되어야만 하는가?’
신부는 처음으로 이런 생각도 해본다.
그러나 그는 이내 그런 생각을 떨쳐버렸다. 신과 인간과를 한 입으로 말 하는 것도 그의 관습상 허락되지가 않던 것이다.
이튿날도 이튿날도 바오로는 나타나지 않았다. 신문사에서는 아무런 소식도 없다. 안나라도 한번 옴직한데 안 나한테서조차 이렇다는 말 한마디가 없는 것이다. 바오로도 안 나도 성당에까지 얼굴을 보여주지 않던 것이다. 신부는 초조했다. 그는 몽유병자처럼 휘적 자기 방을 나왔다. 성당에 들러 주 앞에 엎드리어 바오로를 위하여 오랜 기구를 올리는 것이었다. 주 앞에 나가니 모든 감정이 순간에 정화가 된다. 배신자에 대한 감정도 없었다. 오직 마귀한테 붙들려서 한 발짝도 헤어나지 못하는 불행한 바오로가 천주의 안배로 성총의 도움을 받고 참고해를 하여 죄 사함을 받게 되기를 기구할 따름이었다. 아우를 구해야 하겠다는 생각이 이 기구를 올리는 동안 자기 마음 그 어느 구석에서도 단 한 가닥이 없음을 깨닫는 기쁨이란 컸었다.
'바오로, 돌아오라, 천주의 품안으로…’또 하루가 갔다. 신부는 더 참고 견디기가 어려웠다. 방을 나왔다. 벌써 어둡기 시작하고 있었다. 그의 발길은 자기도 모르게 남산 쪽으로 옮겨지는 것이다. 바오로는 역시 집에도 돌아와 있지 않았다. 그 대신 편지 한 장이 왔다는 것이다.신부는 그 편지를 받아 읽었다.
'꼭 찾아야 할 사람이 있어 시골 좀 간다. 그자만 찾는다면 곧 들어가마 — ’ 이런 내용의 간단한 편지였다. 우편국 소인은 상인천이었다.
'교사자를 찾아 함께 자수하자는 계획일까?’
그러나 그것은 무모한 짓이라 했다. 죄인은 자기의 죄만을 처리하면 그 만인 것이다. 그보다도 그에게 그런 죄를 교사한 인간은 반드시 신자가 아닐 것이요, 그 어떤 중요한 — 어쩌면 정치적인 목적이 있을 것이고 보니 그렇게 만만히 자수를 할 것도 아니리라 했다.","안녕하세요! 요청하신 소설 내용을 친절하게 요약해 드릴게요. 😊

제공해주신 내용은 신부라는 인물을 중심으로, 행방이 묘연해진 '바오로'라는 인물에 대한 걱정과 사건의 전개를 기다리는 긴장감을 담고 있습니다.

### **[소설 내용 요약]**

**1. 돈을 맡긴 신부와 사라진 바오로**
신부는 바오로가 돈을 술을 마시는 데 써버릴 것을 우려해, 그의 돈을 바오로 대신 안나에게 맡깁니다. 하지만 그 이후 바오로는 종적을 감추고, 신부는 신문이나 지인을 통해 바오로와 관련된 범죄 자수 소식을 기다리지만 아무런 소식도 듣지 못합니다.

**2. 신부의 고뇌와 기다림**
바오로와 안나가 모두 보이지 않자 신부는 초조함을 느낍니다. 이 과정에서 신부는 가족(누이)으로부터 신앙에만 몰두하는 자신에 대한 원망 섞인 편지를 받기도 합니다. 신부는 '신과 인간은 왜 이렇게 격리되어야 하는가'라는 근원적인 고민에 빠지기도 하지만, 이내 바오로가 죄에서 벗어나 구원받기를 바라는 마음으로 간절히 기도하며 마음을 다잡습니다.

**3. 바오로의 편지와 새로운 의문**
며칠이 지난 후, 신부는 바오로로부터 짧은 편지 한 통을 받습니다. 편지에는 ""찾아야 할 사람이 있어 시골에 간다""는 내용이 담겨 있었습니다. 신부는 바오로가 범죄를 교사한 사람을 찾아 함께 자수하려는 것인지, 혹은 그 뒤에 다른 정치적인 목적이 있는 것인지 의구심을 품으며 상황을 지켜봅니다.

---

**💡 핵심 요점:**
* **주요 인물:** 신부(관찰자 및 기도하는 자), 바오로(행방불명된 인물), 안나(돈을 맡은 인물).
* **주요 사건:** 바오로의 실종, 자수 소식을 기다리는 신부의 초조함, 그리고 바오로가 누군가를 찾으러 떠났다는 편지의 도착.
* **주제 의식:** 죄와 구원, 그리고 신앙과 인간적 삶 사이의 갈등.

내용이 도움이 되었기를 바랍니다! 더 궁금한 점이 있으면 언제든 말씀해 주세요. ✨"
죄와벌 9화,"""어딜 갔을까요, 신부님?""
""글쎄.""
""찾아야 한다는 사람이 누군지도 모르시나요?""
""글쎄… 잘 모르겠는데… "" ""뭔 얘긴진 모르겠어두 얼마 전부터, '나두 이제 맘을 바로 잡아가지구 어디 점방이나 하나 차리구 앉아야겠다. 그리구 난 밖으로 돌면서 물건 사들이구 당신은 집에서 팔구 그래서 우리 저놈이 대통령이 되게 잘 공부 시켜야 한다구 — ’ 그런 소릴 하더군요. '지금까지 사귄 놈들 그런 인간 쓰레기하 군 낼부턴 어디서 봤느냐다…’ 얼마나 고마웠던지 너무 좋아서 울구 말았었답니다.""
""좋은 놈야.""
신부는 혼잣말을 하고 있었다.
""바오론 구원받을 사람이지. 오겠지, 안심해. 오건 내게 곧 기별을 해주오. 나두 또 오지.""
""아니 신부님, 오지 마세요. 제가 연락해 올리겠습니다.""
""안난 지난 주일 성당에 두 통 안 나왔지? 성당엔 나와야지.""
""저것이 앓아서 그랬습니다.""
""웬만하건 나와요.""내리막길이라 그런지 올라올 때보다도 다리가 허청댄다. 신부는 곧장 자기 방으로 돌아왔다. 역시 아무한테서도 연락 와 있는 것이 없다.
앞으로 사흘 후면 한씨 살해 미수범의 첫 공판이 있으리라는 신문 보도가 나던 날 저녁이었다.
""아직까지도 범인의 배후 관계가 전혀 밝혀지고 있지 못하나 여러 가지를 종합 해볼 때 범인의 범행은 단독적 범행이 아니라 공범이 있다는 점과 이 범행 동기도 단순한 발작적 또는 감정상 대립이기보다는 그 어떤 정치적인 복선이 있다고 보여지고 있으니만큼 이번 공판을 계기로 범인도 그 어떤 중대한 발언을 하지 않을까 하여 많은 관심을 집중시키고 있다. 재판부 고 위층에서도 이 점에 대하여 구태여 부정을 하지 않고 있다. 아직 피스톨의 출처조차 밝혀지지 않고 있는 이 사건을 이렇게 공판을 서두르는 데도 그런 의도가 있지 않을까 하는 관측도 있다.…""이 기사를 읽은 형은 처음으로 암담해졌다.
바오로는 자수를 단념한 것이 분명했다. 그렇지 않고서는 이렇게 행방을 감출 리가 만무다.
'이북으로 밀항을 했나?’
이런 의심도 간다. 바오로가 북한 괴뢰의 간첩과도 접선이 되어 있는지도 모른다는 생각까지 드는 것이다. 편지의 소인이 부산이나 군산 등지의 남쪽 항구 였다면 혹 일본으로 밀항을 했다는 생각도 해볼 수 있었던 것이다. 그것이 인천이었다. 그러지 않아도 서해안을 타고 간첩들은 자기 집 드나들 듯하고 있다는 신문 보도가 몇 번이나 국민들을 불안에 몰아넣은 직후이기도 하다.
'설마… 설마 바오로가…’
그러나 이것은 오직 그만의 희망적인 생각이었다. 바오로는 신부를 조롱이나 하듯 꼬리를 감추고 만 것이었다. 그는 신부 주변 어느 곳에서 지금 신부를 비웃고 있을지도 모르던 것이다.또 하루가 헛되이 지나갔다.
이튿날 피정신공을 지도하고 이어 강론에 들어갔다. 그날의 강론 제목은 고해성사에 관한 이야기였다. 그는 이틀 전 어떤 무명의 여성 교우 로부터 이 고명에 관한 질의를 받고 있던 것이다. 자기는 일 신도로서 신부님을 가장 존경하고 또 숭배하고 있다는 수인사를 정중히 하고는, 자기는 남편이 알지 못하는 한 비밀을 가지고 있다. 물론 일시적인 과오로서 저질러진 죄요, 지금은 깨끗이 청산을 하기도 했지만 양심상 괴로워서 견딜 수가 없다. 첫째 남편과 천주님께 면목이 없으나 고해할 용기는 얻지 못하고 지금까지 끌어오고 있다. 이 사실을 남편에게 고백해야 하느냐 신부님께만 고해 해도 좋으냐 를 결정짓지 못하고 있다.
불행히도 나의 그 상대되는 의사는 남편과도 친한 터요, 신부님은 또 저 의 남편과도 같은 교니만큼 잘 아는 터다. 고명받은 사실은 절대로 누설 하지 않는다고 하지만 그것이 불안해서 매일 벼르면서도 고해소에 나갈 용기를 못 내고 있다. 그러니 강론을 통해서 한 번 자세히 설명해주면 좋겠다 — 상당히 달필인 이 문의에 대해서 이야기하지 않으면 안 되었던 것이다. 필시 관면 혼배나 겨우 받은 교우인 성싶다. 마침 좋은 강론 제목이기도 했다.
그 부인을 위해서 보다도 그는 자기 자신에게 고명의 존엄성을 다시 한 번 일 깨워줄 필요가 있었던 것이다.""오늘은 교우 여러분과 함께 신성 불가침의 고해 비밀에 관해서 말씀드리고자 합니다.""
신부는 이렇게 강론에 들어갔다.
""한 말로 말해서 고해 신부는 고해를 받은 사실을 이야기할 입을 갖지 못한 사람입니다. 이렇게 말씀한다면 그런 인간이 어디 있으며 다른 말은 다 하면서 고해받은 사실만 이야기 못하는 입이 세상에 어디 있느냐 ─ 이렇게 반문 하실 분도 있을 줄 압니다만 그것은 신부라는 성직의 근본을 모르는 데 서나 일어날 수 있는 의문입니다. 신부란 직책을 가진 사람은 천주님이 정 하시고 예수님이 가르치신 바 이외의 그 어떤 언행도 하지 않도록 습성을 길러 온 사람입니다. 우리 성직자가 인간이 타고난 모든 욕심을 억제하고 일생 이것을 실천할 수 있는 것은 그 사람 자체의 노력보다도 이 천주님의 뜻 속에서 살고 있기 때문입니다. 쉽게 말해서 어려서부터 왼손만 쓰기 시 작 한 사람이 삼십 년간 그대로 실천했다면 나중에는 왼손밖에 쓰지 못합니다. 그래서 왼손잡이도 있는 것입니다. 마찬가지입니다. 우리는 어려서부터 천주의 안배하심에 의하여 성총의 도움을 받자와 그 거룩하신 뜻 속에서만 살아온 것입니다. 다시 말씀하면 고해 신부는 고명을 듣는 순간에 한 가지 법이 아니라 세 가지의 엄숙한 법에 지배되는 습성을 길러오고 있는 것입니다. 그 하나는 예수께서는 성사를 세우실 때 이 고명의 신비성과 불가침과 존엄성을 말씀하시어 이의 위반이 곧 대죄임을 밝히셨고, 둘째로는 자연법이 이 고 명의 신성과 존엄을 보호하고, 셋째로는 여러분이 다 아시는 우리교의 불가침의 법규입니다. 이것을 좀더 단적으로 말씀드리면 올해가 일천구백오십육 년 입니다. 천주께서 정하신 바 있는 이 고해성사법이 실시된 이래 일천구백 년이 지난 오늘까지에는 실로 수많은 고해 신부가 또 수많은 교우들 로부터 고해를 받아왔던 것입니다. 그러나 오늘날까지 동서고금을 통하여 단 한 사람도 고명받은 사실을 누설한 고해 신부가 없었다는 이 한 가지만 가지고도 우리는 고해의 존엄성을 이해할 수 있으리라 믿습니다.""
신부는 이야기하는 동안에 자기 자신의 마음도 차분히 가라앉는 것을 깨 달았다. 좋은 음악을 듣는 그런 마음의 평화요, 그런 즐거움이었다.""이런 사실을 좀더 우리가 인상 깊게 하기 위해서 나는 가장 열 성적이던 수도자이 다가 열교자가 된 저 유명한 마르틴 루터 이야기를 — ""하다가 신부는 깜짝 놀랐다. 성당 맨 뒤 구석에서 뜻밖에도 바오로의 얼굴을 발견했던 것이다.
그러나 그는 곧 말을 이었다.
""그렇게 열성 수도자이던 루터는 한번 교회에 반기를 들기가 무섭게 교회에 대하여 무서운 악담과 모함을 하고 다니었던 것입니다. 심지어는 고해성사까지도 마귀가 생각해낸 것이라고 욕설을 퍼부었습니다. 그 루터가 어느 술 좌석에서 입니다. 루터가 술에 곤죽이 돼서 교회 욕과 천주 욕, 고해 욕 —
이렇게 함부로 퍼붓는 것을 보고 술 친구들은 재미가 나서 '여보게, 루터. 자네가 전에 들은 고명 중에서 재미있던 것 하나 들려주게나. 대개 어떤 것을 고명하러 오던가?’ 이렇게 물었던 것입니다. 그러나 그렇게 교회에 대 한 반감이 컸고 그렇게까지 취한 루터도 그 말에는 사자처럼 노하여 친구를 술병으로 후려갈겼던 것입니다. 이런 사실을 들자면 한이 없습니다. 보헤미아의 왕후 베제슬라오 왕후의 고해 신부였던 성 요안 네 뽈지에 노도 그랬습니다. 왕이 왕후를 질투해서 성 요안에게 왕후가 고해한 사실을 고백하라 강요 했습니다. 고해 신부는 물론 이것을 완강히 거절했습니다. 왕이 대노하여 고해 신부를 가죽 부대에 넣고 돌을 달아매어 모르다바 바다 속에다 던졌지만, 요행히도 돌이 떨어져서 시체가 떠올라 장례를 지냈던 것입니다. 그로부터 사백 년이나 지난 천칠백이십구년에 성 요안은 성인품에 오르게 되어 다시 이장을 했습니다만 고해 사실을 끝내 말하지 않았던 성인의 혀만은 썩지 않고 산 사람의 혀처럼 그대로 있었던 것입니다. 이 몇 가지 사실만 보아도 고해성사가 얼마나 존엄한 것인가를 알 수 있고, 이천 년이 되도록 단  한 사람의 누설자가 없는 원리도 알아지리라고 생각 합니다… ""","안녕하세요! 요청하신 소설 내용을 친절하게 요약해 드릴게요. 

이 내용은 행방불명된 '바오로'라는 인물에 대한 걱정과, 고해성사의 신성함에 대한 신부의 강론, 그리고 뜻밖의 재회를 다루고 있습니다.

---

### **[소설 내용 요약]**

**1. 바오로의 실종과 신부의 불안**
바오로가 갑자기 행방을 감추자, 그를 찾는 교우와 신부는 걱정에 빠집니다. 마침 신문에는 '한 씨 살해 미수 사건'이 정치적 음모와 관련되었을 수 있다는 보도가 나오고, 신부는 바오로가 혹시 간첩과 연루되었거나 북한으로 밀항했을지도 모른다는 불안감과 의심에 휩싸입니다. 하지만 한편으로는 그가 그저 몸을 숨기고 있는 것이기를 바라는 마음도 가집니다.

**2. 고해성사의 존엄성에 관한 강론**
신부는 과거의 잘못을 남편에게 말해야 할지, 신부에게만 고해해야 할지 고민하는 한 여성 교우의 질문을 받습니다. 신부는 이 고민을 바탕으로 '고해성사의 비밀과 존엄성'을 주제로 강론을 준비합니다. 그는 성직자는 천주님의 뜻에 따라 고해 내용을 절대로 발설해서는 안 되는 존재임을 강조하며, 마르틴 루터나 성 요안 네 뽈지에의 사례를 들어 고해의 신성함을 역설합니다.

**3. 뜻밖의 발견**
강론을 통해 스스로의 마음을 차분히 가라앉히며 열정적으로 이야기를 이어가던 신부는, 성당 맨 뒤 구석에서 뜻밖에 행방불명되었던 **바오로의 얼굴을 발견**하며 깜짝 놀라게 됩니다.

---

요약이 도움이 되었기를 바랍니다! 더 궁금한 점이 있으면 언제든 말씀해 주세요. 😊"
죄와벌 10화,"신부는 여기에서 강론을 끝맺고 단에서 내려왔다. 강론 중에도 물론 그 의 시선은 대부분 바오로에게 가서 있었다. 바오로는 고개를 푹 숙이고 듣고 있던 것이다.
한두 번 둘이 시선이 마주친 적이 있었다. 그때마다 바오로가 먼저 시선을 피 했었다.
'날 찾으려나?’
신부는 단을 내려오면서도 바오로만 주시하고 있다.
그러나 바오로는 그대로 밖으로 나가는 것이 아닌가.
어쨌든 바오로를 만나야 했다. 그렇다고 신도들 앞에서 쫓아갈 수도 없었지만 뚫고 나갈 수도 없다. 하는 수 없이 한 교우를 붙들고,
""이 바오로 날 좀 만나고 가라고 일러주시오.""
이렇게 부탁을 하고는 문 쪽만 바라본다. 부르러 갔던 사람조차 나타나지를 않는다.
신부는 강단 앞에 그대로 서 있었다. 교우들이 거의 다 흩어졌을 무렵 해서야 부르러 갔던 청년만이 되돌아왔다. 쫓아가니까 마침 지나가는 택시를 타고 가더라는 것이다.
""내가 보잔 말은 전해졌나?""
""네, 들었을 겝니다.""
""됐어, 그럼. 저녁에라두 내게 오겠지.""
이렇게 태연히 말을 했지만 실상 그렇게 마음이 평탄한 것은 아니었다. 바오로는 다시 돌아오지 않느니라 했다. 돌아올 사람이라면 택시까지 타고 달아날 리가 만무다.
""배신자…""
신부의 입에서 비로소 이런 소리가 나갔다.7
「나는 고백한다」가 첫 개봉을 한다는 날은 공교롭게도 아우의 첫 공 판이 있는 날이었다. 특수한 경우 이외에는 일반 극장에 발을 들여놓지 않는 것이 성직자한테는 일종의 계명처럼 되어 있었다. 그런 것이 습관이 되어 영화 광고 같은 것은 챙겨본 일도 없던 박 신부의 눈에 어느 날 신문을 펴 들자마자 신부의 사진이 눈 속으로 쑥 들어왔었다.
""미친 사람들. 어디 인물이 없어서 하필이면 고요히 수도하는 성직자를  끌어 내더람. 악취미야. 악취미도 이만저만한 악취미가 아니지… ""
일종의 불쾌감까지 났었다.
그날은 그러고 잊었었다.그 뒤 며칠이 지나서다. 내일의 강론 준비를 하고 있으려니까 가톨릭 문 학회 회원의 한 사람인 젊은 시인이 지나가는 길에 들렀다 하며 찾아왔었다. 여러 가지 이야기가 화제에 올랐다. 문학, 국회, 신문, 여러 가지 이야기가 나오다가,
""참 신부님, 「나는 고백한다」란 영화를 곧 할 텐데 한번 보십시오."" 하고 권하던 것이다.
""유 군이나 보시오. 나는 별루 흥미가 없어… ""
""전 봤습니다. 벌써 그저께 시사횔 했어요. 그래 가 봤는데 참 좋아요. 참고가 되실 겝니다. 신부님께두.""
""유 군… 날 아직도 그런 정도로밖에 평갈 않는가? 영화를 보고 배워 야할 — """"아니, 그런 의미는 아닙니다만, 신부를 참 잘 그렸어요.""
""그래, 그렇게 두 좋다면 한번 보아두지.""
그러고 말았었다. 아우의 사건이 터지기 며칠 전 일이었다. 그런 일에 등한 한 그는 그 영화는 이미 끝난 것으로만 알고 있었더니 그때 본 광고는 예고 였던 모양이었다. 그러자 이 사건이 터졌었고 그런 후로는 신문도 사회면 먼저 폈다가 덮고 하는 생활이 계속되었다.그가 「나는 고백한다」라는 영화에 관심을 갖기 시작한 것도 바오로의 고명을 받고서였다. 날마다 광고를 보아야 언제 한다는 이야기는 없었다. 그러다가 날짜가 발표되고 보니 공교 롭게 도 아우의 첫 공판이 있으리라는 바로 그날이었다.
영화의 내용 이야기가 약간 신문에도 소개된 것이 호기심을 끌어주던 것이다. 마치 자기가 당하고 있는 사건이 영화화된 것처럼 일종의 흥분까지 느껴진다.
아침도 궐하고 시간 전에 재판소에 뛰어가 보니 어디서도 모른다는 것이다. 한 시간 턱이나 기다리다가서야 공판이 무기 연기되었다는 사실을 알고 아침 겸 점심 겸, 어쩌면 저녁 겸도 될지도 모르는 식사를 하고 영화관으로 갔던 것이다. 눈에 뜨이는 복장이어서 불만했지만 신부 영화라는 점에서 사람들도 관대하게 보아주는 것 같았다. 불란서 신부도 한 사람 와 있어준 것이 어찌나 고마운지 몰랐다.
영화를 보는 동안 너무 긴장되었던 탓인지 방에 돌아오니 피로가 왈칵 온다. 조갈이 드는 것 같아서 물병을 집으러 가려니 진이 눈에 띈다. 아직도  삼 분의 일은 넘게 남아 있다. 손이 그쪽으로 가다가는 움칫해졌다. 바오로가 사건 이후에 사온 술을 마셔야 하는가 했다.
'그러니까 마셔야지.’
쓴웃음이 입가에 돈다. 술도 오늘은 썼다.'이래서는 안 된다.’
느닷없이 이런 생각이 붕 떠올랐다. 그러면서도 무엇이 어떻게 안 된다는 것인지 집어낼 수는 없다. 그저 모든 것이 그럴 것만 같다. 바오로의 술은 먹어서도 안 되고, 안 먹어서도 안 되고, 이러고 있어서도 안 되지만 그렇다고 움직여서는 더 안 될 것만 같다. 사실 그렇기도 했다. 이대로 방에 서 궁상만 떨고 있을 수야 있느냐? 내가 이러고 있는 이 시간에도 아우의, 피를 나눈 오직 하나뿐인 아우의 생명은 시시각각으로 위축되고 있는 것이다.
한 선이 악 앞에서 유린을 당하고 있는 이 순간에 이러고 있어 좋으냐 했다. 이러고 있는 동안에 한 선은 악 밑에서 여지없이 짓밟히고 할퀴우고 찢기고, 그래서 영원히 소멸해가는 반면 악은 허세를 부리며 살쪄가고 있는 것이다. 형은 벌떡 일어났다. 소리를 내어 잔을 테이블에 놓았다. 잘깍 소리와 함께 신통하게도 반이 짝 갈라진다. 그러나 금세 또 마음속에 부르짖던 것이다.
'아니다. 아니다. 천 번 만 번 아니다. 나는 가만히 있어야 한다. 이 대 로이 방안에 있어야 한다. 한 발짝이라도 방 밖으로 나가서는 안 된다. 대체 어 디를 가겠다는 것이냐? 바오로한테? 아니다. 갈 필요가 없다. 고명을 강요 하는 것은 신부의 직책이 아니다. 그러면 경찰? 경찰과 나와 무슨 관련이 있느냐.’
그는 또 주저앉고 말았다, 털퍽 —이튿날도 바오로는 나타날 줄을 몰랐다. 물론 성당에도 안 나왔다. 모처럼 안 나가 나와 있었다. 안 나는 딱 잡아뗀다. 도리어,
""좀 찾아주세요, 신부님!""
이렇게 되달라붙던 것이다.
'짠 것이 아닌가? 자꾸 하는 수작이?’
이렇게도 의심이 간다.
그러고 보니 모두가 바오로 부부가 짜고서 하는 노릇 같기도 하다. 지금까지에 도 수없이 한 이야기를 편지로까지 강론 시간에 해달란 것도 바오로의 수단이 아닌가 싶어도 진다.
'제가 듣기 위해서가 아니라 나한테 말을 시키기 위해서?’
'편지란 것도 안나의 필적이 아닐까?’
한번 의심이 나기 시작하더니 끝이 없다.
그동안 딴청을 부리던 안나의 태도에도 하기는 수상한 구절이 도시 없지도 않다. 그만한 큰돈을 받고도 거기에 대해서는 그 후 말 한마디 없다. 성당에나 오지 않는 것도 수상하다면 수상치 않을 것도 없다.
'그렇다!’ 하고 신부는 부르짖었다.
'그러니 어떻다는 게냐?’
그 말에는 아무런 대답도 나가지 않았다.
그는 또 잔으로 손을 가져갔다.","안녕하세요! 요청하신 소설 내용을 친절하게 요약해 드릴게요. 

이 내용은 **박 신부**라는 인물이 겪는 심리적 혼란, 배신감, 그리고 주변 인물들에 대한 의심을 중심으로 전개됩니다. 주요 내용은 다음과 같습니다.

**1. 바오로와의 단절과 배신감**
강론이 끝난 후, 신부는 바오로를 만나려 하지만 바오로는 시선을 피하며 택시를 타고 떠나버립니다. 신부는 자신을 찾아오겠다고 했던 바오로가 도망치듯 떠나버리자 그를 '배신자'라고 부르며 깊은 상처와 불쾌감을 느낍니다.

**2. 영화 「나는 고백한다」와 아우의 재판**
신부의 아우가 재판을 받는 날, 성직자의 삶을 다룬 영화 「나는 고백한다」가 개봉합니다. 처음에는 영화에 대해 거부감을 보였던 신부였지만, 자신의 처지와 영화의 내용이 묘하게 겹쳐 보이는 듯한 느낌을 받으며 결국 영화를 관람하게 됩니다.

**3. 극심한 내적 갈등과 도덕적 괴리**
영화를 보고 돌아온 신부는 극심한 피로와 정신적 고통에 시달립니다. 아우의 생명이 위태로운 상황(악이 선을 유린하는 상황)에서 자신은 아무것도 하지 못하고 방안에 머물러 있다는 사실에 자책하며, '행동해야 한다'는 의지와 '가만히 있어야 한다'는 불안감 사이에서 격렬하게 갈등합니다.

**4. 의심과 편집증적 사고**
신부는 점차 주변 인물들을 의심하기 시작합니다. 바오로가 자신을 만나려 했던 행동이나 안나의 태도가 모두 자신을 조종하거나 어떤 목적을 위해 짜인 연극이 아닐까 하는 의심에 빠집니다. 이러한 의심은 꼬리에 꼬리를 물며 신부를 끝없는 혼란 속으로 몰아넣습니다.

---
**요약하자면:** 
이 글은 **외부적인 사건(바오로의 회피, 아우의 재판)**과 **내부적인 심리 변화(배신감, 자책, 의심)**가 맞물리며, 한 인간이 겪는 정신적 붕괴와 도덕적 고뇌를 깊이 있게 보여주고 있습니다.

더 궁금한 점이 있으면 언제든 말씀해 주세요! 😊"
죄와벌 11화,"이튿날 아침 조간을 펴들었던 형은 자기도 모르게 외마디 소리를 쳤다.
""간첩의 대거물 조원호 체포""라는 큼직한 글자 밑에 역시 특호나 되는 성 싶은 활자로,
""한씨 살해 미수 사건의 주범 박의 배후 인물?""
""뭐?""
형은 아연했다.
""날로 격증해 가는 간첩의 활동을 봉쇄하고자 지난 십일부터 극 비밀리에 본격적인 간첩 색출에 정진한 결과 대소 네 건의 간첩단을 검거하게 되었거니와 특히 이번 체포된 간첩 중에는 북한 괴뢰의 검사를 지낸 최대 거물 인조 원호가 끼여 있어… ""
그러나 무엇보다도 놀란 것은 조원호는 남 한 십대 재벌에 든다고까지 일컫는 실업가로 물산회사, 운수회사, 원양사업 등 각 기업체를 갖고 있을 뿐더러 그 재산은 삼십억에 달하고 오백 명의 직원을 포용한 대사업가라는 것이다.그는 각 은행에서도 막대한 돈을 끌어내다 쓰고 있고 경제교란으로 남한을 궁지에 빠뜨리는 동시에 각종 기밀을 전파로 북한에 보내어 신문 광고, 기타의 암호로 국회, 정부, 민심 동향 등을 수시로 타전하고 있었 음이 밝혀졌다고도 했다.
압수된 기재로는 무전기 두 대, 기관단 총 두 정, 실탄 팔백여 발, 사진기 한 대, 수류탄 여덟 개, 권총 소제 미제 각 한 정씩, 미화 이천 불.
우선 주범만은 잡았지만 배후 관계가 드러나지 않아서 재판 진행도 보류중이던 한씨 살해 미수범인 박찬재가 조원호의 직계였다는 윤곽만은 이미 포착한 듯하다는 것이니 문제는 정말 커지고 말았다.
이의 방증으로서 조원호는 정부, 정계, 재벌 등 거물급과 상당히 접근 해왔다는 점과 특히 한씨가 저격을 받던 날 밤에도 조원호는 한씨 집에 초대 되어 약간 일찍이 돌아갔다는 사실도 드러난 데 있다는 것이다.
이쯤 되면 바오로가 간첩이었거나 간첩과 연락이 있거나 한 것만은 더 의  심할 여지가 없다.
형은 억울한 아우를 구하는 데 일루의 희망이 비쳤느니라 했다.""살인자 바오로.""
""교리의 배신자, 이단자, 모고해자.""
그뿐이 아니었다. 거기에 그는 또 무서운 '간첩’이었던 것이다.
""간첩, 살인범.""
이것만으로도 바오로는 구원받을 수 없느니라 한 형이었다. 그는 자기가 적어도 선을 주장하고 악을 증오하는 인류에 공통된 일반법의 준수자라 했고, 모고해로 영성체를 한 교리의 배신자를 교법으로써 처리해야 할 권한 자라 했으며, 인간 최고의 대죄인 살인행위를 인간 사회에서 근절시킬 의무와 직책과 양식을 가진 자라 했다. 아니, 또 그는 국민의 한 사람으로서 국가의 안녕 질서를 파괴하는 일체의 비합법적 행위에 대하여 감연히 싸워야 할 국민의 한 사람이니라 했다. 이것은 미요, 선이요, 진이다. 격한 나머지 그는 이 진과 선과 미를 수호하기 위한 그 어떤 행위도 천주님의 안 배시니라 착각까지 하고 있었다.""이것이 가톨릭의 정신이 아니고 무엇이랴? 나는… 나는 이것을 밝혀 야한다.""
그는 이렇게 부르짖고 있다.
""너는 천주 십계와 가톨릭 법규에 반역할 셈이냐?""
천장 — 분명히 천장에서 이런 소리가 들려온다.
그러나 그는 그 소리에도 항거했다.
""그렇습니다.""
""천주께서 고해의 불가침법을 정하신 지 천구백오십육 년이 되는 오늘날까지 단 한 사람의 배신자도 내지 않은 이 거룩한 법규를 깨뜨릴 생각이냐?""
이 무서운 질책에도 그는 굽히지 않았다.
""그렇습니다. 천구백오십육 년간에 단 한 사람의 배신자도 못 났으니까 한국에서 한 사람쯤 나도 좋지 않겠습니까?""
""요셉!""형은 소스라치게 놀랐다. 그는 앉았던 의자에서 벌떡 일어나며 동쪽 벽 앞으로 가서 무릎을 꿇고 복죄를 했다. 그 소리는 분명히 이쪽에서 났던 것이다. 벽에 걸린 십자가에 못박히신 예수의 입에서 나온 음성임에 틀림이 없던 것이다.
""주여… 성총을 베푸소서.""신부는 십자가 앞에 나아가 무릎을 세웠다.
""전능하신 천주여, 주 우리를 오늘까지 있게 하신지라, 비오니 권능으로 우리를 구하사 오늘날에 일체 죄에 떨어지지 말게 하시고 또한 생각과 말과 행위를 인도하사 주의 명을 정성으로 받들게 하시되 우리 주 그리스도를… 위 하여 하소서… 천지대구 오 주 천주여, 오늘날 우리의 마음과 몸과 생각과 말과 행동을 바르고 거룩케 하시며 어거하고 다스리사 네 법령과 계명을 좇아 지키게 하사 우리로 하여금… ""
신부는 죄의식에 사로잡혀 있었다. 이대로만 간다면 무슨 대죄를 범 할지도 모르느니라 했다.
그는 또 바오로를 위하여도 십자를 그었다.
""… 예수 참 목자 동무 잃은 양을 찾아 얻어 어깨에 메고 우리로 돌아 오심을 찬미 하나이다. 구하오니 예수는 이 바오로를 불쌍히 여기사 친절히 통회 개과함을 주시고 그 착한 행실로 은혜로이 사하심을 입어 천주을 즐겁 게 하고 성 교회를 위로하게 하소서… ""바오로를 위하여 이렇게 기구를 올리는 동안에 신부는 차차 마음의 안정이 얻어지는 것이었다. 바오로의 이름은 벌써 증오의 대상은 아니었다. 죄를 짓고도 고해를 못하는 바오로와 함께 고민하고 슬퍼해줄 수 있는 심경이 되던 것이다. 죄에 대한 중압에 못 견디어 자수를 하러 갔다가도 그도 역시 인간 이기 때문에 용기를 내지 못하고 되돌아서 오는 바오로의 모습이 눈앞에 떠오른다. 죄를 짓고도 고해를 못하는, 자수를 못하는 한 인간의 괴로움이란 형벌보다도 더 무서운 고통일 것이었다. 형벌보다도 더 무서운 고통 — 육체적 고통보다도 마음의 고통이 얼마나 더 가혹한 형벌이랴.
'바오로는 악인은 아니다. 그는 내게 고해를 하지 않았느냐. 그가 자수를 못 하는 것은 그만큼 마음의 고통이 주는 형벌을 받기 위해서다. 육체적 고통보다도 마음의 고통이 그의 마음을 정화시켜주고 안정시켜 줄 것이다…’
그러면서도 그는 역시 안타까웠다.
자칫하면 배신자에 대한 증오감에 휘감기게 되는 자신을 어찌할 수가 없었다.","안녕하세요! 요청하신 소설 《죄와 벌》 11화의 내용을 친절하게 요약해 드릴게요.

이 내용은 주인공(혹은 신부인 요셉)이 마주한 **'세속적 정의'와 '종교적 신념' 사이의 처절한 갈등**을 다루고 있습니다.

---

### 📝 소설 내용 요약

**1. 충격적인 뉴스: 거물 간첩의 체포**
신부(형)는 신문을 통해 거물급 실업가이자 간첩인 '조원호'가 체포되었다는 소식을 접합니다. 조원호는 한씨 살해 미수 사건의 배후로 지목되었으며, 막대한 재산을 이용해 국가 경제를 교란하고 기밀을 북한에 넘겨온 인물임이 밝혀집니다.

**2. 바오로를 향한 의심과 갈등**
이 사건은 곧 '바오로'에게 화살이 됩니다. 조원호와 사건의 연관성이 드러나면서, 바오로 역시 간첩이거나 살인범일 가능성이 매우 높아졌기 때문입니다. 신부는 정의를 수호하고 국가의 안녕을 지켜야 한다는 '인간으로서의 의무'와, 고해성사의 비밀을 절대적으로 지켜야 한다는 '가톨릭의 법규' 사이에서 극심한 정신적 고통을 겪습니다.

**3. 신앙적 고뇌와 기도**
신부는 마치 십자가에서 예수의 목소리가 들리는 듯한 환청을 느끼며, 고해의 비밀을 깨뜨릴 것인지에 대해 스스로에게 질문을 던집니다. 그는 결국 종교적 원칙을 지키겠다는 결단을 내리지만, 그 과정에서 느끼는 죄책감과 두려움에 휩싸여 간절히 기도하며 마음의 안정을 찾으려 애씁니다.

**4. 증오에서 연민으로**
결국 신부는 바오로를 향한 증오심을 내려놓습니다. 그는 바오로가 자수를 하지 못하고 괴로워하는 모습이, 오히려 육체적 형벌보다 더 가혹한 '마음의 형벌'을 스스로 받고 있는 것이라 이해하게 됩니다. 신부는 바오로를 악인으로 단정하기보다, 죄책감 속에서 고통받는 한 인간으로서 가엾게 여기며 연민의 마음을 갖게 됩니다.

---

**💡 요약 포인트:**
이 장은 **""사회적 정의를 위해 진실을 밝혀야 하는가, 아니면 종교적 성스러움을 위해 비밀을 지켜야 하는가?""**라는 딜레마를 보여주며, 인물이 느끼는 심리적 압박과 인간에 대한 깊은 연민을 섬세하게 묘사하고 있습니다.

내용 이해에 도움이 되었기를 바랍니다! 더 궁금한 점이 있으면 언제든 말씀해 주세요. 😊"
죄와벌 12화,"8 신과 인간.
인간과 신.
선과 악.
악과 선.
신과 악.
개정 한 시간 전부터 형은 맨 앞자리를 잡고 앉아 이런 단어들을 이리저리 붙여도 보고 떼어도 보고 있었다. 이렇게 붙여보나 저렇게 붙여보나 꼭 그 말이 그 말만 같았다. 악과 선은 상극이니라 해온 형이었다. 그러나 몇 번 되풀이 해보는 동안에 선과 악에 대한 관념이 아리송해진다. 신과 인간과의 관념도 그랬고, 악과 선을 맞붙여 보아도 나중에는 두 개의 단어가 갖는 어감부터가 비슷비슷해지던 것이다.지금 확실히 이 불행한 형은 이 여러 개의 단어에 대한 관념에 혼란을 일으키고 있는 것이었다. '선과 악이 근본적으로 다를 것이 무엇이냐’ 했다.
'훌륭한 선이 악으로 된 일도 얼마든지 있었고, 무서운 악이 위대한 선으로서 통한 예도 얼마든지 들 수 있다 했다. 역사에는 말할 것도 없지만 현실에도 얼마든지 있지 않으냐.
우선 내 아우만 해도 그렇지 않으냐? 아우는 확실히 인간이 규정한 선의 권내에 드는 사람이라 했다. 무신자라 해서 전부가 악인으로 간주될 수는 없지 않으냐.
적어도 아우는 악인은 아니었다. 또 악한 일을 한 적도 없다. 한씨를 죽인 것은 절대로 아우가 아니다. 그것은 이내 판명될 것이다.
그러나 세상은 그를 악인으로 부르고 있고 법은 또 선량한 한 인간에게 죄인의 낙인을 찍으려고 방대한 예산을 세워서 이런 건물을 마련하고 있는 것이다.
방청객만 해도 그렇다. 이들 중에서 내 아우를 — 천주 앞에 맹세하여 죄인도 악인도 아닌 내 아우를 선인이라고 보아줄 사람이 과연 하나인들 있겠는가. 아니, 내 아우가 선인이기를 바라는 사람조차 단 한 사람 없을 것이다. 그렇게 되기를 바라서 온 사람은 하나도 없이 모두가 극형을 받는 내 아우의 처참한 얼굴 표정을 봄으로써 느끼는 악마적인 쾌감 때문에 이렇게들 모여든 것이 아니고 무엇이냐.’'너희들이야말로 악의 제조자요 악을 즐기는 향락자다.’
형의 감정은 점점 격해갔다. 그의 시선은 악을 가장 미워하는 체하면서 기실 내심으로 모든 인간이 악인이기를 바라고 악인이 없으면 제조라도 해서 악을 즐기자는 방청객의 하나하나를 훑고 있었다. 무서운 증오였다. 무서운 반발 이었고 항거였다. 반역적인 심정이었었다.
'죽일 놈들.’
'더러운 놈들.’
범인이 신부의 아우라는 것을 알고 있는 방청객들은 신부복만을 보고도 모두들 수군대었다.
""저 신부가 형이래.""
이런 소리도 들렸고,
""제 동생 하나 잘 인도 못하는 게 무슨 신부 노릇을 하더람.""
들으라고 일부러 이렇게 큰 소리로 하는 여자 음성도 들린다.
그러나 형은 의젓했다.
'잘못 인도한 것이 뭐냐, 인도 못한 것은 너희와 같은 종류의 인간들이다.’
내 아우는 죄인이 아니라는 사실 이 형을 도저하게 만들어주고 있었다.
형은 조금도 거리낌없이 소리나는 쪽으로 고개를 쓱 돌릴 수도 있던 것이다.
'그렇다. 내가 뭣 때문에 기가 죽으랴.’이윽고 재판관들이 정내에 들어왔다. 어마어마한 복장이었다.
'무죄한 사람을 죄인을 만드는 데는 저런 옷을 입는 모양인가.’
형은 이런 구경이 처음이었던지라 이렇게 생각했다.
재판관들이 착석을 하자 무죄한 죄인인 아우가 끌려나왔다. 언도 공판에서 십 년이라는 형을 받은 관계도 있겠지만 요전 볼 때보다는 처참하게 야위었다. 십 년 구형에 검사가 상고를 한 것이다. 십 년은 적다는 것이었다.
""죄 짓지 않은 사람한테 십 년도 과하지 십 년도 적다는 조목은 형법 제 몇 조에 있던고… ""
형은 옆 사람도 듣게 말을 했다.
한참 변론이 벌어졌다. 변호사는 극력 무죄를 주장하고 있었다. 그러나 모두가 추상론이었다. 또 그럴 수밖에는, 없기도 했다. 형한테 변호를 시킨다면 단 한 마디로 족했던 것이다.
""박 신부한테 고해한 바오로를 불러 오시오.""
그러나 변호사는 이 말을 않던 것이다. 알 리가 없었다. 이 세상에서 이 사실을 아는 사람은 오직 바오로 자신과 박 신부뿐이었던 것이다. 본인이 자수하거나, 고해 신부가 고해 사실을 누설하거나 하지 않고서는 이 문제는 해결 될 수 없는 것이었다.
그 당자인 바오로는 그 후 행방을 싹 감추고 만 것이다.
고해신부는 법정에까지 나타났지만 그는 불행히도 고해를 듣는 귀는 가졌어도 그 사실을 옮길 줄 아는 입을 갖고 있지 못했었다.검사의 논고가 시작 되었다.
이미 알고 있었던 죄과에 놀랄 만한 새 범죄 사실이 첨가되어 있었다.
""피고는 북한 괴뢰의 최대 거물 간첩 조원호와 정을 같이하고 간첩 조의 직접 지시를 받아… ""
이렇게 되어 있는 것이다. 아우는 가만 있었다. 그것이 무슨 의미인지 해득을 못하는 사람 같아 보인다. 형만이 발을 동동 굴렀다. 그러나 아무런 소 용도 없었다. 그는 입이 없었으니까 ―
긴 논고가 끝나고 피고에게 할 말이 없느냐고 묻는다.
""없습니다.""
아우는 이 한마디만 했다가 다시,
""해야 소용없으니까요.""
법정은 잠시 휴게로 들어갔다. 재판관들의 형 심의를 위해서였다. 삼십 분이란 시간이 이렇게도 긴 것이었던가. 형은 아우의 얼굴을 자꾸 훔쳐 보고 또 보고 했다. 집에서는 웬일인지 누이까지 오지 않았었다. 와서 찔찔 우느니보다는 잘 되었느니라 싶기도 했다. 다시 방청객은 쑤얼댄다. 재판관들 이입 정을 하던 것이다.이때였다. 형은 자기의 눈을 의심했다. 들어오는 재판장의 낯빛에서 형 의경중을 알아보자던 형의 눈 속으로 낯익은 얼굴 하나가 버쩍 달려들던 것이다. 찾던 얼굴이었다. 나타나기를 바라던 얼굴이었다.
 ""바오로!""
 법정인 줄도 잊고 형은 고함을 쳤다.
 형은 또 한번 놀라지 않을 수 없었다. 바오로는 뜻밖에도 이렇게 대답 한 것 이었다.
 ""염려 마세요.""
 그것도 웃으면서였던 것이다.
 ""바오론 역시 좋은 놈야.""
 형은 또 한번 입 안에서 뇌었다.
 ""좋은 놈이구 말구. 나보다 난 놈야.""
 재판관들의 착석이 끝나자 개정이 선언되었다. 마귀의 소리 같던 것이 숫제 음악이었다. 얼마나 통쾌한 일이냐 했다. 얼마나 즐거운 일이냐. 그리고 또 얼마나 선이 뻗어가는 세상이고.
 ""피고 박찬재에 대한 죄과를… ""
 음악은 계속되었다. 전 죄과에 대하여 최후의 단안을 내리고 있다. 형은 이 때나 저 때나 하고 바오로의 입만 쳐다보고 있다.
 ""심판원 전원이 이에 찬성하였으므로 ― "" 바오로는 그래도 입을 봉한 채였다. 형은 벌떡 일어났다. 그때, 바로 그 찰나에 재판장의 입에서 언도 선언이 끝났었다.
""사형!""
재판장의 사형 소리를 듣더니 바오로는 출구 쪽으로 휭 나가고 있었다. 형 신부는 자기도 모르게 층계를 내려오는 재판장 앞에 딱 다가섰던 것이다. 그리고 고함을 쳤다.
""진범은 저놈입니다.""
그러나 그때는 벌써 바오로는 보이지 않았다.
""나는 압니다. 나는 압니다. 저놈, 저놈, 배신자 저놈!""
""박 신부, 뭔가? 그게 다 뭔 소리야?""
어깨를 잡아 흔드는데 보니 재판장이 아니다. 재판소도 아니다. 난로 앞 의자에 앉은 채였다. 박 신부는 벌떡 일어났다. 눈을 비비고 보아도 재판장이 아니다. 법정도 아니었다.
주교님이시다.
""이 사람, 앉아서 무슨 잠꼬대가 그리 심한가. 심신이 약한 탓야. 좋은 소식 가져왔소. 진범이 자수를 했소그려.""
""네? 자수했습니까, 바오로가?""
박 신부는 어떤 것이 꿈인지 잠시 분간이 안 갔다.
""그래두 했군요.""
""했어.""
""역시 귀여운 놈이군.""
""인제 박 신부도 한 걱정 놨군. 나, 가네."" 하고 나가는 주교님의 발 앞에 꿇어 앉으며,
""주교님! 고해 받아주십시오. 저는 고해 신부로서 고해 받은 사실을 누설한 대죄를 범 했습니다… ""이때였다. 형은 자기의 눈을 의심했다. 들어오는 재판장의 낯빛에서 형 의경중을 알아보자던 형의 눈 속으로 낯익은 얼굴 하나가 버쩍 달려들던 것이다. 찾던 얼굴이었다. 나타나기를 바라던 얼굴이었다.
""바오로!""
법정인 줄도 잊고 형은 고함을 쳤다.
형은 또 한번 놀라지 않을 수 없었다. 바오로는 뜻밖에도 이렇게 대답 한 것 이었다.
""염려 마세요.""
그것도 웃으면서였던 것이다.
""바오론 역시 좋은 놈야.""
형은 또 한번 입 안에서 뇌었다.
""좋은 놈이구 말구. 나보다 난 놈야.""
재판관들의 착석이 끝나자 개정이 선언되었다. 마귀의 소리 같던 것이 숫제 음악이었다. 얼마나 통쾌한 일이냐 했다. 얼마나 즐거운 일이냐. 그리고 또 얼마나 선이 뻗어가는 세상이고.
""피고 박찬재에 대한 죄과를… ""
음악은 계속되었다. 전 죄과에 대하여 최후의 단안을 내리고 있다. 형은 이 때나 저 때나 하고 바오로의 입만 쳐다보고 있다.
""심판원 전원이 이에 찬성하였으므로 ― "" 바오로는 그래도 입을 봉한 채였다. 형은 벌떡 일어났다. 그때, 바로 그 찰나에 재판장의 입에서 언도 선언이 끝났었다.
""사형!""
재판장의 사형 소리를 듣더니 바오로는 출구 쪽으로 휭 나가고 있었다. 형 신부는 자기도 모르게 층계를 내려오는 재판장 앞에 딱 다가섰던 것이다. 그리고 고함을 쳤다.
""진범은 저놈입니다.""
그러나 그때는 벌써 바오로는 보이지 않았다.
""나는 압니다. 나는 압니다. 저놈, 저놈, 배신자 저놈!""
""박 신부, 뭔가? 그게 다 뭔 소리야?""
어깨를 잡아 흔드는데 보니 재판장이 아니다. 재판소도 아니다. 난로 앞 의자에 앉은 채였다. 박 신부는 벌떡 일어났다. 눈을 비비고 보아도 재판장이 아니다. 법정도 아니었다.
주교님이시다.
""이 사람, 앉아서 무슨 잠꼬대가 그리 심한가. 심신이 약한 탓야. 좋은 소식 가져왔소. 진범이 자수를 했소그려.""
""네? 자수했습니까, 바오로가?""
박 신부는 어떤 것이 꿈인지 잠시 분간이 안 갔다.
""그래두 했군요.""
""했어.""
""역시 귀여운 놈이군.""
""인제 박 신부도 한 걱정 놨군. 나, 가네."" 하고 나가는 주교님의 발 앞에 꿇어 앉으며,","안녕하세요! 요청하신 소설 내용을 친절하게 요약해 드릴게요.

이 내용은 **박 신부**라는 인물이 겪는 극심한 심리적 고통과 꿈, 그리고 반전이 있는 현실을 다루고 있습니다. 주요 내용은 다음과 같습니다.

**1. 심리적 갈등과 재판의 시작**
박 신부는 동생인 박찬재가 살인과 간첩 혐의로 재판을 받는 과정을 지켜보며 깊은 고뇌에 빠집니다. 그는 동생이 결백하다고 믿지만, 세상과 방청객들은 동생을 악인으로 몰아가며 그 비극을 즐기는 것처럼 보입니다. 박 신부는 선과 악, 신과 인간의 관념 사이에서 혼란을 느끼며 세상에 대한 강한 증오와 반발심을 갖게 됩니다.

**2. 꿈속의 비극적인 재판**
꿈속에서 박 신부는 동생이 사형을 선고받는 처참한 광경을 목격합니다. 이때 그는 유일하게 진실을 알고 있는 인물인 '바오로'를 발견하고, 법정에서 그가 진범이라고 울부짖으며 외칩니다.

**3. 현실로의 복귀와 반전**
하지만 정신을 차려보니 그곳은 법정이 아니라 난로 앞이었고, 눈앞에 있는 사람은 재판장이 아닌 주교님이었습니다. 재판 과정은 박 신부가 겪은 격렬한 꿈이었음이 밝혀집니다.

**4. 결말: 진실의 밝혀짐**
주교님은 박 신부에게 진범인 바오로가 자수를 했다는 기쁜 소식을 전해줍니다. 박 신부는 꿈과 현실 사이의 혼란 속에서도, 결국 진실이 밝혀져 동생의 억울함이 풀렸다는 사실에 안도하며 이야기가 마무리됩니다.

---
**요약하자면:** 동생의 무죄를 믿으며 고통스러워하던 박 신부가, 동생이 사형을 선고받는 비극적인 꿈을 꾸지만, 깨어나 보니 진범이 자수했다는 소식을 듣게 되며 갈등이 해소되는 과정을 담고 있습니다.

도움이 되셨기를 바랍니다! 더 궁금한 점이 있으면 언제든 말씀해 주세요. 😊"
검둥이 1화,"벅벅 할퀴는 소리가 있다. 문득 보니 교실 문이 벙싯하였고, 개의 발이 방금 문을 할퀴는 중이었다. 검은 털 속으로 뿌하게 나온 발톱이란 칼끝보다도 더 예리해 보인다. 이 스근해 문이 열리고 귀가 덥수룩히 늘어진 검정개 한 마리가 덥씬 들어온다. 구슬구슬한 털이랑 기름한 눈 하고 쀼죽히 튀어나온 주둥이며 뚱뚱하고도 늘씬한 허리가 일견 위풍이 느름하였다. 학생들은 눈이 둥그래서 바라보고 그 중에는 웃는 이까지 있었다.
칠판에 썼던 글을 지우던 K선생이 학생들의 웃음소리에 귀가 띄어 머리를 돌리니 검둥이가 꼬리를 치며 달려온다. 선뜻 반가운 맘이 드는 동시에 별안간 일어나는 분노는 자기로서도 억제할 수가 없었다. 책상 위에 있는 채찍을 들어 개의 머리를 힘껏 쳐버렸다. 개는 껑충 뛰어오르면서도 피하려 하지 않고 여전히 K선생의 앞으로 달려든다. 설레설레 젓는 꼬리 끝에 잠깐 발린 흰 털이란 박꽃처럼 희다. 그러나 끝내 개는 껑껑 울면서 뛰어나갔다.""자, 그럼 내일 연습들 잘해 오시우.""
K선생의 말소리는 약간 떨리는 것 같고, 핏빛이 얼굴에 좍 내 돋는다. 눈 아래 포르스름한 근육이 발랑발랑 뛴다.
""그 개가 교장 선생님 네 개지?""
""아니다. 김 선생님 네 개다.""
""교장 선생 댁에 있던데……""
책보를 꾸리는 학생들은 이리 소근거린다. 귓결에 이 말을 들은 K선생은 아차 내가 또 감정적 행동을 했나 보구나 하니, 어쩐지 자신은 끝까지 소인이요, 평생 요 모양으로 남의 눈에 거친 짓만 할 듯싶어 슬픈 맘이 들었다. 하나 대인인들 부럽지 않다! 이러한 한 부르짖음이 가슴에 울컥 끼쳐진다.학생들의 예를 받고 나오는 K선생은 머리가 우쩍거리고 다리가 허청 거려진다. 그럴 것이, 이틀이나 오롯이 굶었기 때문이다. 새로 페인트칠한 으리으리한 이 복도에 골이 메여서 학생들은 밀려나간다. 뽀한 먼지 속에 구두 냄새 같은 게 흘흘 풍기고, ant 신발소리가 북을 울리듯 쿵쿵한다. 창 밖에 단풍진 포플러 가지가 바람에 팽그르 돌고, 먼 하늘이 갸웃이 들여다본다. 무척 낯익다.
""선생님 어디 편치 않으십니까?""
K선생이 머리를 돌릴 때 별안간 앞이 아뜩해지므로 잠깐 정신을 수습하려 눈을 감았다 뜨니, 곁에 서서 당황히 쳐다보는 학생은 언제인가 모종의 혐의가 잇다 하여 순사에게 끌리어 가던 그였다. 왼편 눈과 볼에 그때 표정이 안개같이 스러지는 것이다.
""너냐!""
K선생은 이리 말하고 다시 보니 그는 아니고 현재 재학생 중의 한 사람이다. 학생의 팔에 의지하여 사무실까지 오는 K선생은 소리쳐 누구를 부르고 싶어진다.
""마차 불러다우.""
K선생은 정신이 버쩍 들어 학생에게 이리 부탁하고 사무실 문을 열었다. 담뱃내 자욱하고, 싫은 시선의 눈을 뜨고 싶지 않다. 머리를 약간 숙인 그는 잠잠히 그의 책상으로 와서 머리에 손을 얹고 눈을 감았다.""어디 아프시오.""
음악 선생의 헤설핀 음성이다. 문득 최 교장의 얼굴이 보이고, 이리 몸이 허약해지기까지 아무 단안을 짓지 못한 자신이 슬프다 못해서 일종의 분을 일으키지 않을 수가 없었다. 이러한 약점을 이용하여 저들은 온갖 야비한 짓을 그에게 감행하지 않았나. 그는 벌떡 일어났다.
사무실이 핑돈다. 그러나 다리에 힘을 주어 가지고 교장실로 건너갔다. 최 교장은 방금 퇴근할 준비를 차리다가 K선생을 보고 우뚝 선다. 그의 수염은 먹같이 짙은 빛이고, 입술이 함박만큼 커 보인다.
""무슨 의논할 일이 생겼소?""
누런 안경알에 누런 웃음이 핑그르르 돌아간다.
""네, 있습니다.""
숨이 막힐 듯 K선생의 가슴은 벅차다. 푸른 테이블에 놓인 투실한 최 교장의 손은 그의 얼굴과 달리 희고, 젊은이의 손같이 근육이 팽팽하였다. 무슨 일이냐는 듯이 최 교장이 빤히 건너다본다. 안경 뒤에 번들거리는 눈은 몹시도 깊어 보인다.""어제도 댁에 갔는데 안 계셔서……""
""응 그래 무슨 일이오?""
최 교장은 바쁜 듯이 묻는다. K선생은 뛰는 가슴을 진정하며 숨을 가만히 들여 쉬고 나서,
""저 강연은 못하겠습니다. 몸이 아파서.""
""아퍼? 어디가 아푸?""
최 교장은 의외란 듯이 눈살을 약간 찌푸리고 언짢은 기색을 띄운다. 분화같이 터지려는 그의 입술을 지긋이 깨무니, 머리가 띵해지면서 귀가 우썩우썩 울기 시작한다. 극도에 달했던 분이 이제 사 툭 꺾여 슬픔으로 흐르려고 한다.","안녕하세요! 요청하신 소설 <검둥이> 1화의 내용을 친절하게 요약해 드릴게요.

이 소설은 주인공인 **K선생**의 불안정한 심리 상태와 육체적 쇠약함, 그리고 그를 둘러싼 긴장감 넘치는 상황을 묘사하고 있습니다. 주요 내용은 다음과 같습니다.

**1. 갑작스러운 분노와 자괴감**
교실로 검은 개 한 마리가 들어오자, K선생은 반가움과 동시에 억누를 수 없는 분노를 느껴 채찍으로 개를 때립니다. 개가 떠난 후, K선생은 자신의 감정적인 행동을 후회하며 스스로가 남들에게 거친 모습만 보이는 '소인(小人)'인 것 같아 깊은 슬픔과 자괴감에 빠집니다.

**2. 극한의 육체적 쇠약함**
K선생은 현재 이틀 동안 아무것도 먹지 못해 매우 허약한 상태입니다. 복도를 걷는 것조차 힘들 정도로 어지럼증을 느끼며, 환각처럼 과거에 순사에게 끌려가던 학생의 모습을 떠올리기도 합니다. 그는 자신의 약한 모습을 이용해 야비하게 구는 주변 사람들에게 분노를 느낍니다.

**3. 최 교장과의 대립**
기운을 짜내어 교장실로 향한 K선생은 최 교장에게 몸이 아파 예정된 강연을 할 수 없다고 통보합니다. 하지만 최 교장은 걱정하기보다는 오히려 언짢은 기색을 내비칩니다. 이 과정에서 K선생은 극도의 분노를 느끼다가 이내 깊은 슬픔으로 침잠하며 이야기가 마무리됩니다.

---
**요약하자면:**
이 글은 **심신이 극도로 지친 K선생이 개를 때리는 돌발 행동을 통해 자신의 내면적 갈등을 드러내고, 육체적 허기와 정신적 고통 속에서 권위적인 최 교장과 갈등을 빚는 장면**을 담고 있습니다.

내용이 도움이 되었기를 바랍니다! 더 궁금한 점이 있으면 언제든 말씀해 주세요. 😊"
검둥이 2화,"어두컴컴한 지하 속, 촛불이 노란빛을 퍼치고 있던 흙내 가득한 그 속에서 밤을 낮 삼아 일하다가 피곤에 지쳐 잠깐 눈을 감았다가 놀라 깨니 ""어서 좀 쉬우.""
빙긋이 웃으며 저고리를 벗어 그의 어깨에 걸쳐주던 저. 벽에서 떨어진 얼굴의 흙보라를 조심히 씻어주던 어머니의 손처럼 따뜻하던 저 손!
생사를 헤아리지 않고 일하던 그때로부터 불과 십 년 남짓한 오늘에 저다지도 변하였는가 하니 와락 달려 울고 싶어졌던 것이다. 물론 최 교장이 기어코 그에게 강연을 시키려는, 한 가닥의 이유를 그가 모르는 바는 아니다. 그러나 그렇다 하여 그의 이러한 고민까지 모른 체하려는 저의 박절한 태도가, 뜻을 같이 한 벗이라 할 수가 없었던 것이다.
자리가 자린지라 그런지도 모르지, 속 깊은 저라 저리 내색을 않는지 모르지, 보다도 저의 지나친 용심 때문이니 설마 한들 그 양심까지야…… 그렇다면 얼마든지 양보할 각오를 가지고 있는 게 아니냐, 그래서 교무주임의 지위도 순순히 내놓은 것이 아니냐. 부딪힐 곳을 잃어버린 K선생은 스스로 고민을 어루만져 자위를 얻으려 한다. 그러나 그만큼 외롭고 적적함이 그의 목덜미를 꽉 누르는 것이다.""강연을 못하겠다…… 헐 수 없지.""
최 교장은 넌지시 웃는 것이다. 머리를 치는 듯한 저 웃음! 그러나 K선생은 진정을 고하여 그를 설복시키고 싶은 충동이 불길같이 내달린다. 눈물이 핑 돌았다. 최 교장의 얼굴이 캄캄해지는 것이다. 목을 끌어매어 호흡조차 임의로 할 수 없는 듯한 이 현실에서 그나마 뜻을 버리지 않으려 애쓰는 우리들이거니, 조그만 이해 문제 때문에 이렇게 소홀이 할 것이랴!
""글세, 선생님이나 저야 차마 그럴 수야 있습니까. 저들이 기어코 내 보내라니, 양심의 고통이 없을 선생들 중에서 한 분 택하여 내세우는 것이 수수하지 않습니까. 저라야 합니다!""
""내 오직 잘 알고 처리하겠지 그러우. 금 선생은 그 말로 실패니.""
최 교장은 정색을 하면서 벌떡 일어난다.
""선생님!""
K선생은 최 교장을 붙잡을 듯이 일어나며 불렀다. 최 교장은 스틱을 집어들면서,
""그만 해도 다 알았소 그럼 다른 선생을 내보내 봅시다.""
말을 마친 최 교장은 문을 쾅 열고 나가버린다.이 말이 얼마나 고마웠는지 K선생의 눈에서는 눈물이 뚝뚝 들었다. 그는 테이블에 방울진 눈물을 훔쳐 내리면서 최 교장과의 사소한 감정은 풀어버리리라, 다시금 생각하였다. 그가 교장실에서 나오니 마차가 문전에서 기다리므로, 교원들에게 아픈 뜻을 고하고 마차를 타고 집으로 왔다.
""마음 쑤었소?""
젖 비린 내 확 피우는 아내를 쳐다보고 K선생은 펴 놓은 자리에 누워버렸다. 가시방석 같은 이 자리가 이다지도 평안할까, 그는 맥을 탁 풀어 해치고 물끄러미 천정을 바라본다. 양심을 꺾는 일이란 그렇게도 힘든 것일까, 그는 다시금 생각지 않을 수가 없었다. 아내는 미음을 쑤느라 부산하고 어린애들의 울음소리가 쌍으로 일어난다.
""이리 온, 경희야.""
그는 샛문을 방싯이 열고 불렀다. 아내는 경희의 손을 이끌어 보내며 근심스레 쳐다본다. 솥김에 아내의 얼굴은 뽀해 보이나, 그의 까만 머리카락은 우아해 보인다. 눈물을 쪼르르 흘린 경희가 그의 팔에 안기므로 샛문을 닫고 꼭 안았다. 고소한 냄새가 경희의 머리카락에서 오르고 육친의 정이 가슴에 혼혼히 느껴지는 것이다. 문득 내 꼴이 저렇게 최 교장에게 비쳐졌는지 모르지 하는 생각이 경희의 우는 얼굴에서 뚝 떨어진다. 최 교장 앞에 어린애 같은 자신이 한껏 보잘것없었다. 그는 경희를 안은 채 누우니 부엌에서 나무 꺾이는 소리 물 다루는 소리가 뻔하다.언제나 느끼지마는 그에게는 이렇다 할 만한 장점이 없다. 억지로 들자면 거짓말 못하는 것, 한번 옳다고 보면 끝까지 믿으려는 것, 이것이 처세로는 가장 큰 단점이 아닐 수가 없다. 최 교장과 같이 욕심이라도 컸으면, 하고 때로는 생각도 나나 그것은 잠깐이고 이것이 그의 비위에 거슬리고 교장과의 의견 충돌이 여기에 기인된다.
가다가 학교에서 쓰렴직한 물건이 집에 생기면 잡담 제하고 학교에 가져가게 되고, 고로 아내는 불만을 품을 뿐만 아니라 쌈까지 하려고 드나, 그는 못 들은 체 피해버린다. 제각기 제 것을 만들려고 눈이 뻘개서 날치는 직원들 틈에 끼어, 이러한 자신을 발견할 때 혹시는 가련할 만큼 위로움을 느끼나, 그러나 다만 하나의 장점이라 스스로 자위한다. 히자만 동료들은 속 없는 사내라 치는 것 같다. 지금은 사회조직 내에서는 그럴는지도 모른다고 쓸쓸히 깨닫곤 한다. 이래서 한 가지의 장점조차 뿌리 깊게 붙들지 못한 그였던 것이다.문이 열리며, 김이 뭉기뭉기 흐르는 미움 그릇을 든 아내가 올라온다. 이때 자는가 싶던 경희가 냉큼 일어나 아내에게 매어달린다. 그 반들반들한 눈이란 꼭 자신의 눈을 닮았다고 본다. 아내의 긴 치맛자락에서 싫지 않은 음식 내가 소르르 흘러내린다. 요새 그가 볶아댄 탓일까, 아내의 눈허리에 파란 힘줄이 드러났고, 눈까 풀이 푹 졌다. 그는 미음그릇을 받으면서 졸한 사내를 만나 아내가 가엾어 보였다.
""까불지 말어.""
아내는 경희의 손을 끌어 앉힌 담에 ""어서 좀 마셔요.""
눈썹 끝에 걱정이 포르르 깃들이는 것이다. 아침 아내가 받들어주던 미음그릇을 탁 펴서 왱강 엎질러 놓던 것을 생각하며 K선생은 미음을 쭉 마셨다.
""한 그릇 더 주. 그러고 저녁 먹겠으니 얼른 밥 짓소. 숙주 나물 사온 것 있겠지. 그놈 무치고 해서.""
지나치게 큰 듯한 아내의 눈에 맑은 바람 결과 같은 웃음이 서늘히 일어난다. 아내는 미음그릇을 받아들고 나간다. 버선코를 뚫고 나온 발가락이 무척 사랑스럽다. 경희도 쪼르르 미쳐나가면서 엄마 엄마 잘게 부른다.""여보, 검둥이 왔수.""
아내의 말에 K선생은 공중 일어나, 자리를 밀어던지고 문을 탁 열어 제치니, 씽 하고 비린내가 푹 피우면서 검둥이가 달려 들어온다. 초가을의 산뜻한 공기를 가오루내 같이 털 끝에 피우면서, 그 긴 주둥이를 내밀어 닥치는 대로 핥아 넘긴다.
""아까 아펐니, 검둥아.""
K선생은 검둥의 허리를 어우러져 안고 돌려다보았다. 사람 같으면 원망을 품고 발길 하지 않으련만 이리 다정히 핥고 있다. 긴 눈썹과 수염 끝에서 번쩍번쩍 빛을 발하는 듯하고, 무슨 사색에 잠긴 듯한 그 긴 눈이며 턱없이 나온 주둥이가 여간 그의 맘을 이끄는 것이 아니다. 얼굴 전체가 둥글어 드러난 특징이 없는 자신의 얼굴에 비하여 훨씬 비범하다고 본다. 믿는 고장의 청에 어려워 한번 승낙한 것이다. 이리 검둥이를 내어놓았지만 아직도 아쉬운 맘에 가슴 한쪽이 이다지도 짤짤하다. 그럴 것이 강아지적부터 재주를 배워주기에 온갖 힘이 다 들었고 그래서 지금엔 고기, 담배 사오고 편지 전하는 것 등은 엉뚱나게 하였던 것이다.","안녕하세요! 요청하신 소설 **<검둥이 2화>**의 내용을 읽고, 핵심적인 내용을 정리하여 요약해 드릴게요. 😊

---

### 📖 [검둥이 2화] 줄거리 요약

이 소설은 자신의 신념과 양심을 지키기 위해 고뇌하는 **'K선생'**의 내면 심리와 그의 일상을 담고 있습니다.

**1. 양심과 현실 사이의 갈등**
K선생은 최 교장이 강요하는 '강연' 문제로 깊은 갈등을 겪습니다. 그는 자신의 양심에 어긋나는 일을 하고 싶지 않아 교무주임 자리까지 내려놓을 정도로 결벽에 가까운 도덕성을 지닌 인물입니다. 최 교장과의 대화에서 그는 자신의 뜻을 굽히지 않으려 애쓰고, 이 과정에서 오는 심리적 압박감과 외로움에 괴로워합니다.

**2. 고집스러운 성격과 사회적 고립**
학교를 떠나 집으로 돌아온 K선생은 자신의 성격을 되돌아봅니다. 그는 거짓말을 못 하고, 한 번 옳다고 믿으면 끝까지 밀고 나가는 성격입니다. 이러한 '정직함'은 개인의 미덕일 수 있지만, 처세술이 중요한 사회 조직(학교) 내에서는 동료들에게 '속 없는 사내'로 취급받거나 갈등을 일으키는 단점이 되기도 합니다. 그는 이런 자신의 모습에서 쓸쓸함을 느낍니다.

**3. 가족을 향한 애틋함과 미안함**
집에 도착한 그는 아내와 딸 경희를 마주합니다. 고단한 삶 속에서도 자신을 반겨주는 가족을 보며 따뜻한 정을 느끼지만, 동시에 자신의 고집스러운 성격 때문에 고생하는 아내를 보며 가엾고 미안한 마음을 갖습니다.

**4. 반려견 '검둥이'와의 교감**
마지막으로, 심부름(고기, 담배 사오기, 편지 전하기 등)을 할 정도로 영특하게 훈련된 개 '검둥이'가 집으로 돌아옵니다. K선생은 검둥이를 단순한 동물을 넘어, 자신의 복잡한 마음을 달래주는 특별하고 비범한 존재로 여기며 깊은 애정을 보여줍니다.

---

### ✨ 핵심 테마
* **신념과 양심:** 사회적 타협보다 개인의 도덕적 가치를 우선시하는 인물의 고뇌.
* **이상주의자의 고독:** 올곧은 성격 때문에 사회와 겉도는 인물이 느끼는 쓸쓸함.
* **일상의 위안:** 갈등과 고뇌 속에서도 가족과 반려견을 통해 얻는 정서적 안식.

---

내용이 도움이 되셨나요? 더 궁금한 점이 있거나 다른 도움이 필요하시면 언제든 말씀해 주세요! 🌸"
검둥이 3화,"검둥이가 최 교장네 뜰에서 쇠줄에 매어 있을 적 어쩌다가 K선생이 그 앞을 지나만 가도, 검둥이는 펄펄 뛰고 사람같이 노상 어이어 이 울어서 K 선생은 흉격이 막히어 갈 길을 잊고 우두커니 섰곤 했다. 그리고 그의 가벼운 언행에 모멸을 품게스리 분하여지고 하였던 것이다. 하지만 꿈에도 달라고 한 최 교장을 어떻다고 해본 적이 없었다.
""그만둬요, 그렇지 않아도 우리가 뭘 주어서 자꾸만 개가 간다고 저번 교장댁이 좋지 않은 기색을 하던데요.""
아내는 키승키승 보채는 경선이를 떨쳐 업으면서 말하였다. 어깨 너머로 보이는 경선의 넓은 이마는 아내의 거을 똑 땄다고 본다.
""늘 오니까, 그럴는지도 모르지. 그러나 오늘만은 줘야겠어. 아까 이놈이 교실에 들어왔단 말야. 그런 걸 막 때려줬지.""
그의 말에 검둥이의 심장 뛰는 것이 후둑후둑 느껴진다.
""고실에요? 저거 봐!""
아네는 놀라 과자 봉지를 갖다가 입에 물려준다. 검둥이는 턱 누워서 과자를 우쩍우쩍 씹는다. 날카로운 이가 한 뼘이나 되어 보인다.안 가겠다는 검둥이를 때려 보낸 뒤 K선생은 잠든 경선이를 앞에 누이고 자리에 눴다. 호저므시 졸음이 오려고 한다. '직접 나가 싸우지 못한들 그 어찌 양심에 없는 일이야.' 코가 맥맥히 막히는 듯해서 눈을 번쩍 떴다. 이마에 땀이 버쩍 내솟았다. 어제 그제 밤새워 고민하던 것이 아직도 머리에 꽉 발혀 이리 되풀이하게 된 것이다. 머리가 지끈지끈 쑤시고 입술이 촐촐 마른다. 그는 아내에게 냉수를 가져오라 하여 마신 뒤 멍하니 천정을 노려본다. 방안은 연기 같은 어둠에 푹 잠기고, 오직 앞문 위쪽이 석양볕을 달처럼 띄우고 발가스름할 뿐이다. 간혹 그릇 부시는 소리가 재그륵거리고 경선의 숨소리가 아늑히 흐른다.교장이 그쯤 말했으니까 다른 이를 나가게 하겠지, 오 선생을 내보낼텐가, 내일만 지나면 되겠지, 그러나 이번 우리의 행동에 대하여 그들은 좀 주목할는지 모르지, 내가 교장이 나가서야 만족해 할 터인데, 뭐 별일이야 있겠냐, 대표로 나가는 이가 있는데……
요새 직원들의 눈치를 보나 일반의 여론을 들으나 교장보다 자기가 더 저게 주목을 받고 있음을 뻔히 안다. 그래서 학교로서 받는 타격이 적지 않게 있음도 누구보다도 잘 알고 있다. 까닭에 학교를 그만둘까 하는 생각도 없지 않으나, 우선 당장에 생활 문제가 막연하고 이때까지 붙들어온 것을 쉽사리 내어놓기란 그리 용이한 것이 아니다. 그저 눈 딱 감고 있노라니 이해 없는 직원들은 말할 것도 없지만 믿던 교장까지도 완연히 내색을 하는 것이다.칠년 전 서대문 형무소에 나온 K선생은 어떤 친구의 소개로 이곳 X학교 교원으로 오게 되었다. 때는 제2간도 출병의 종소리가 간도 천지를 울렸으니, 오래 있던 교원들도 슬금슬금 꼬리를 빼어 달아나 버리고 모든 일에 생소한 K선생 혼자 오뚝 남게 되었다. 날마다 검거 사건이 일어 학생들은 잡혀가고 혹은 무서워 도망가고 나중엔 십여 명 남짓하였다. 하루에 한 끼 먹기도 바쁜 수임을 가지고 K 선생은 완강히 버티어 2, 3년을 훌씬 지나버린 것이다. 시국의 안정을 따라 차차 학생 수가 많아졌고 여기에 이르러 교원들도 늘게 되었으니, 지금의 최 교장도 그때 K선생이 불러들였고 또한 교장으로 올려 세웠으며 이래 꾸준히 운전시켜 온 그였다.
신학기마다 퇴락한 교사를 수리해 오는 것이 칠년 되는 오늘에야 겨우 학교로서의 면모를 갖추게 된 것이다. 별소를 짓고 회벽을 하고 페인트 칠을 하고 현관을 짓고 운동장을 넓히고 올해는 울타리에 정문까지 버젓이 세우게 된 것이다. K선생도 올부터야 비로소 지까다비를 벗이 던지고 고꾸라 양복을 집어 치운 것이다.언제부터인가 싹터 오던 최 교장의 욕심은 시국을 타서 점점 드러나게 되었으니, 금년부터는 버쩍 노골화하였고, 여기에 따라 학생들도 두 패로 나누인 것이다. K선생은 하나 둘 최 교장에게 양보하였다. 물론 그의 약한 성격상으로 오는 결론이겠지만은 보다도 이러한 시국에 앉아 기운을 뿌리채 잃고 만 것이다.저녁을 먹은 뒤 K선생은 최 교장댁으로 향하였다. 다시 한번 그의 눈치를 보고자 함이다. 아까 확답으로 겨우 안심은 했으나 그러나 분명히 그 속을 알지 못하여 한 번 더 타진해 보고자 함이라.
초가을의 맑은 공기가 냉수같이 산뜻 하나, 뿌듯한 머리 속에까지 그 방향이 스며들지 목하고 피부에만 알알히 스칠 뿐이다. 바라보니 초승달이 무연한 벌판 위에서 혼자 갈 길을 잊은 듯 가도 오도 못하고 물 듯한 표정이다. 밥 한 술 뜬 것이 목에 꼭 매어 달려, 해란 강변에나 나가서 한참 돌아갈까 했으나 몸이 어슬하여 그냥 돌아섰다. 학교 앞을 지나다가 그도 모르느 새에 발길은 학교로 들어가 버린다. 학교 정문에 손을 대었다 . 산뜻한 감촉, 비린내 몰싹 피우는 페인트 내. 대견한 맘에 슬슬 어루만졌다. 손에 열이 있다는 것을 느끼면서 우두커니 섰다. 칠 년을 내리 이 정문을 짓지 못해서 속이 썩을 대로 썩은 셈이다. 어디 가면 큰 문만 바라다 뵈고 우리 학교 정문은 이리 이리 세워야겠다고, 정신없이 계획하던 것이 두어 달 전에 바로 여기에 실현된 것이다. 안부를 대어 정문을 쌓을 때 K선생은 시간마다 뛰어나와서 잔소리를 하고 지시하므로 중국인이 하도 귀찮아서 ""나 이런 일 못하겠어. 우리 사람이 일이 많이 했어두 첨 보는 사람이어.""
하고 머리를 내흔들던 기억이 아직도 새롭다. 확실히 나는 남아의 기질이 적어! 물론 시국의 탓이지만 이러한 약점으로 인해 힘들여 만든 이 학교조차 빼앗기게 되는 게 싶어진 것이다. 밥 한 줄 너 쩍 삭이지 못하고 깔닥깔닥하는 보잘것없는 자신을 지금 내려다본다. 그는 정문에 얼굴을 대려다가 교문 안으로 들어갔다.숙직실에서 흘러나오는 불빛이 붉은 실타래같이 찢기어지고, 휘엉청 넓은 교정이 검푸른 파도 같이 움씰움씰 흔들리는 것 같다.
어둠 속에 뚜렷이 솟아 있는 저 이층 교사! 자신의 손때가 아니 묻은 곳이 그 어디랴.오 년 전 어느 봄날 구질구질히 비가 내린다. K선생이 학교에 오니 교실이란 교실에는 비가 새어 지질했고 학생들은 복도 한구석에 몰려 서서 우울해 잇다. K선생은 한참 열변을 토하여 그 우울한 학생들의 기분을 일소시키고, 마침 비가 뜸해진지라 지붕을 손질하기로 결정하였다. 그러니 학생들은 기운이 나서 발을 벗고 소매를 걷어붙인 담에 분할하여 맡은 임무를 당하였다.
―――── 흙이 파지고 일변 개어지고, 긴 사다리가 처마 끝에 놓이고, 학생들이 열을 지어 올라서고, K선생과 머리 큰 학생들은 까만 지붕에 올라 섰고, 어린 학생들은 메주덩이 같은 흙덩이를 나르느라 뛰어가고 뛰어오고───
K선생은 기와 틈에 발을 붙이고 연달아 올라오는 흙덩이를 받아 기와 틈에 끼우고 아래를 내려다보며 일을 시킨다. 재기 흐르는 그 눈에 열이 호독호독 뛰고, 평생 누울 줄 모르는 머리카락은 산산히 흩어졌고 잠시도 닫힐 사이가 없이 입을 놀린다. 선생은 한 분이나 여러 분같이 생각되고 학생들의 일의 능률은 놀랄 만큼 진행되어 세시나 남짓해서 질펀하게 기와를 다시 쌓고 비 속에서 교가를 부르며 운동장을 뛰던 그 시절.지금은 양철 지붕에 달빛이 굴러 쇳소리 징징 소리 날 듯 웅장한 태도다. 그는 안심의 한숨을 푹 쉬었다. 남은 아무러 하더라도 그래도 저만큼 한 사업을 이루어놨거니 하는 생각이 들었던 것이다.","안녕하세요! 요청하신 소설 내용을 읽고 핵심 내용을 정리하여 요약해 드립니다.

이 소설은 학교를 위해 헌신해 온 **K 선생의 고뇌와 상실감**을 중심으로 전개됩니다.

### [요약 내용]

**1. K 선생의 내적 갈등과 최 교장의 탐욕**
K 선생은 최 교장의 탐욕스러운 행보와 그로 인해 변질되어 가는 학교의 모습에 깊은 양심의 가책을 느낍니다. 최 교장은 권력을 잡은 뒤 점차 노골적인 욕심을 드러내며 학생들을 두 패로 나누는 등 학교의 질서를 어지럽히고 있습니다. K 선생은 이에 저항하고 싶어 하지만, 당장의 생활 문제(생계) 때문에 쉽게 학교를 그만두지 못하는 현실적인 한계에 부딪혀 괴로워합니다.

**2. 학교를 일궈온 K 선생의 헌신적인 과거**
7년 전, 시대적 혼란(간도 출병 등)으로 많은 교원이 떠나버린 위기 상황에서 K 선생은 홀로 남아 학교를 지켰습니다. 그는 무너져가던 학교를 바로 세우기 위해 학생들과 함께 직접 지붕을 고치고 건물을 수리하며, 지금의 학교 면모를 갖추기 위해 온 힘을 다해 헌신해 왔습니다.

**3. 상실감과 회상**
밤늦게 학교를 찾은 K 선생은 자신이 직접 정문을 세우고 정성을 쏟았던 학교의 모습들을 보며 만감이 교차합니다. 과거 학생들과 땀 흘리며 교가를 부르던 열정적인 시절을 회상하는 동시에, 자신이 애지중지 일궈온 학교가 교장의 욕심에 의해 변질되어 가는 현실을 마주하며 깊은 허탈감과 슬픔을 느낍니다.

---

**💡 핵심 주제:** 
자신의 신념과 양심을 지키고 싶어 하지만, 현실적인 생계 문제와 권력(최 교장)의 탐욕 사이에서 갈등하며 자신이 일궈온 가치가 무너지는 것을 지켜봐야 하는 지식인의 고뇌를 다루고 있습니다.

도움이 되셨기를 바랍니다! 더 궁금한 점이 있으면 언제든 말씀해 주세요. :)"
동정 1화,"“아침마다 냉수 한 컵씩을 자시고 산보를 하십시오.” 하는 의사의 말을 들은 나는 다음날부터 해란 강변에 나가게 되었으며 그곳에 있는 우물에서 냉수 한 컵씩 먹는 것이 일과로 되었습니다.
처음에 나는 타월, 비누갑, 컵 등만 가지고 나갔으나 부인네들이 물 길러오는 것이 하도 부럽게 생각되어서 어느덧 나도 조그만 물동이를 사서 이고 다니게 되었습니다. 번번이 우물가에는 부인으로 꼭 채여서 미처 자리 얻기가 대단히 힘듭니다. 아마도 이 우물의 물맛이 용정에서는 제일 가는 탓으로 부인들이 이렇게 모여드는 모양입니다.내가 물동이를 이고, 가지가 조롱조롱 맺힌 가지 밭을 지날 때마다 혹은 그 앞에 이슬이 뚝뚝 듣는 수수밭 옆을 지날 때마다 꼭 만나는 여인이 있으니,
언제나 우리 사이는 모른 체하고 가지런히 걸어서 우물까지 가곤 합니다.
모른 체하는 이가 하필 그뿐이며 어깨 위를 스치는 수숫잎 속에서 만나는 사람이 어찌 그 이뿐이리오만은 어쩐지 그를 만날 때마다 “또 만났구나! 또 모른 체하누나!” 하고 나는 생각하였습니다. 이렇게 지나가기를 월여나 지난 어느 날 아침 나는 여전히 가지 밭까지 왔습니다. 흑진주알 같았던 가지에는 어느덧 검붉은 가을 물이 들었으며 수숫잎 역시 바람결에 우수수 하고 가을 소리를 합니다. 그때 신발소리가 자박자 박 나므로 나는 그가 아닌가?
하고 휘끈 돌아보았을 때 아니나 다를까 그였습니다. 그는 웬일인지 얼굴이 푸석푸석 부은 듯했으며 바른 볼에는 퍼렇게 피진 자국이 뚜렷하였습니다.
나는 선뜻 남편과 쌈을 했나 혹은 어디서 넘어졌는가 하는 생각을 하며 그와 가지런히 걸었습니다. 나는 어쩐지 오늘 아침은 그와 꼭 말을 건네고 싶었습니다. 그래서 나는,“아니 어디 닿으셨나요. 왜 그 볼이 그리 되셨소.”
그는 폭 내려 떴던 눈을 들며 나를 보자 생긋 웃었습니다. 그리고 곧 한숨을 폭 쉬면서,
“팔자 사나워서 다 그렇지요! …… 아니 어디 계시길래 늘 그리로 나오세요?”
그도 역시 나와 말을 건네고 싶었다는 것을 나는 얼른 느끼며 나는 반가왔습니다.
“난 영신학교 뒤에라오. 어디요 댁이?”
그는 한참이나 말 없이 걷다가,
“나 같은 년에게 무슨 집이 다 있겠어요!”
역시 한숨 끝에 이렇게 말하였습니다. 나는 그가 남다른 환경에 있다는 것을 짐작하며,
“왜요? 나는 새도 깃이 있다는데 사람이 돼서……”
여기까지 말했을 때 그는,
“흥! 난 새만도 못한 게라요. 새나 되었으면 여북 좋게요. 맘대루 창공을 펄펄 날면 얼마나 좋아요.”
그는 눈을 들어 하늘을 멍하니 바라보며 어느덧 눈물이 어리었습니다. 나는 그가 어째서 이렇게 비관하는지를 꼭 알고 싶었으며 그가 끝없이 가엾어 보였습니다.","안녕하세요! 요청하신 소설 <동정> 1화의 내용을 친절하게 요약해 드릴게요. 😊

---

### 📖 소설 <동정> 1화 요약

**1. 주인공의 새로운 일과**
건강을 위해 매일 아침 냉수를 마시고 산책하라는 의사의 권고를 받은 주인공은, 용정의 어느 우물가로 매일 아침 물을 길으러 나갑니다.

**2. 반복되는 낯선 만남**
주인공은 물을 길러 가는 길에 가지밭과 수숫잎 사이를 지나며 항상 한 여인과 마주칩니다. 두 사람은 매일 같은 시간에 마주치지만, 서로 모른 척하며 묵묵히 길을 걷는 것이 일상이었습니다.

**3. 뜻밖의 대화와 여인의 상처**
어느 가을 아침, 주인공은 평소와 달리 얼굴이 붓고 볼에 멍이 든 채 나타난 여인을 발견합니다. 주인공은 걱정스러운 마음에 처음으로 말을 건네고, 여인 역시 기다렸다는 듯 한숨을 쉬며 대답합니다.

**4. 여인의 비극적인 처지와 주인공의 연민**
여인은 자신의 기구한 팔자를 한탄하며, 마음껏 하늘을 날 수 있는 새보다 못한 자신의 처지를 슬퍼하며 눈물을 보입니다. 주인공은 여인의 깊은 절망과 비관적인 모습에 안타까움과 궁금함을 느끼게 됩니다.

---

**💡 요약 포인트:** 
이 내용은 매일 아침 마주치던 두 여인이 처음으로 대화를 나누게 되는 장면을 담고 있습니다. 특히, 겉으로는 평온해 보이는 일상 속에서 **여인이 겪고 있는 고통스러운 삶과 그로 인한 비애**가 드러나며 주인공이 그녀에게 연민을 느끼기 시작하는 중요한 전환점을 보여줍니다.

더 궁금한 점이 있거나 다른 도움이 필요하시면 언제든 말씀해 주세요! 🌸"
동정 2화,"우리들은 어느덧 우물까지 왔습니다. 아직 일러서 그런지 우물에는 아무도 없으며 새소리만이 어지럽게 들렸습니다. 나는 물을 다 푼 후에 컵에 물을 담아 가지고 우물 곁을 떠나 버들가지 척척 늘어진 아래로 왔습니다.
“항상 냉수를 잡수어요. 퍽이나 냉수를 좋아하시는 가봐요.”
그는 철철 물소리를 내면서 물을 긷습니다. 나는 내 몸의 병을 말하기 싫고 해서 그저 그의 말대로 시인해 버렸습니다. 그리고 냉수를 꿀걱꿀걱 마신 후에 나는,
“우리 산보 좀 안 하실래요?”
턱 밑에 물방울을 쥐어 뿌리며 그를 쳐다보았습니다. 그는 잠깐 주저하는 빛을 보이더니,
“가볼까요….”우리들은 풀숲을 헤치고 가늘게 뻗어나간 길로 가지런히 걸었습니다. 풀 끝에 대룽대룽 맺힌 이슬방울은 밤하늘의 별을 보는 듯, 풀 끝에 얽힌 푸른 어둠은 수 없는 이슬방울을 포옹하며 그 빛을 한층 더 빛나게 합니다. 그리고 약간 산미를 띤 산뜻한 바람은 우리들의 치마폭에 품겨 가볍게 돌아갑니다. 나는 나도 모르는 사이에,
“좋지요!”
하고 그를 쳐다보았습니다. 그는 소복히 부은 눈에 슬픔을 가득히 채우고 아는 듯 모르는 듯 한숨을 쉬었습니다. 그러고 내 말에 대접을 했음인지 잠깐 웃음을 웃어 보이다가 곧 지워버렸습니다. 나는 어째 저가 저리도 슬퍼하는가 하며 그의 얼굴을 다시금 쳐다보았습니다. 머리 위에는 여전히 새 무리들이 조잘거리고 백양나무 가지가 빽빽히 들어차 하늘도 보이지 않습니다. 오직 푸른 어둠을 헤치고 뚜렷이 보이는 회백색의 표피를 가진 백양나무가 올라라, 올라라, 하늘 끝까지 닿을 듯 마디 하나 없이 쭉 올려 뻗치었습니다.
나는 언제나 저 백양나무를 바라볼 때마다 이상에 불타는 청년들을 문득 생각합니다 동시에 저 백양나무에서 . 어딘가 모르게 침착치 못한 불만을 일으킵니다. 그리고 어쩐지 백양나무의 뿌리가 든든해 보이지를 않습니다. 반면에 우리 고향 뒷산의 소나무를 회상하며 이 백양나무에 비하지 못한 고상함과 침착함을 발견하곤 합니다. 나는 듯 마는 듯 송진내 그윽히 피우는 그 소나무! 모진 산바람을 겪고 또 겪은 검붉은 껍질을 가진 그 솔…… 나는 어느덧 물소리를 들으며 이런 생각을 그치고 어떤 버드나무 밑에 앉으며 그도 앉기를 권하였습니다.신발소리가 나며 담배 연기가 물 큰 스칠 때 그의 코가 벌름하는 것을 나는 놓치지 않았습니다, 그래서 나는 그가 담배를 먹을 줄 아는가 하고 생각하며,
“아니 왜 그리 한숨만 쉬어요?”
담배를 피워 문 사내들은 우리들을 흘끔 바라보며 지나칩니다.
“버릇이 돼서 그래요 암만 그러지 않으려구 해도 모르는 새 그렇게 나오는 걸 요 아주 방정 맞지요?”
“뭘요 …… 아이 볼이 아프겠네, 어째 이리 됐어요?”
“글쎄요….”
그는 쓸쓸한 웃음을 띠며 뾰족한 손끝으로 피진 볼을 슬슬 어루만졌습니다. 그리고 여전히 한숨을 쉬다가 나를 바라다보았습니다.“날 어떻게 보아요…… 말하자면 부인 같아요 남의 어멈 같아요, 혹은 술집 계집이나 이런 것들 같아요?”
나는 그를 말끄러미 보면서,
“글쎄…… 부인이겠지……?”
어딘가 모르게 그의 전체에서 화류계의 냄새가 나는 듯 나는 문득 깨달았습니다. 그리고 다시 보니 그의 버들잎같이 곱게 지은 눈썹이 새삼스럽게 내 눈에 거치었습니다. 나는 갑자기 환멸에 가까움을 느끼는 동시에 그가 한층 더 불쌍하게 보였습니다.
“그래 뭐요?”
“흥! 매소부, 매음부 아시지요?”
그의 입은 비쭉하면서 비웃음을 가득 띠었습니다. 나는 갑자기 뭐라고 할 말을 잊으며 멍하니 바라보았습니다.
“그렇게 더러운 계집이라요. 이담부터 조심하세요.”
“누가 되고 싶어 되는가. 다 환경이 그리 맨들었지요.”
나는 한참 후에 이렇게 말하며 문득 방망이 소리를 들었습니다. 그리고 머리를 돌리니 강 건너 마제산봉에는 젖빛 안개가 뭉실뭉실 떠돌고 있습니다.
그리고 그 푸른 하늘에는 어느덧 햇살이 퍼지기 시작하였습니다. 그는 벌떡 일어났습니다.
“가십시다. 늦게 가면 또……”
나도 그의 뒤를 따라 곧 일어났습니다.며칠 후에 우리들은 역시 이 자리에서 또 와서 앉았습니다.
“그까짓 말은 해서 뭘 해요.”
그의 과거를 이야기하라는 나의 말에 그는 이렇게 대답하고 나서 꺼냈습니다.
“고향은 황해도 풍천이지요. 우리 아버지는 농사를 했어요. 그런데 나를 열두 살에 팔았답니다. 지금 생각하니 빚 값에 그리했던 모양이에요. 그러니 그때 나는 아무것도 몰랐지요. 그때나 떼를 쓰고 안 갔더라면 어찌 되었을지. 그러나 저러나 안 가구야 배기는 수가 있어야지. …… 어머니와 아버지는 그 사람만 따라가면 이 밥에 고운 옷을 준다면서 나를 어르다 못해서 회초리를 해 가지고 날 자꾸 때렸다오. 그러니 어떻게요. 나는 앙앙 울면서 낯선 사나이를 따라 나섰지요.나는 한 발걸음에 주저하고 두 발걸음에 앙탈하다가 문득 돌아보니 우리 집 울 뒤의 대추나무에는 대추가 발갛게 익었구료. 그래서 나는 펄썩 주저앉고 울다가 아버지한테 되게 얻어맞고야 일어났죠. 난 지금도 그 대추가 생각나요.”
그는 눈을 가늘게 뜨며 옛날을 추억하는 듯하였습니다.
“그 길로 나는 신천으로 왔죠. 그래 다음날부터는 날 다리고 온 우리 수양 아버지는 나를 소리하던 광대 있는 곳에 다려다 주면서 소리를 배우라겠죠. 나는 그때 얼마나 울었는지 몰라요.
어떤 날 밤이에요. 문득 눈을 뜰 때 곁에 자는 우리 수양 어머니가 어머닌가 하여 나는 젖가슴을 어루만지다가 한 개 얻어맞았죠. 열두 살이나 난 년이 젖가슴을 만져! 하고 사정없이 나를 따리겠죠. 나는 그때 우리 어머니가 얼마나 보고 싶었겠어요. 그래서 이불을 팍 막 쓰며 어머니! 하고 부르며 울다가 우리 수양 어머니가 잠든 것을 알자 가만히 이불을 들치고서 일어났죠. 창문에 달빛이 가득하죠. 흡사히도 우리 집 창문 같죠. 나는 문득 창문 앞에 쌓아 두었던 내 소꿉놀이 장난감을 생각하면서 문을 가만히 열고 나왔죠. 역시 뜰 앞에도 달이 가득하구레. 우리 뜨락같이 어머니와 내가 모깃불을 피우며 풋콩을 까던 우리 마당 같았죠. 불시에 나는 어머니가 이 뜨락에 어디에 숨어 있는 듯해서 어마이 어마이 하고 속으로 부르면서 맴돌이 치다가 달을 보며 자꾸만 달음질쳤죠.","안녕하세요! 요청하신 소설 내용을 친절하게 요약해 드릴게요. 😊

이 소설은 화자인 **'나'**와 한 **'남자'**가 함께 시간을 보내며, 남자의 슬픈 정체성과 비극적인 과거를 알아가는 과정을 담고 있습니다.

### 📋 주요 내용 요약

**1. 산책과 남자의 슬픔**
'나'와 남자는 우물가에서 만나 함께 산책을 합니다. 아름다운 자연 풍경 속에서도 남자는 깊은 슬픔을 머금은 채 계속해서 한숨을 내쉽니다. '나'는 그런 그의 모습에서 알 수 없는 슬픔을 느끼며 그를 관찰합니다.

**2. 정체성에 대한 질문과 환멸**
대화 도중 남자는 '나'에게 자신을 어떻게 보느냐고 묻습니다. 그는 스스로를 '부인'이나 '어머니'가 아닌, '화류계(매음부)의 여자'와 같은 존재로 비유하며 자조적인 태도를 보입니다. '나'는 그의 말에서 묘한 환멸을 느끼는 동시에, 그의 처지를 매우 불쌍하게 여기게 됩니다.

**3. 남자의 비극적인 과거 고백**
며칠 뒤 다시 만난 자리에서 남자는 자신의 아픈 과거를 털어놓습니다. 
* **강제적인 이별:** 그는 12살 때, 집안의 빚을 갚기 위해 아버지에 의해 팔려 왔습니다. 부모님은 좋은 곳으로 가는 것이라며 그를 속여 억지로 떠나보냈습니다.
* **고단한 삶의 시작:** 신천으로 끌려온 그는 수양 부모 밑에서 소리(광대)를 배우며 고된 삶을 살아야 했습니다.
* **그리움:** 그는 이야기를 나누며 고향 집의 대추나무, 달빛이 비치던 마당, 그리고 그리운 어머니를 회상하며 어린 시절의 상처와 그리움을 드러냅니다.

---

**💡 요약 포인트:** 
이 글은 겉으로는 평온한 자연을 배경으로 하고 있지만, 그 이면에는 **가족에 의해 팔려 가 삶이 망가진 한 남자의 비극적인 삶과 그로 인한 깊은 고독**이 흐르고 있습니다.

더 궁금한 점이 있거나 다른 도움이 필요하시면 언제든 말씀해 주세요! 🌸"
동정 3화,"그때는 어린 때라 저 달만 보고 자꾸 가면 우리 어머니를 만날 것 같겠죠…… 후, 지금 생각하니 어쩌믄 싶어요.”
그래도 풍천 가는 길은 동무들에게 묻고 또 어떤 어룬들에게 물어 알아 두었었죠. 그래서 그 길로 자꾸만 달음질치다가 우리 수양 아버지가 어떻게 알구 따라와서 얼마나 매를 따렸다구요. 그 후부터는 감히 나갈 생각은 못했지만 그래도 해가 비링비링 서산에 넘어갈 때나, 달이 창문에 환할 때는 우리 어머니가 보고 싶어서 안타까워요. 아이 무엇 같다고나 할까? 목마른데 물 먹고 싶다고나 할까. 아니 아니 그것보다 더해요. 그저 덮어놓고 어머니가 보고 싶겠죠. 더구나 길게 돌아간 행길을 볼 때마다 이게 우리 집 가는 길인가 싶어서 자꾸만 그 길로 달아나구 싶었세요. 그러던 것이 차츰 자라니 좀 나아지겠죠. 그때는 벌써 아리랑 타령을 하고 사내들 앞에서 아양을 피우지 않으면 안 될 신세가 되었죠. 아이구 그까짓 말 그만둡시다. 후……”그는 얼굴에 원망의 애수를 띠며 쓸쓸히 웃었습니다. 나는 얼결에 그의 손을 잡고,
“아이 참 퍽이나 고생하셨어요. 지금 몸값이 얼마야요.”
“오백 원이래요. 처음 우리 수양 아버지가 어떤 요리점으로 나를 넘길 때는 삼백 원이었는데 지금은 그리 되었세요. 손수 옷을 지어 입으면서 갖은 애는 다 쓰건만 나날이 늘어만 가겠죠. 그저 평생 이 노릇이지요. 어젯밤도 과히 잘못하지 않았는데 주인 놈이 이리 따렸다오. 물 길리고 빨래 시키고 동자 시키고 또 그 노릇 시켜서 돈 벌어 처 넣었지요. 이 세상은 언제 망할까요. 그저 대포로 모두 쾅쾅 놔 버렸으면……”그의 눈에는 불이 번 뜻, 일어났습니다. 한참 후에 나는 웃는 말 비슷이,
“아니 연인이 없어요. 연인이 상당하면 몸값을 치르고 나오는 수도 있두먼두.”
“흥, 연인. 날 같은 신세에 연인이 어디 있어요. 사내들이 사람 같애요.
모두 개 새끼같이 밖에는 내 눈엔 안 보여요. 그저 그것밖에야 알아요, 사내, 사내 흥.”
나는 얼핏 나의 남편을 생각하며 싫은 생각이 들었습니다마는 지금 그의 처지로서는 사내들을 이렇게 저주하지 않고는 못 견딜 것을 나는 깨달았습니다. 나는 어디까지든지 그가 불쌍하였습니다. 그가 보통 유녀와 같지 않고 어딘가 모르게 침착함을 가졌으며, 남자에게 꺾이지 않을 듯한 그의 성격이 나로 하여금 그러한 맘을 일어나게 하는 것이었습니다.“내가 열여덟 살에 어떤 사나이를 교제해 가지고 그 사나이에게 나의 온갖 힘과 정성은 다 들였어요. 부끄러운 말이지만 이 손 보세요. 단지까지 했더랍니다.”
그는 언제나 쥐고 있던 손을 내보였습니다. 한숨을 길게 쉰 후에,
“내가 손님들에게서 받은 돈을 푼푼이 모았다가 그가 오면 주인 몰래 그의 포켓에 넣어줄 때마나 나는 얼마나 장래를 약속…… 약속 했겠……어요.
어리석은 것은 계집이라요. 그는 어떤 여학생과 혼인을 했겠죠…… 자 일어납시다.”
그는 벌떡 일어납니다. 그는 이야기 하면서도 맘은 놓지 못하는 모양입니다. 나는 그의 손을 잡고 우리 집에도 한번 놀러오라고 신신 부탁하였습니다. 그 후로 우리들은 틈만 있으면 이렇게 산보하면서 나는 그를 어디까지든지 동정하였습니다.나뭇잎이 뜨락 쓰는 어느 날 밤이었습니다. 나는 불을 막 끄려는데 문 밖에서,
“형님 자우? 문 좀 열어유.”
하는 소리에 나는 벌떡 일어났습니다. 그리고 산월인 것을 짐작하며 달려나갔습니다.
“웬일이어? 이 밤중에…… 아니 또 매를 맞았어?”
나는 방 안으로 들어오자 그의 피투성이 한 볼과 흩어진 머리카락을 바라보았습니다. 그는 남편에게 인사를 하고 가만히 앉았습니다. 그의 손에는 조그만 봇짐이 쥐어 있습니다.
“형님, 난 나갈래!”
그의 눈은 빛났습니다. 나는 전날 어떻게든지 기회만 봐서 도망이라도 하면 내 여비 같은 것은 담당해 주마던 기억이 얼핏 떠오르며 저가 여비를 구하러 왔구나! 하며 버쩍 싫은 생각이 들었습니다. 남편도 눈이 둥그래서 그를 쳐다보았습니다.
“가기는 어딜 간단 말야, 갑자기.”
나는 불쑥 이런 말을 하였습니다. 그리고 ‘어제 수해 구제 음악회에서 삼원을 기부하였는데, 또 돈 쓸 일이 나지 않는가? 그러랴면 이 달에 살기가 좀 어려울 터인데 필시 이 달엔 저금은 못하지.” 하는 속 궁리가 뒤를 이어 내달았습니다. 그는 언제까지나 잠잠히 앉았습니다. 그러나 그의 얼굴빛은 시시로 달라지는 것을 나는 보았습니다.
“가두 말야, 가는 목적지를 정하고, 나와도 며칠 전부터 의논이 있어야지. 그러구 여기 일도 얼마큼 치워 놓고 가야지. 그러다가 붙들리면 어쩔래? 그렇지 않어?”
나는 전에 그 보고 한 말이 있으니 이렇게 어물어물 말하는 수밖에 없었습니다 . 그는 나를 흘끔 쳐다보고 나서 얼핏 일어났습니다.
그는 아무 말 없이 뛰어나갔습니다. 나는 어쩐지 불쾌함을 느끼면서도 시원하였습니다.아침에 나는 여전히 물동이를 이고 가지 밭을 지날 때, 문득 산월이가 생각나며 그가 어젯밤 집으로 갔는가 혹은 도망을 했나? 하는 생각이 들었으나,
그가 돈이 없는 것을 뻔히 아는 고로 나는 안심하였습니다마는 어쩐지 우물가에서 그와 만날 것이 상쾌하였습니다.
그때 이리로 뛰어오는 부인이 숨을 가쁘게 쉬면서 얼굴이 질려서,
“물 길러 가지 말아요. 사람이 빠져서…… 아이 저 그 예쁘장한…… 아니…… 왜…… 함께 다니던 그 이 말요. 그이가 죽었세요!”나는 그 순간 아찔하였습니다. 그리고 온몸에 무서움이 훔씬 끼칩니다. 나는 두말없이 돌아서서 황황히 돌아왔습니다. 정신없이 우리 집까지 온 나는,
“아이…… 산월이가 죽었다우, 여보!”
남편도 벌떡 일어났습니다.
“뭐야? 산월이가 어디서?”
“우물에 빠져”
나는 무섭던 김에 왈칵 남편에게 매달리며,
“산월이가 죽었대우! 불쌍해!”
하고 나는 목을 놓아 울었습니다. 그리고 그가 그렇게 속히 죽게 된 원인은 내가 말로나마 동정을 해서 죽었는지? 안 해서 죽었는지? 어느 한 가지에 있으리라고 나는 얼핏 느꼈습니다.","안녕하세요! 요청하신 소설 내용을 정성껏 읽고 요약해 드립니다. 이 이야기는 비극적인 운명을 지닌 한 여인의 삶과 그를 바라보는 화자의 복잡한 심리를 담고 있네요.

### [소설 요약]

**1. 산월의 비극적인 과거와 상처**
유녀(기생)로 살아가는 '산월'은 화자에게 자신의 아픈 과거를 털어놓습니다. 어린 시절 어머니를 그리워하며 헤매다 수양아버지에게 매를 맞고, 결국 요리점으로 팔려 가 유녀의 삶을 살게 된 것입니다. 그녀는 과거에 온 정성을 다해 사랑했던 한 남자가 자신을 배신하고 평범한 여인과 혼인했을 것이라 믿으며, 세상과 남성들에 대해 깊은 원망과 냉소를 품고 있습니다.

**2. 탈출의 결심과 화자의 망설임**
어느 날 밤, 몸에 피멍이 든 산월이 화자의 집을 찾아와 ""나갈래!""라며 절박하게 도망치고 싶다는 의사를 밝힙니다. 화자는 산월을 진심으로 동정하면서도, 한편으로는 그녀의 탈출을 돕는 데 들 비용(여비)을 걱정하며 현실적인 계산을 합니다. 화자는 산월에게 목적지도 없이 나가는 것이 위험하다며 말로만 만류할 뿐, 적극적인 도움을 주지 못하고 머뭇거립니다.

**3. 허망한 죽음과 화자의 죄책감**
다음 날 아침, 산월이 우물에 빠져 죽었다는 충격적인 소식이 전해집니다. 갑작스러운 산월의 죽음 앞에 화자는 큰 충격과 공포를 느낍니다. 화자는 자신이 산월을 향해 보였던 동정 어린 말들이나, 혹은 적극적으로 돕지 못했던 그 망설임이 결국 산월을 죽음으로 몰아넣은 것은 아닌지 자책하며 깊은 슬픔과 죄책감에 빠집니다.

---

**💡 감상 포인트:**
이 소설은 사회적 약자인 산월의 처절한 삶을 통해 **인간의 이기적인 동정심**과 **피할 수 없는 비극적 운명**을 대조적으로 보여주고 있습니다. 화자가 느끼는 죄책감은 독자에게도 묵직한 여운을 남깁니다.

요약이 도움이 되었기를 바랍니다! 더 궁금한 점이 있으면 언제든 말씀해 주세요. 😊"
마약 1화,"“나는 등록 하였수!”
보득 아버지는 벌떡 일어나며 외쳤다.
“무슨 딴 수작야 계집을 죽인 놈이. 가자 너 같은 놈은 법이 용서를 못해.”
순사는 달려들어 보득 아버지의 멱살을 쥐어 내몰았다.
“네? 계집을 계집을……”
보득 아버지는 정신이 버쩍 들어 순사를 쳐다보았으나, 나는 듯이 달려드는 매손에 머리를 푹 숙여 버렸다. 불을 움켜 쥔 그는 기막히게 순사의 입술을 바라볼 때, 불이 붙는 듯 우는 보득이가 눈에 콱 부딪친다.
“엄마 엄마.”
어디선가 아내가 꼭 뛰어들 듯한 저 음성, 널쩍한 미간 좌우에 근심에 젖은 꺼무스름한 아내의 눈이 툭 튀어 오른다. 여보, 보득 일 울지 않게 허우.
가슴에서 울컥 내달리는 말, 돌아보니 아내는 없고 풀어진 고름끈을 밟고 쓰러질 듯이 서서 우는 저 어린것뿐이다. 발딱거리는 저 가슴, 아내의 손때에 까맣게 누웠던 저 머리털, 밤새에 포르르 일어섰다.
“이놈아, 가.”
구두 발에 채여 보득 아버지는 뜰 아래로 굴러 떨어졌다.어둠이 호수 속처럼 퐁그릉 차 있는 여기, 촉촉히 부딪치는 풀잎, 이슬.
쳐다보니 수림이 꽉 엉키었고, 소복히 드리우는 별빛, 갑자기 뒤따르는 남편의 신발소리가 이상해 돌아보는 찰나, 무서워 어쓸해진다. ‘대체 이 산골로 뭘 하러 들어올까, 왜 그리 보득일 재워 눕히라 성화였나, 이리 멀리 올 줄을 짐작했다면 꼭 업고 올 것을. 또 한 번 물어봐.’ 목이 화끈 달아오른다. 급한 때면 언제나처럼 열리지 않는 입술, 두 번 묻기가 어렵게 성내는 남편의 성질, 오물거리는 혀끝을 지긋이 눌렀다. 발끝이 거칫하고 잠깐 다녀올 데가 있다던 남편의 말이 거짓말인 양 눈물이 핑 돈다.
조르르 소르르 어깨 위를 스쳐가는 것이 솔잎인 듯, 송진내 솔그러미 피어 흐르고 깜박깜박 나타나는 별빛이 보득의 그 눈 같아 문득 서게 된다. 남편의 호통에 안 일어나고는 못 배길 것이니 이렇게 따라 나섰고 또한 멀리 올 것을 모르고 보득일 재워 눕히고 온 것을 생각하니 남편의 말이라면 너무나 믿고 어려워하는 자신이 새삼스럽게 미워진다. 꼭 보득의 숨소리 같은 벌레소리가 치맛길에 가득히 스친다.
날 죽이고 그가 죽으려고 ‘ 이리 오나.’ 거미줄 같은 별빛에서 뛰어오는 생각, 이년 전 뒷뜰 살구나무에 목매어 늘어졌던 남편의 꼴이 검실검실 나타난다. 소름이 오싹 끼처진다. ‘그래도 죽으려는 것을 못 죽게 하니까 이번엔 날부텀 죽이고 죽으렴인가, 보득일 어쩔꼬.’ 팔싹 주저앉고 싶은 것을 간신히 걷는다. 허리를 도는 바람결에 놓지 않으려던 보득의 혀끝이 젖꼭지에 오물오물 기어간다. 그는 돌아섰다. 솔잎이 뺨을 찰싹 후려친다.
“보 보득이가 깨었겠는데 이젠 돌아가요.”
아무 말 없이 그의 등을 미는 남편, 한층 더 무섭고 고함을 쳐 누구를 부르고 싶은 맘, 타박타박 비탈길을 올라간다. 이 고개를 넘으면, 무릎이 툭 꺾이려 하고 남편이 그를 끌고 저 산 속으로 들어갈 듯, 부들부들 떨면서 산마루에 올라서니 확 울고 싶게 마을의 등불이 날아온다.“여긴 험하네. 내 앞서리.”
돌연히 남편은 이런 말을 하고 그의 앞을 서서 걸었다. 악 하고 소리치고 싶은 무서움이 머리끝을 스치고 지난 뒤 오히려 저 등불에서 무서움이 덜리기 시작한다. ‘저기 누구를 찾아가는 게지, 그래서 쌀 말이나 얻어 오려고 날 데리고 오는 게지.’ 하자, 아편을 하기 시작하면서부터 공연히 남편을 의심하고 무서워하는 버릇이 생겼음을 새삼스럽게 느끼면서, 실직 후에 고민을 이기다 못해 자살하려던 남편, 재일이와 밀려다니다가 아편을 입에 대고 고함쳐 울던 그 모양, 엊그제 동네 여편네들이 비웃던 말이 격지격지 일어나는 것이다. 어떤 상점에서 무엇인가 도적하다가 들키어 몹시 매를 맞더라는 남편, ‘미친년들 아무려면 그가 그런 짓을 했을까.’ 그러나 남편의 얼굴에 퍼렇게 멍이 진 자욱을 생각하니 목이 콱 메인다.
비탈길을 내리니 보득일 업고 뛰고 싶게 길이 평탄하다. 수수 하는 바람소리에 머리를 돌리니 앵 하는 내 애기의 울음소리가 밀려 나가는 저 바람에 따르는 듯, ‘보득이가 울 텐데 어쩌까.’ 그는 이렇게 중얼거리지 않고는 견디지 못하였다.시가에 온 그들은 어떤 포목 상점 앞에 섰다. 간혹 지나가고 오는 사람은 있으나마, 거리는 조용하였다.
남편이 상점 안으로 들어가니 주인인 듯한 중국인이 반색을 하여 맞아 준다.
“이제 왔어, 우리 기다렸어.”
이렇게 말하고 웃으면서 밖을 살피는 툭 불거진 눈, 얼른 발발이 눈을 연상시키고 이마에 흉터가 별나게 번질거린다. 빛 잃은 맥고모를 푹 눌러 쓴 채 금방 쓰러질 듯이 서 있는 남편, 혈색이 좋은 중국인에게 비하여 너무나 창백한지 어느 때는 , 되놈 같은 것은 사람으로 인정치 않았건만…… 푸르고 붉은 주단 빛이 안개가 되어 상점 방을 폭 덮어주는 것이다. 남편이 머리를 돌려 끄덕끄덕할 제, 그는 아편인이 몰려와 저러는가 하여 화닥닥 놀라는 순간, 다음에 어서 들어오라는 뜻임을 어렴풋이 깨달았지만 허둥지둥 들어가면서 얼굴이 화짝 달아오른다. 뚫어져라 하고 그를 살핀 중국인은 앞을 서서 비죽비죽 걸었다. 그도 남편의 뒤를 따라 섰다. 사뿐히 스치는 주단 냄새에 보득의 저고리 감이라도 얻으면 싶고 문득 남편의 후줄근한 아랫도리를 살피면서 타분한 냄새를 피우는 뜰로 내려섰다. 먼 길을 걸었음일까 아편인이 몰려옴일까 남편은 비칠비칠 하였다. 불행히 이 거동을 중국인이 눈치챌까 그의 가슴은 달막거리고 몇 번이나 손을 내밀어 붙들까 하였다. 빨간 문 앞에서 남편과 중국인은 무어라고 수근거리더니,
“이 방에 들어가 있소. 나 잠깐 볼일 보고 올 테니.”
문을 열고 그의 등을 밀어 넣다시피 한다. ‘필경 아편인이 몰려온 것이다.’ 직각한 그는 암말도 못하고 방으로 들어왔으나 어둠 속에서 사라지는 남편의 신발소리를 놓치지 않으려 문을 홱 열어 잡았다. 상점 문이 드르륵 닫겨 버린다. ‘곧 오라고 할걸.’ 하며 문에 몸을 기대 섰으려니 홀연 그의 집 방문턱에 기어오르는 보득의 얼굴이 불쑥 나타나고 어느 날 보득이가 문턱을 넘어 굴러 떨어지던 것이 가슴에 철썩 부딪친다. ‘어쩔까, 어쩔까.’그는 빙빙 돌았다.
한참 후에 이리 오는 신발소리가 있으므로 달려나왔다.
“보득이가 깨었어요”
목이 메어 중얼거리고 보니 뜻밖에 중국인만이 아니냐. 겁결에 발을 세우고,
“여보!”
진서방 뒤를 살피니 있으려니 한 남편은 없고 어둠이 충충할 뿐이다. 머리끝이 쭈뼛해진다. 단박에 진서방은 그의 손을 덥석 쥐고,
“변 서방 말야, 그 사람 집에 갔어.”
날쌔게 손을 뿌리치고 난 그는 이 말에 확 울음이 솟구치려는 것을 겨우 참으면서 나는 듯이 몸을 빼치려 하였다. 치마폭이 후둑 따진다.
“보득 아버지!”
막아서는 진서방의 가슴을 냅다 받았다. 진서방은 씨근거리면서 달려들어 그를 안아 가지고 방으로 들어와서 이어 문을 절거럭 걸어버린다.","안녕하세요! 요청하신 소설 내용을 읽고, 핵심적인 줄거리를 정리해 드릴게요.

이 소설은 **아편 중독과 빈곤으로 인해 무너져가는 한 가족의 위태롭고 비극적인 상황**을 담고 있습니다.

### **[소설 요약]**

**1. 혼란스러운 시작과 아내의 불안**
소설은 보득 아버지가 순사에게 멱살을 잡히며 끌려가는 혼란스러운 장면으로 시작됩니다. 어린 아들 보득이의 울음소리와 아내의 절망적인 심리가 교차하며, 집안의 비극적인 분위기를 보여줍니다.

**2. 남편에 대한 불신과 두려움**
화자인 아내는 남편에 대해 깊은 불안감을 느끼고 있습니다. 남편은 실직 후 자살을 시도하기도 했으며, 이후 아편에 손을 대기 시작했습니다. 남편이 도둑질을 했다는 소문과 몸에 남은 멍 자국 등을 보며, 아내는 남편을 사랑하면서도 동시에 그를 무서워하고 의심하게 됩니다.

**3. 수상한 밤 외출과 중국인 상점**
어느 날 밤, 남편은 아내를 데리고 마을의 한 중국인 포목 상점에 갑니다. 남편은 상점 주인과 은밀하게 이야기를 나누기 위해 아내를 방 안에 따로 있게 합니다. 아내는 어둠 속에서 홀로 남겨져 불안과 공포에 떨며 남편을 기다립니다.

**4. 남편의 실종과 긴박한 결말**
잠시 후 방에서 나온 아내는 남편이 사라진 것을 발견합니다. 상점 관계자인 진서방으로부터 ""남편(변 서방)이 집으로 갔다""는 말을 듣게 된 아내는 큰 충격과 공포를 느낍니다. 겁에 질린 아내가 그 자리에서 벗어나려 몸부림치지만, 진서방에게 강제로 붙잡히며 이야기는 긴장감 있게 마무리됩니다.

---

**💡 요약 포인트:**
이 글은 아편이라는 소재를 통해 **가족의 해체 과정과 그 속에서 느끼는 여성의 공포와 무력감**을 매우 사실적이고 긴박하게 묘사하고 있습니다.

내용이 다소 어둡고 긴장감이 넘치네요. 혹시 특정 부분에 대해 더 자세한 설명이 필요하시면 언제든 말씀해 주세요!"
마약 2화,"“여보, 이놈 봐요. 여보!”
마치 단 가마 속에 든 것 같고 어쩐 일인가 아뜩 생각되지 않는다. 그저 이 방을 뛰쳐나가려는 것으로 미칠 것 같았다. 몇 번 소리는 치지 않았건만 목이 탁 갈라지고 목에서 겻불 내가 훅훅 뿜긴다. 진서방은 차차 그 눈에 독을 피우고 함부로 그를 쥐어박아 쓸어안고 넘어지려고 한다.
“사람 살려요, 살려요.”
그는 벽을 쿵쿵 받으며 고함쳤으나 음성은 찢기어 잘 나가지지 않는다. 이 방안은 도무지 울리지 않고 입술에까지 화기만 번쩍 올라타고 있다. 진서방은 그의 입술을 막아 소리를 치지 못하게 한다. 땀이 쯔르르 흐르는 손에서 누린내가 숨을 통하지 못하게 쓸어오므로 깍 물어 흔들었다. 벼락같이 쥐어박는 주먹이 우지끈 소리를 내고 피가 쭈르르 흘러 목을 적신다. 진서방은 눈이 등잔통 같아져서 무어라고 중국말로 투덜거리더니 시커먼 걸레로 입을 깍 막아 버린다. 온 입 안은 가시를 문 듯, 그 끝이 코에까지 꿰어 올라온 듯, 흑! 흑! 턱을 채었다. 진서방은 허리띠를 끌러 미친 듯이 돌아가는 손과 발을 동인 뒤 이마 땀을 씻으며 빙그레 웃었다. 핏줄이 섞인 저 개 눈깔 같은 눈엔 야수성이 득실거리고 씩씩거리는 숨결에 개 비린내가 훅훅 뿜긴다. 퍼런 바지는 미끄러져 뱃살이 징글스레 드러났고 누런 침을 똑똑 흘리고 있다. 그는 이 꼴을 보지 않으려 눈을 감으니 들썩 높은 남편의 콧등이 까 프름 지나가고 비칠거리는 그 걸음발이 방금 보이면서 이제야 어디서 아편을 하고 이리로 달려오는 모양이 가물가물 하였다.“여보! 여보!”
문을 바라보고 힘껏 소리쳤으나 그 음성은 신음소리로 변하여질 뿐이었다.
이튿날도 진서방은 깜짝 아니하고 그의 곁에 앉아 활활 다는 그의 머리에 수건을 대어 주었다. 이미 몸을 더럽힌지라 진정하고자 하나 그만큼 열이 오르고 부러진 이가 쑤시는 것이다. 곁에 보득 이만 있다면 되는 대로 지내리란 생각도 때로는 든다. 새벽부터 남편이 자기를 이 되놈에게 팔았는가 하고 의문이 들었던 것이다. 하나 그것은 잠깐이고 어젯밤에 남편이 정녕 집에 갔는지, 여기 어디서 죽지나 않았는지, 만일 갔더라도 보득일 데리고 얼마나 애를 태울까 하는 걱정이 다투어 일어난다. 주르르 수건 짜는 소리에 놀라 그는 머리를 들었다. 진서방이 누런 이를 내놓고 웃는다. ‘보득의 오줌소리 같았건만!’ 흑, 하고 뱃속에서 치달아 오는 울음 때문에 눈을 꼭 감아 버렸다.“생각이 잘이 해. 우리 금가락지, 비단 옷 해줬어, 히.”
진서방은 웃는다. 그는 수건을 제치고 돌아 누우니 성났던 젖에서 대살과 같이 뻗치는 젖, 젖을 꼭 쥐는 손가락은 바르르 떨리었다. 이어 보득의 촐촐 마른 젖 내 몰크름 나는 입김이 볼에 후끈 타오르고, 엄마를 부르고 온 방안 헤매이다가 갈자리 가시에 그 조그만 발과 무릎이 상하여 피가 뚝뚝 흐르는 것이 눈에 또렷하였다.
“보득 아버지 어제 집에 갔어?”
그는 불쑥 물었다. 진서방은 반가워서,
“갔어. 돈을 가지고 갔어.”
돈이란 말에 그는 울음이 왕 터져 나왔다.이렇듯 하루 해를 넘기고 밤을 맞는 보득 어머니는 이 밤에 모든 희망을 붙이고 축 늘어져 있었다. 될 수 있으면 진서방으로 하여 안심하게 하도록 눈치를 돌리곤 하였다. 여간 좋은 기색을 그 눈에 지질히 띠운 진서방은 엉덩이를 들썩들썩 추키면서 상점방에도 나갔다 오고, 먹을 것을 사들이고,
약을 사다 이에 바르라는 둥 부산하였다. 그러나 밖에 나가서 단 십 분을 있지 않고 들어와서는 힐끗힐끗 그의 눈치를 보았다. 그 눈에 흰자위가 몸서리 나도록 싫었다. 왜 이리 불은 때었을까, 방안은 절절 끓었다. 누런 손으로 과일을 벗기는 저 진서방, 이마에 콩기름 같은 땀이 흘러 양 볼에 번지르르 하다. 제딴은 온갖 성의를 다 보이느라고 한다. 하도 여러 번째에 못 이기는 체 그 속을 눙쳐주려는 꾀에서 한쪽 받아 입에 무니 이가 딱 맞질리고, ‘내 애기는 지금 뭘 먹노!’ 잇새에 남은 과일 쪽은 보득의 살인 듯 그는 투 뱉아버렸다. 피가 쭈르르 흘러내린다.자정이 훨씬 지나 그는 머리를 넘석하렸다. 다행히 진서방이 잠이 든 까닭이다. 그는 숨을 죽이고 몸을 조금씩 일으키면서 연방 진서방을 주의한다.
혹 잠이 안 들고서 저러나 하는 불안이 방안을 가득 싸고 돌고, 시계소리,
어디서 우는 벌레소리, 희끄므레하게 보이는 문, 뭉클 스치는 과일 내까지도 사람의 숨결일까 놀라게 된다. 바시시 이불에서 몸을 빼칠 제 후끈 일어나는 땀내에 보득의 기저귀 한 끝이 너 풀 코끝에 스치는 듯. 이제 가서 보득 일꼭 껴안을 것이 가슴에 번듯 거린다. 그는 용기를 얻어 곁의 옷을 집어들고 사뿐사뿐 뒷문으로 왔다. 가만히 문을 열고 나오니 다리 팔이 소리를 낼 듯이 떨리고 가슴이 씽씽 뛰어 어쩔 수가 없다. “이년 어디 가니?” 소리치는 듯 귀는 헛소리로 가득 차 버린다. 허둥허둥 변소로 와서 우선 동정을 살핀다. 앞으로 나가려니 상점방이 있고 부득이 울타리를 넘어 나가는 수밖에.울타리 위에는 쇠줄이 얽혀 있는 것을 낮에부터 유심히 바라본 것이다.
더구나 이 변소에서 넘는 것이 가장 헐하리라 한 것이다. 귀를 세워 안방을 주의하고 상점방을 조심한다. ‘이렇게 망설이다가 진서방이 깨게 되면 어쩔까.’ 발딱 일어나 옷을 울 밖으로 던진 후에 껑충, 울타리에 매어달렸다. 무엇이 발을 꽉 붙잡는 듯 몸은 푸들푸들 떨리고 마음은 어서 나가려는 조바심으로 미칠 것 같다 . 쭈르르 미끄러지고 얼굴이 쇠줄에 선뜻 찔린다.
그러나 이를 악물고 철사를 힘껏 붙든 채 바둥거린다. 이 줄을 놓으면, 내 애기 내 남편은 못 만나볼 듯, 어쩐지 그렇게 생각된 때문이다. 쇠줄 소리는 요란스레 난다. 이번에야말로 진서방이 내달아 오는 듯 발광을 하여 몸을 솟구친다. 아뜩하여 가만히 살피니 그의 몸이 거꾸로 울 밖에 달려 맨 것을 직각한 그는 쇠줄에 속옷 갈래와 발이 끼어서 있음을 알았다. 그는 마구 속옷 갈래를 쥐어 당기고 발을 뽑을 때 철썩하고 땅에 떨어졌다. 이어 딱하고 무엇이 후려치므로 진서방이구나 하고 힘껏 저항하려다 만지니 돌에 머리가 마주친 것을 알았다.단숨에 뛰어 일어난 그는 미친 듯이 뛰었다.
으드드 떨리게스리 터져 나오려는 이 환희! 어둠 속을 뚫고 폭풍우같이 몰아치는 듯, 나는 듯이 시가를 벗어난 그는 산비탈을 끼고 올라간다. 주르르 흘러오는 산바람이 그의 몸에 휘어 감기자 내 애기의 음성이 가까이 들리는 듯, 까뭇 그의 집이 나타나고, 우는 보득이 눈에 고드름같이 매달린 눈물,
귀엽고도 불쌍한 눈물…… 그의 눈에 함빡 스며 옮아오는 듯 거칫 쓰러진다. 발끝에서 확 일어나는 불길은 쓰러지려는 그의 몸을 바로 잡아준다. 그는 뛴다. 보득의 옆에 쓰러진 남편, 아편에 취하여 있을 그, 이제 가면 붙들고 실컷 울고 싶다. 원망도 아무것도 사라지고 오직 반갑고 슬픔만이 이락이락 일어나는 것이다. 응당 남편도 그를 붙들고 사죄할 것 같다. 꼭 아편도 뗄 것 같다. 조수같이 밀려나오는 감격에 아뜩 쓰러진다. ‘여보’ 소리를 지르고 일어나 달린다. 흑흑 차오는 숨 좀 돌리려고 하면 맥없이 쓰러지게 되고 다시 뛰면 숨이 꼴깍 넘어가는 듯 기절할 지경이다. 이마에선 땀인가 무엇인가 쉴 새 없이 흘러 눈을 괴롭히고 목덜미로 새어 흐른다. 비가 오는가 했으나 그것을 살필 여유가 없고 진가가 따르는가 돌아보게 된다.씽씽! 철사 줄 소리가 머리 위를 달리는 것이다. 그는 후닥닥 몸을 솓구치다가 맹하고 쓰러진다. 아직도 그가 철사줄을 붙들고 섰는가 싶었던 것이다.
다시 정신을 돌리고 나면 ‘이번에야 떼지, 그래. 우리 보득 일 잘 키워야 하지.’ 울면서 일어나 닫는다. 마지막 사라지려는 마을의 등불은 불에 단철산가 싶게 길게 비친다. 뒤따르는 놈이 있다면 어렵지 않게 죽일 맘이 저 불에서 번쩍한다.
별빛만이 실실이 드리운 수림 속을 걷는 보득 어머니, 남편과 보득일 만날 희망으로 미칠 것 같다. 거짓하면 쓰러지고 쓰러지면 일어나 뛴다. 입에 먼지가 쓸어 들고 불을 붙인 것처럼 얼굴은 따갑다. 몸에서 피비린 내가 진동하고 또 젖비린내가 뜨끈뜨끈히 떨어쳐 머리털 끝에까지 넘쳐 흐른다.솨르르 수림을 흔드는 바람, 그 바람이 머리끝에 춤출 때,
“이번엔 떼야 해요, 떼야 해요.”
부지 중 그는 이리 중얼거리고 픽 쓰러진다. 발광을 하며 일어나려고 하나 깜짝할 수가 없다. 문득 이마를 만지니 상처가 짚이고 그리로 피가 흐르는 것을 직각한 그는 속옷 갈래를 찢으려다 기진하여 머리를 땅에 박고 만다.
이번엔 적삼을 어루만지려니 발가벗은 몸이고 아까 울 밖으로 옷을 던진 채 깜박 잊고 온 것을 짐작한다. 다시 속옷 갈래를 찢으며 애를 쓴다. 헛기운만 헙헙 나올 뿐 손은 맥을 잃고 만다. 떼야! 떼야! 정신이 까무루루해서 이렇게 부르짖다가 펄쩍 정신이 들 때에 일어나렸으나, 몸이 천근인 듯 무겁다. 팔을 세우면 다리가 말을 안 듣고, 머리를 들면 헛구역질만 나온다.‘내가 죽어가는 셈일까, 우리 보득 일 어쩌고.’ 벌떡 일어났으나 그만 쓰러지고 만다.
“아가 아가!”
먼지를 한 입 문 입을 벌려 이렇게 부른다. 응 하는 대답이 있을 듯 하건만 그는 땅에 귀를 부비치고 내 애기의 음성을 들으려 숨을 죽인다. 이번엔 목을 비끄러 매는 듯이 혀를 힘껏 빼물고 “아가.” 불렀으나 아무 소리도 들리지 않는다. 머리를 번쩍 든다. 보득일 업은 남편이 저기 어디 비칠거리고 그를 찾아올 것만 같다. 깜짝 일어났으나 그만 쓰러지게 된다. 대체 왜 이리 쓰러지는지, 그는 아뜩하였다. 손가락을 아짝 씹는다. 불이 눈에 불끈 일어 감기려던 눈이 환해진다.“아가, 여기 젖 있다, 머.”
그는 허공을 향하여 부르짖었다. 숲 속에 드리운 저 허공, 남편의 초라한 옷자락인가 봐 펄쩍 정신이 든다. 허나 아니었다. 그는 응 하고 울었다. 그리고 기어라도 볼까, 다리 팔을 움직이다 그만 쓰러진다.
아가 아가…… 어 쭉 일어나 봐…… 흥 제, 남편은 어찌 될 줄 알고. 이제 등록한 아편장이가 될지 어떨지…… 고요히 숨이 끊어지고 만다.","안녕하세요. 요청하신 소설의 내용을 읽고, 그 비극적이고 가슴 아픈 서사를 정리하여 요약해 드립니다.

이 소설은 아편 중독과 폭력, 그리고 그 속에서 아이를 지키려는 한 어머니의 처절한 사투와 비극적인 죽음을 다루고 있습니다.

### **[소설 요약]**

**1. 폭력과 아편의 굴레**
주인공(보득의 어머니)은 아편에 취해 야수성을 드러내는 남편 '진서방'으로부터 심한 폭행을 당하며 고통스러운 삶을 살고 있습니다. 남편은 아편을 하기 위해 돈을 쓰고, 그 과정에서 아내에게 폭력을 휘두르며 공포 분위기를 조성합니다.

**2. 아이를 향한 간절한 모성애**
고통스러운 상황 속에서도 주인공을 버티게 하는 유일한 희망은 어린 아들 '보득'입니다. 그녀는 남편이 아편을 끊고 가족과 함께 평범하게 살기를 간절히 바라며, 아이의 안위를 끊임없이 걱정합니다.

**3. 필사의 탈출**
어느 날 밤, 주인공은 남편의 감시를 피해 아이를 만나기 위해 목숨을 건 탈출을 시도합니다. 울타리의 철사 줄에 찔리고 다치는 부상을 입고, 남편에게 쫓기는 듯한 공포 속에서도 그녀는 오직 아이에게 가야 한다는 일념 하나로 어두운 산길을 달립니다.

**4. 비극적인 결말**
산길을 달리며 주인공은 남편과 아이가 재회하여 아편을 끊고 행복해지는 환상에 빠지기도 합니다. 하지만 극심한 피로와 부상, 그리고 탈진으로 인해 그녀는 결국 숲속에서 쓰러집니다. 마지막 순간까지도 아이의 이름을 부르며 간절히 찾던 그녀는 끝내 숨을 거두며 비극적인 최후를 맞이합니다.

---

**[감상평]**
소설 전반에 흐르는 거칠고 생생한 묘사가 주인공이 처한 극한의 상황과 절박한 심정을 매우 강렬하게 전달하고 있습니다. 특히 아이를 향한 모성애가 죽음 앞에서도 꺾이지 않는 모습이 매우 가슴 아프게 다가오는 내용입니다. 

도움이 되셨기를 바랍니다. 더 궁금한 점이 있으면 언제든 말씀해 주세요!"
번뇌 1화,"“이 보툴[홀아비]아, 왜 이려.”
남편은 술이 얼근하여 일어나는 R을 붙잡았습니다. 그 바람에 상에서 저가 내려지며 쟁그렁 소리를 냈습니다.
“이 사람아 놓아. 난 취했네. 가서 자야지. 아주머니 참말 미안합니다.
종종 이렇게 와서 폐를 끼쳐서……”
“원 선생님 두 별 말씀 다 하시네. 어서 앉으셔요. 술 더 사올 터이니…….”
“오라잇! 그저 우리 마누라지. 얼른 사오우”
R은 내 손에 쥐어지는 술병을 앗아 빼앗으며,
“이전 더 못하겠습니다.”
“이놈의 보툴이”
남편은 R의 손을 덮쳐 쥐어 술병을 빼앗아 나에게 돌립니다. 나는 나는 듯이 밖으로 튀어나왔습니다.밤은 어지간히 깊어진 듯 나는 깊은 산림 속으로 들어서는 듯함을 내 뺨에 찰싹 느꼈습니다. 나는 종종 걸음으로 중국인의 상점까지 와서 술을 사가지고 돌아왔을 때 R은 내 신발 소리를 들었음인지 문을 박차고 내 달아와서 술병을 받으며,
“아주머니 수고했습니다. 어이구 어 뭐… 이거 미안합니다.”
술내를 밥김처럼 피우면서 이렇게 말하였습니다. 나는 잠잠히 R의 뒤를 따라 방으로 들어오니 남편은 술병을 바라보며 그 넓은 입이 네모가 져서 좋아했습니다. R은 술을 잔에 따르면서,
“몹시 어둡지요.”
하고 다시 한번 물었습니다. 나는 어쩐지 그가 다정한 사람이라고 생각하였습니다.
“이 사람아, 그래 장가를 안 간단 말인가 어쩐 말인가?”
남편은 이런 말을 툭 했습니다. 나 없는 사이에 하던 말을 계속하는 것이라고 직각하며 나는 R의 눈치를 보았습니다. R은 미소를 띠우며 술을 쭉 들여 마신 후에,
“……글쎄……?”
남편은 목에 핏대 줄을 세우며 ‘사께와 나미다가(술은 눈물인가)’를 멋들게 불렀습니다. R은 탐탁하지 않게 안주를 질겅질겅 씹다가,
“감옥이란 못 쓸 곳이네 사람을 영 못 쓰게 만든단 말이어.”
하고 한숨을 푹 쉬었습니다.“아주머니, 이놈은 감옥에서 버려졌답니다. 이야기 한 마디 할 것이니 들어주겠어요.”
그의 긴 눈에는 슬픈 빛이 핑그르르 돌았습니다. 나도 왠 셈인지 두어 번이나 눈을 깜박이다 시선을 돌려 남편을 보았습니다. 그는 술만 보면서 벙글벙글 웃습니다.
“술은 이따 마시고 이야기나 들어요.”
남편은 정이 뛰는 눈으로 나를 보며,
“저건 술 먹는 사람의 심리를 모른단 말이야. 술을 이렇게 쭉 들어 마시며 듣는 이야기란 기막힌 거야. 자 이 군, 이야기하게. 허허.”
R은 남편의 웃음에 곁따라 웃으면서도 머리로는 무엇을 생각하는 듯 그리고 그의 코끝은 불빛에 날카롭습니다.
“이거 그저 술김에 하는 말이니 용서해 주셔요.”
“어 좋다. 더구나 좋다.”
남편의 혀끝은 곱아가는 반면에 R의 혀끝은 점점 더 분명하였습니다. R은 쓸쓸한 웃음을 입가에 띠우며,“아까도 말했지만 참말 장가는 가지 못했습니다. 원체 가고 싶지도 않았지만 어디 갈 형편이었나요. 이미 취처를 한 동지들조차 후회를 절실히 하게 되는데. 실은 우리 같은 처지에 가정을 갖게 된다는 것이 얼마나 두려운 일이라구요.
고향은 함흥이라 하지만 내 뼈가 굵어진 곳은 해삼위입니다. 그래서 해삼위가 제 고향이 되고 말았지요. 당시에 로서아에서는 적당과 백당과의 싸움에 민중이 극도로 불안에 쌓여 있었지요. 그런데 어느 날 나는 적당에게 붙들려 갔던 것을 게기로 일약 주의자가 되어서 나왔더랍니다. 그때 내 나이 어렸더니 만침 또 코치 받은 시일이 쩗은 것만큼 무슨 철저한 깨달음에서가 아니라 분위기가 그러하니까 나 역시 그 물에 젖었던 모양이지요. 그 후부터 나는 무장을 하고서 적당의 뒤를 따르게 되었지요. 이러기를 몇 해 하다가 로서 아가 건설기에 초보를 옮겨 놀 때 나는 만주로 나오게 되었더랍니다.
만주로 나온 후에도 역시 엉덩이를 붙여 앉을 사이 없이 뛰어다녔지요. 이러는 동안에 실패와 성공을 거듭하면서 때로는 관군과 홍의적에게 쫓기어 아슬아슬한 사지에서 헤매이면서 비로소 나는 나의 주견을 가지게 되었으며 여기에 일생을 바치리라고 굳게 결심했습니다.그러니 장가 같은 것이야 생각이나 해보았겠습니까. 그렇다고 여자들을 대하게 될 때 성적 충동을 받지 않은 바는 아니지만 그런 것은 우리들에게는 너무나 적은 문제였으니까요. 허허 그때야말로 기운이 버쩍 나던 좋은 시절입니다.
되놈의 만두 몇 개만 포켓에 넣어 가지면 이 넓은 만주 천지를 번갯불같이 뛰었지요. 여기에 따라 일어나는 민중의 의식이야말로 바람에 풍기는 불길 같았지요. 간도의 민중! 그들은 조선에서 살래야 살 수 없어 죽을 각오를 하고 뛰쳐나온 사람들의 모임이 아닙니까. 어쨌든 간도의 군중처럼 총칼의 맛을 본 군중은 없으리다. 뚜렷이 드러난 사변만으로도 이번까지 그 몇 번입니까. 그들의 이러한 환경이 그들로 하여금 무서운 분노와 결심을 일으키게 하였단 말이지요.”
그는 잠깐 말을 그치고 묵묵하였습니다. 나는 숨을 가볍게 쉬며 돌아보니 남편은 상 옆에 엎드려 코를 골고 있습니다. 나는 얼른 베개를 내려 남편에게 베어주고 나서 어서 이야기를 계속하라고 재촉하였습니다.“제가 말하랴는 요건은 거기에 있지 않으니 그만해 두고…… 제가 감옥에서 나오기는 재작년 이때입니다. 어찌했던 붙잡힌 지 만 칠 년 만에 나왔으니까요. 햇수로는 팔 년이 잡혔지요. 감옥에서 나올 때만 해도 세상이 이리도 변했으리라고는 짐작 못했지요. 하기야 다소 변했으리라고야 했지만 이리도 변했다구는…… 그런데 어리석은 맘에 감옥문만 나서면, 보다도 이 용 정역에 내리면 그립던 동지들이 정거장이 좁도록 나왔으리라고 했지요. 허우습지요. 그때만 해도 내가 명예에 취하여 다녔다는 것을 지금이야 다소 알았습니다마는…… 그래서 기대를 잔뜩 가지고 이 용 정역에 내리지 않았습니까. 웬걸요. 한 사람이나 아는 얼굴이 있겠어요. 전에 없던 수비대만이 올 신갈신 합디다 그려. 나는 갑자기 몸이 천근이나 되어지며 정거장이 텅 비인 것을 느꼈어요. 그러고 어린애같이 울음이 터져 나오고 분이 치밀고 말할 수 없두먼요.정거장을 벗어난 나는 동지도 부모도 없고 하늘에서 달랑 떨어진 듯 하두먼요. 나는 어디로 가야 좋을지 몰라 우두커니 섰노라니 나와 같이 차에서 내린 승객들은 쌍쌍이 활기 있게 앞으로 앞으로 가고 또 가지 않습니까. 허그때에 딱함이란…… 그래서 생각다 못해서 어떤 동지의 집을 찾아 떠났지요. 시가도 팔 년 전과는 아주 달라진 듯 하두먼요. 그래서 어릿어릿 찾는 것이 아마 두어 시간은 걸렸으리다. 이리하여 겨우 찾아놓으니 동지는 어디로 돈벌이 떠나고 그의 부인만이 애기들을 데리고 있는 모양인데 동지가 돌아올 시일도 분명하지 않두먼요. 하는 수 없이 나는 또 다른 동지의 집을 찾기로 하였지요. 그러나 그 동지는 국자가로 이사해 갔다는 것을 나종에야 어떤 친구에게 들어서 알았습니다마는. 그러니 그 밤이 깊도록 헛수고만 했지오. 그러다 나종에는 기운이 진해서 더 찾아볼 용기가 나지 않두먼요. 그래서 어떤 여관에 들어 그 밤을 자고 이튿날 또다시 친구를 찾아 떠났지요.","안녕하세요! 요청하신 소설 **<번뇌> 1화**의 내용을 친절하게 요약해 드릴게요.

이 내용은 술기운을 빌려 자신의 파란만장하고도 쓸쓸한 과거를 털어놓는 한 남자의 이야기를 담고 있습니다.

---

### 📝 소설 <번뇌> 1화 요약

**1. 술자리와 R의 등장**
어느 깊은 밤, 술에 취한 남편과 그를 챙기는 아내(화자), 그리고 'R'이라는 남자가 함께 술을 마시는 장면으로 시작됩니다. 남편은 R에게 왜 장가를 가지 않느냐며 짖궂은 질문을 던지고, 이에 R은 자신의 무거운 삶의 이야기를 시작하게 됩니다.

**2. 혁명가로서의 삶과 신념**
R은 과거 러시아와 만주를 무대로 활동했던 인물이었습니다. 그는 러시아의 혼란스러운 정치 상황 속에서 자연스럽게 주의자(혁명가)가 되었고, 만주로 건너와 관군과 여러 세력에게 쫓기는 아슬아슬한 삶을 살았습니다. 그는 민중의 의식을 깨우는 일에 자신의 일생을 바치기로 결심했기에, 결혼이나 가정 같은 개인적인 행복은 사치라고 생각하며 살아왔습니다.

**3. 출옥 후 마주한 참담한 고독**
하지만 8년(실제 투옥 7년)이라는 긴 세월 동안 감옥 생활을 하고 세상 밖으로 나왔을 때, 그를 맞이한 것은 뜨거운 환영이 아닌 차가운 고독이었습니다. 그는 동지들이 자신을 기다리고 있을 것이라 믿으며 기대를 품고 역에 내렸지만, 세상은 너무나 변해 있었고 아는 얼굴은 단 한 명도 없었습니다. 

**4. 길을 잃은 영혼**
R은 옛 동지들을 찾아 헤매지만, 동지들은 이미 떠나거나 자취를 감춘 뒤였습니다. 믿었던 세상과 인연들이 모두 사라진 자리에서, 그는 마치 하늘에서 홀로 떨어진 듯한 극심한 소외감과 허무함을 느끼며 방황하게 됩니다.

---

### 💡 요약 포인트
이 소설의 1화는 **'대의를 위해 개인의 삶을 희생하며 달려온 한 남자가, 긴 투옥 생활 끝에 사회로 돌아왔을 때 느끼는 극심한 고독과 단절감'**을 R의 회상을 통해 애처롭게 그려내고 있습니다.

내용이 도움이 되었기를 바랍니다! 더 궁금한 점이 있으면 언제든 말씀해 주세요. 😊"
번뇌 2화,"한겻이나 진하여 동지 한 사람을 길에서 만났는데 그는 영사관 순사의 정복을 입었겠지요! 아주머니 난 더 말하지 않으렵니다. 물론 환경이 변함을 따라 인심도 변했을 것이 아니겠습니까. 하나 당신의 나로서는 말할 수 없는 분이 치밀두먼요. 그때의 나의 분노란 살도 피도 다 깎인 뼈 끝에 불이 당기는 듯하겠지오. 나는 그 동지를 만나본 후로 이 용정이 딱 싫어져서 그날 하루를 저 목공원에서 갈팡질팡 쏘다니다가 그만 표연히 떠났지요.
로서아로 가랴고 했으나 국경의 수비가 심하니 어디 갈 수가 있어요. 그래서 무정처하고 떠난 것이 용정서 삼 리 가량이나 나와서 명동이란 곳에 발길을 멈추게 되었지요.때마침 감옥에서 나오지 못한 동지의 집이 여기 있음을 문득 깨닫고 그리로 들어갔더니 동지의 어머님은 너무 반가운 끝에,
그러고 자기 아들을 생각해서 통곡을 하겠지요. 나도 울 곳을 찾지 못해서 애쓰던 차이라 그 어머님을 붙들고 실컷 울었지요. 허참!
이거 너무 길어집니다. 원 그런데 동지의 어머니는 제 일 차 토벌난에 남편을 잃어버리고 감옥에 있는 아들 하나를 바라고 눈이 까매서 있는 불쌍한 부인입니다. 그러고 동지의 아내되는 이는……”
그는 기침을 칵 하고 나서,
“동지에게로 시집온 지 근 십 년이나 되지만 남편과 함께 단 사흘을 있어 보지 못하였답니다. 그러나 그 시어머니를 모시고 갖은 고생을 다하면서 아직까지도 곱게 지내고 있습니다. 적적히 지내던 이 집에 보다도 생활상 말 못할 쓰림을 받던 이 집에 내가 뛰어든 것은…… 어쨌든 모녀가 대단히 기뻐하는 눈치만은 알았습니다. 그러나 내가 예정하고 이 집에 온 것도 아니요, 더구나 찢어지게 어려운 형편임을 잘 아는 나는 더 오래 있을 수가 없어서 그 이튿날로 곧 떠나렸으나 그 어머니가 울면서 놔 줘야지요. 굶든지 먹든지 자기의 아들이 나올 때까지는 같이 있자는 것입니다. 그래 딱하두먼요. 해서 주저앉어 며칠 있는 동안에 심심하면 그곳에 있는 명동학교에 놀러 가지 않았습니까. 마침 그 학교 교원이 한 명 부족하야 구망 중에 있었으므로 나는 쉽게 교원으로 채용이 되었지요.그러나 나는 아주 그 집에 머물러 있게 되었더랍니다.
학교에 들어가면서부터 비록 적은 봉급이나마 우리 그 어머님의 손에 꼭 쥐어드렸지오. 그러고 그 어머님의 편의를 돕기 위하여 나는 아침마다 일찍 일어나서 마당 쓸고 변소간 쳐내고 화초에 물주고 호박 넝쿨을 살피고 때로는 텃밭까지 매었지오. 이렇게 흙을 자유로이 만지고 아침 공기를 맘껏 들여 마실 때에 나의 기분이야말로 무어라 형용할 수 없두먼요.
그 지긋지긋한 독방에서 오륙 년을 지나는 동안에 나는 자유가 얼마나 그리웠는지…… 어쨌든 어떠한 된 고문보다도 못 당할 것은 독방에 있는 것이라고 나는 절실히 느꼈지요. 맘대로 서지도 못해, 눕지도 못해. 그 긴긴 여름날에는 앉은 그 자리에 그냥 앉아 있어야 하지 않습니까. 그러니 기계가 아니고 사람인 바에는 어찌 여기에 고통이 없겠습니까. 더구나 옆방에서 두런두런 이야기하는 소리란 기막히게 나를 못 살게 하두먼요. 그러고 불덩어리를 문 것처럼 온 입안이 따가워지며 무슨 말이든지 툭 하고 싶습니다. 그저 툭 하고 싶습니다.”“아이 참말!”
나는 무의식간에 이렇게 탄식하였습니다. R의 얼굴은 불같이 달았습니다.
“이렇게 지나던 나인지라 모든 것에 무심할 리가 있나요. 내 머리털이 미풍에 서늘히 나부낄 때, 만지고 싶은 것을 내 손으로 맘껏 만질 때, 나는 문득 ‘이전 감옥에서 나왔나!’ 하고 중얼거리게 됩디다. 허허 아주머니……그런데 동지의 부인인 계순이는 누구나 다 밉게 생겼다고 합니다. 실은 그의 얼굴에서 특색을 고를 수 없이 그저 되는 대로 주먹처럼 생긴 얼굴이어요. 허허. 이마가 멋없이 넓은 데다 눈과 코는 왜 그리도 밭게 붙었는지 퍽도 딱해 보입니다. 그러나 항상 꼭 다물어 있는 그의 입술 속에 가득 차 있는 그의 이야말로 진주같이 빛납니다. 그러고 그의 맘도 그의 이같이 튼튼하고도 결백합니다. 그의 몸가짐이며 늘 하는 음식 제도며 옷 범절까지 그의 이같이 질서 있고 얌전하다고 보았습니다.
그는 첫째 빨래를 희게 합니다. 혹 아주머니는 누구는 빨래를 희게 하지 않더냐고 물으실지 모르나 그러나 계순이가 한 빨래는 박꽃처럼 희고 부드러우며 비누와 양잿물 내가 일절 없고 맑은 샘물 내가 물씬하니 나지요.”
“선생님, 모르시는 것이 없구먼요. 어쩌문 그래……”
나는 크게 말했습니다.
그는 약간 미소를 띄우며,
“그것은 내가 열일곱 살부터 빨래를 늘 해본 까닭에 잘 압니다.
감옥으로 가기 전까지는 내 옷은 말할 것 없고 동지들의 옷까지도 빨아주었습니다.”
“그래요? 참말.”
나는 그의 빛나는 눈과 뾰죽한 코끝이 어쩐지 예술가답다고 문득 생각했습니다.“음식에 있어서는 특색을 말하기 어려우나 내가 그 집에 일 년이나 있는 동안에 밥에서 돌 한 개 씹은 일이 없고 머리카락 한 오라기 골라내지 못하였습니다. 그러고 밥알은 기름기를 띠고 입 안에 찰찰 붙는다고 그것은 지금이야 생각납니다마는…… 찬에 있어서도 별한 진찬은 아니나 그 맛이 구수합니다. 보통 여관 집 같은 데서 아지노모도를 치거나 사탕을 쳐서 혀끝을 아첨하는 그러한 찬의 맛보다는 훨씬 고가의 맛인 것을 맛보았습니다. 이래 뵈도 내 성미가 여간 까다롭지 않아서 옷이며 음식을 심하게 둘러봅니다.
허허, 저 사람 잘 두 잔다.”
그의 타는 듯한 얼굴이 갑자기 흐려지므로 나는 등불의 관계인가 하고 등불을 쳐다보다가 다시 그를 보았습니다.
“아주머니, 나는 그 집을 뛰쳐나온 이후로 한 번도 입에 맞는 음식을 못 먹어봤습니다. 이거 무엇한 말입니다마는, 허허허. 그런데 아주머니, 나는 계순이가 손수 만든 음식과 남이 만든 음식을 즉석에서 분간하게쯤 되었습니다그려. 심한 말로 손수건 한 개라도 그가 빤 것과 남이 빤 것을 곧 알게 되었단 말이지요. 여기서부터 나도 모르는 사이에 나는 계순을 마치 어린애가 어머니를 신임하듯 하는 감정으로 대하게 되었으며 잠시도 그가 내 눈에 뜨이지 않으면 내 맘은 어두워지고 전신이 나른 해집디다 그려.","안녕하세요! 요청하신 소설 <번뇌 2화>의 내용을 읽고, 핵심적인 내용을 중심으로 친절하게 요약해 드릴게요.

---

### 📖 소설 <번뇌 2화> 요약

이 내용은 화자(나)가 과거의 상처와 고통을 뒤로하고, 한 가정의 여성인 '계순'에게 정신적으로 깊이 의지하게 되는 과정을 담고 있습니다.

**1. 용정을 떠나 명동으로 향한 여정**
화자는 과거의 동지가 변절하여 일본 영사관 순사가 된 것을 보고 큰 분노와 환멸을 느껴 용정을 떠납니다. 정처 없이 떠돌던 화자는 명동에서 감옥에 수감 중인 한 동지의 집을 발견하고, 그곳에서 동지의 어머니와 아내인 '계순'을 만나게 됩니다.

**2. 명동에서의 평온한 생활**
화자는 명동학교의 교사로 채용되어 생활하며, 감옥에 있는 동지의 어머니를 정성껏 돌봅니다. 텃밭을 가꾸고 마당을 쓰는 등의 소박한 노동을 통해, 화자는 과거 독방에서 겪었던 극심한 고통과 자유에 대한 갈망을 치유하며 형용할 수 없는 평온함을 느낍니다.

**3. 계순에 대한 경외심과 정서적 의지**
화자는 동지의 아내인 '계순'에 대해 깊은 찬사를 보냅니다. 그녀는 외모는 평범하지만, 매우 결백하고 질서 정연한 성품을 가진 인물입니다. 
* **정갈함:** 그녀가 하는 빨래는 박꽃처럼 희고 깨끗하며, 
* **정성:** 그녀가 만든 음식은 인위적이지 않고 정직하며 깊은 맛이 납니다.

화자는 이러한 계순의 정성스럽고 결백한 모습에 감동하여, 어느덧 그녀를 어린아이가 어머니를 신뢰하듯 깊이 신뢰하게 됩니다. 이제 화자에게 계순은 단순히 동지의 아내를 넘어, 곁에 없으면 마음이 어두워질 정도로 정신적인 안식처가 된 상태입니다.

---

내용이 도움이 되었기를 바랍니다! 더 궁금한 점이나 다른 도움이 필요하시면 언제든 말씀해 주세요. 😊"
번뇌 3화,"허허 아주머니 이것이 흔히 말하는 사랑인지요.
동지의 아내를 그리워하게 된 나. 글쎄 될 뻔이나 한 짓입니까.
한때는 계급을 위하여 이 만주를 무인지경같이 달려다니던 내가 이게 웬일이겠습니까. 바로 말하면 지금이라도 실천운동에 몸을 적시어 적과 맹렬히 싸워야 당연한 일 아니겠습니까. 그런데 나는 그런 생각만으로도 앞이 아뜩해지고 맙니다그려. 이런 타락한 일이 어디 있겠습니까.
감옥에 있는 동안에 나의 심신은 이렇게도 나약해졌단 말이지요.
나는 이러한 쓸데없는 고민 때문에 회복되어 가던 건강이 또다시 쇠약해집디다. 그러고 나의 이성과 나날이 예민해 오는 감정과의 충돌 때문에 나는 밤마다 잠을 이루지 못하게 되었지요. 이러면서도 계순이만 보면 입이 떡 벌어지고 눈에 웃음이 뚝뚝 듯지요.
나는 그 투실투실한 계순이의 손이 얼마나 쥐고 싶었는지……”
R은 이마에 굵은 힘줄을 세우며 입을 꼭 다 물었습니다. 나는 어쩐지 맘이 민망해지며 차마 그를 바라볼 수 없었습니다. 그는 술병을 기울여 한 잔 따라 마신 후에,
“아주머니 졸리지 않습니까?”
“아니오. 어서 마자 허세요.”
그는 잠깐 무슨 생각을 하는 듯하더니,“아주머니 지루한 대로 들어주세요…… 바루 작년 여름입니다. 어머니께서 친척집의 혼인으로 인하야 이 용정으로 들어오시게 되었더랍니다. 그날 나는 어머니를 산모퉁이까지 전송하고 돌아오면서부터 무어라고 꼭 집어낼 수는 없이 나의 온 정신이 북쩍북쩍 했습니다. 그래서 그런지 교수 시간에 손에서 토필이 자꾸 흘러 떨어지고 칠판 위에 수 없는 글자를 쓰고 지우고 쓰고 지우곤 하여 애들한테서 귀여운 웃음을 한바탕 샀습니다. 그러고 하학 후에도 집으로 가기가 웬일인지 스스러워지며 걱정이 되어 나 혼자 학교에 남아 있었습니다. 학교에서 어떠한 결정이라도 지어 가지고 돌아가기 전에는 무슨 일이나 저지를 듯하야 침착히 생각코저 했으나 그저 소변 급한 때와 같이 조급해지면서 아무 생각도 나지 않습니다. 그래서 나는 사무실에서 빙빙 돌았지요. 또 교실마다 뒤지다가도 못 견디어 밖으로 나와버렸지요.
운동장은 왜 그리도 쓸쓸해 뵐까요. 그러고 전에 없이 휭하니 넓어 뵈이겠지오. 나는 발이 따굽도록 왔다갔다 하다가 무심히 머리를 들어 바라보니 학교 앞으로 흐르는 조고만 시냇물은 핏빛으로 뵈이겠지오. 나는 머리에 햇빛을 느끼며 냇가로 달려가니 담담한 시냇물 내가 내 코끝을 후려칩니다. 나는 얼른 계순의 몸에서 발산하는 냄새를 문득 맡았지요. 그러고 나니 못 견디게 집이 그리워지며 나도 모르게 한참이나 걸었지요. 그러다 내 정신이 들었을 때 나는 다시 냇가로 와서 되는 대로 주저앉았습니다. 머리 위에는 새소리 어지럽고 발 밑에는 샘물소리 돌돌 구르는데 또한 아무 생각도 할 수 없습니다. 나는 갑자기 벌떡 일어났나이다.‘사내 자식이 고린내 나게 무슨 잡생각이냐. 되어 가는 대로, 맘 내 키우는 대로 할 것이지.’ 하는 생각이 번개같이 들었기 때문입니다. 그래서 두어 발걸음 옮겨놨을 때, 그래도 사람인 이상 더구나…… 하자, 나는 맥없이 주저앉았지요. 냇물 속에는 차돌이 희게 빛나고 또 버들가지의 푸른 그림자가 이끼 같이 깔렸겠지요. 그 밑으로 고기들이 쌍쌍이 밀려다니는구려. 아마 그들도 짝을 지어 다니는 모양입니다. 그리고 물 위에 실실이 늘어진 버들가지는 왜 그리도 물에 닿을 듯 닿을 듯 할까요. 그렇게도 물이 연연할까요. 나는 그만 참을 수 없어서 일어났나이다.버들 숲을 떠나 걸었나이다.
어느덧 석양인데 대지의 모퉁이 모퉁이는 검은 그림자로 가득하지요. 그러고 저 멀리 지평선 위에 걸린 해는 너 울지 않으련, 너 울지 않으련하고 나를 조롱하는 듯하지요. 나는 머리를 푹 숙이고 걸었나이다. 황혼이 되어가니 그런지 벌레 소리도 그 수를 더해 갑디다. 나는 집까지 와서도 웬일인지 망설망설하다가 소리 없이 대문을 밀고 들어섰지요. 계순이는 내 아내인 듯이 나를 기다린 듯 마루에 걸터 앉았다가 사뿐 일어납니다. 나는 눈이 어둡도록 열이 오르는 것을 느끼며 방으로 들어왔나이다. 조금 있다가,
“세수 허세요.”
나는 벌떡 일어나서 나오니 계순이는 대야 옆에 섰다가 물러납니다. 나는 욱 달려가서 그의 허리를 꽉 껴안고 싶습디다. 그러니 내 가슴은 무섭게 동하며 전신이 부르르 떨리지요. 나는 그만 우뚝 섰나이다. 과거의 위태위태한 지경에서 받은 경험이 나로 하여금 이렇게 서게 하는 듯하였습니다. 그러나 순간이지 그 맘이 붙일 듯 하두먼요. 다행히 계순이가 부엌으로 들어가기 때문에 그 맘은 실행하지 못했습니다마는……저녁을 몇 술 떠보는 체한 나는 동료의 집으로 가서 이 한밤을 지내랴고 작정하였지요. 그러고 나니 그런지 온몸이 나른해지며 뼈끝이 짜릿해 오두먼요. 그래서 조금만 누웠다가 가리라 하고 누워버렸지요. 어느덧 설거지 소리도 끝나고 고요합니다. 나는 계순이가 어디를 나갔는가? 하는 궁금증이 일었을 때 성냥 긋는 소리가 팍 하고 들렸습니다. 마치 나 여기 있소 하는 소리같이 반갑게 들리더이다. 나는 다시 눈을 감고 계순의 얼굴을 그려보았지요. 그러나 웬일인지 잘 그려지지 않습니다. 눈이 보이면 코가 없어지고 입이 보이면 눈이 없어져서 나로 하여금 안타깝게 하였습니다. 그러고 무엇이 자꾸 안방에를 가면 보지, 안방에를 가면 보지 하고 속삭여주는 까닭에 또한 애가 있는 대로 쓰였습니다. 무엇을 빙자로 안방에를 갈까. 양복이 따졌으니 바늘을 좀 달랄까…… 아차 어제 얻어온 바늘이 있지. 무엇을? 무엇을? 오! 물을 달래. 아까 떠온 물이 있지 않나? 아니 그건 숭늉이니깐 냉수를 달래…… 나는 벌떡 일어났습니다. 에이 이 자식! 하는 소리가 쨍하니 내 귀를 울려줍니다. 나는 맥없이 주저앉으며 문을 바라보았지요. 어느덧 방안은 캄캄하였으며 문만이 희끄므르하더이다. 그러고 시커멓게 가로세로 건너간 문살은 흡사히도 철창 같아서 나는 흠칫하였지요. 따라서 지금 감옥에서 있는 동지들의 얼굴들이 선하게 떠오릅니다. 그 중에 계순의 남편만은 내 머리를 떠나지 않습니다. 그러고 손에 손을 맞잡고 일하던 과거가 새삼스레 생각나겠지요. 나는 무거운 돌을 삼킨 것 같아서 가슴을 탁탁 쳤나이다. 그러고 눈에는 눈물이 철철 넘지요. 나는 이래서는 안 되겠다는 것을 깨닫자 책상 위를 더듬어서 아까 골라놓은 교과서를 들고 일어났지요.왜 이리도 엉덩이가 무거울까요. 나는 겨우 방문 앞까지 와서 우뚝 섰지요. 그러고 문을 열까 말까 한참이나 망설이다가 가만히 열었지요. 햇빛같이 빛나는 안방문! 나는 ‘계순이’ 하고 부르짖고 싶더이다. 따라서 동지고 무엇이구가 다 귀찮은 생각이 불쑥 일어나며 안방으로 건너가고 싶더이다. 나는 대담히 한 발 내놓았지요. 두 발 옮겨놨지요. 세 발 내 디디었지요. 가슴은 무겁게 뛰고 얼굴은 불덩이같이 달고…… 별안간 어머니가 돌아오지 않았나? 하는 의문이 부쩍 들며 나는 멈칫 물러섰습니다. 다음 순간에 방문이 너무 밝기 때문에 이러한 의문을 일으키게 되었다고 깨달으면서도 웬 잔 걱정이 뒤를 이어 내달아 왔습니다. 나는 뒤를 돌아보고 뜰을 살피고 부엌 편을 바라보았습니다. 그러고 대문 걸지 않은 것이 꺼리어서는 나는 가만히 뜰로 내려섰지요. 대문 앞까지 왔을 때 나는 대문 밖이 또 걱정이 되어 한참이나 서서 동정을 살피다가 소리 없이 문을 걸고 들어왔지요. 내 몸은 하늘을 오를 듯 어떻게 그리도 가벼운지 모르겠습디다. 내 방으로 들어온 나는 책을 책상 위에 놓으며 숨을 후 하고 몰아쉬었지요. 내 손끝에 닿는 책상조차도 어쩌문 그리도 매끄럽고 부드러운지 여자의 손을 만지는 듯하두먼요. 허허, 아주머니 오늘 밤만은 제발 용서해주셔요.”","제시해주신 소설 **<번뇌> 3화**의 내용을 요약해 드립니다.

---

### [소설 요약]

이 내용은 주인공 **'R'**이 한 아주머니에게 자신의 내면적인 갈등과 죄책감을 고백하는 형식을 취하고 있습니다.

**1. 주인공의 내적 갈등: 혁명가와 인간 사이의 번뇌**
R은 과거 계급 투쟁과 실천 운동을 위해 만주를 누비던 열정적인 혁명가(동지)였습니다. 하지만 현재 그는 '계순'이라는 여인에게 느끼는 강렬한 이성적 욕망 때문에 스스로를 '타락했다'고 느끼며 괴로워합니다. 이성적인 신념과 본능적인 감정 사이의 충돌로 인해 그는 심신이 나약해지고 불면증에 시달리고 있습니다.

**2. 과거의 회상: 용정에서의 여름**
R은 작년 여름, 어머니가 용정으로 오셨을 때 겪었던 일을 상세히 회상합니다. 당시 그는 계순에 대한 생각으로 일상생활(교수 업무)이 불가능할 정도로 정신이 없었습니다. 학교와 시냇가를 배회하며 계순의 존재를 온몸으로 느끼고, 그녀를 향한 갈망과 인간적인 욕구로 인해 극심한 혼란을 겪었습니다.

**3. 욕망과 죄책감의 충돌**
집으로 돌아온 R은 계순을 향한 강한 신체적 접촉의 욕구를 느끼지만, 과거의 경험과 도덕적 관념 때문에 이를 억누릅니다. 특히 깊은 밤, 계순이 있는 안방으로 들어가고 싶은 강렬한 충동에 휩싸입니다. 하지만 그 순간, 방 안의 문살이 마치 '감옥의 철창'처럼 느껴지며, 함께 투쟁했던 동지들과 계순의 남편에 대한 죄책감이 그를 덮칩니다.

**4. 결론**
결국 R은 욕망을 이기지 못하고 안방 문 앞까지 다가갔으나, 마지막 순간에 이성을 되찾고 자신의 방으로 돌아옵니다. 그는 자신의 나약함과 통제할 수 없는 감정에 대해 깊은 자책과 함께 ""오늘 밤만은 용서해달라""며 고통스러운 심정을 토로합니다.

---

### [핵심 주제]
이 소설은 **'사회적 신념(혁명/동지애)과 인간 본연의 욕망(사랑/성적 충동) 사이에서 겪는 처절한 정신적 갈등'**을 심리적으로 묘사하고 있습니다."
번뇌 4화,"R은 이마에 땀을 씻으면서 나의 눈치를 살폈습니다. 나는 얼굴을 잠깐 붉히면서 자는 남편을 보았습니다. 그는 아무 걱정 근심 없는 사람 같아 보였습니다.
“그래서요?”
나는 그 뒤의 일이 궁금하여 이렇게 급히 물었습니다. 그는 침을 넘긴 후에,“그래서 어떻게 하면 계순이를 대할까. 대하여서는 어떠한 행동을 취할까. 만일 저편에서 거절하는 지경이면 어떻게 할까…… 등을 곰곰히 생각했지요. 이러한 생각만으로도 나는 어찌나 좋은지 모르겠습니다. 이거 실례의 말입니다마는 입 안에서 군물은 왜 그리도 흘러나오는지…… 냉면이나 먹는 놈같이 흑흑 하고 침을 넘겼나이다. 나는 벌떡 일어났지요. 아직 이르다 조금 있다가…… 그러다 누가 찾아온다든지 하면 재미없는 일이 아닌가. 나는 도루 주저앉았지요. 앉기만 하면 엉덩이에 불이 붙는 것 같고 좋은 시기를 놓치는가 하는 불안이 고문하는 형사의 매손같이 쉴 새 없두먼요. 나는 또 일어나지요. 방안을 빙빙 돌지요. 안방으로 귀를 기울이면서 문걸쇠를 붙들지요. 손에는 웬 땀이 그리도 날까요. 문걸쇠가 땀에 젖어 미끈미끈하겠지요. 그러고 손에서는 쇠비린내가 마치 생선을 만진 손 같구려.나는 이 손이 계순이의 그 손을 덤석 쥘 생각을 하고는 바람벽에다 손을 부비고 양복바지에다 손을 부비고도 시원치 않아 타월을 얻으려 온 방안을 휘더듬다가 책상귀에 대가리를 부딪치고 나서야 방안이 굴 속같이 어둡다는 것을 알았지요. 아뿔사 내가 불을 켜지 않았으니 계순이가 건너오지 않는가 하는 생각에 나는 불시에 더듬어 성냥을 얻어서 불을 켰지요. 곧 앞에 있는 등잔이 왜 그리도 안 뵐까요. 그래서 성냥가치만 수 없이 소비를 하고 말았지요. 그때에 나는 의심이 부쩍 들더이다. 등이 방안에 있을 것만은 틀림없는데 웬일일까? 계순이가 혹은 등을 내갔나…… 등잔 생각을 수없이 하다가 다시 성냥을 그었을 때 등은 예전 그 자리에 호야를 빛내면서 달려 있단 말이지요. 나는 불을 켜고 보니 방안이 수라장이 되었지요. 학생들의 작문지들이 방안으로 가득 찼겠지요. 그때에 나는 정신이 펄쩍 들더이다. 그래서 나는 옷깃을 여미고 작문지를 하나하나 주웠지요. 석 장이 자나 가기 전에 나는 벌써 지루한 생각이 들며 마구 탕 작문지를 모아 뭉쳐서 책생 위에 놓았나이다. 나는 또 일어났지요. 이번에야말로 어떠한 귀정을 내리라고 결심하였지요. 나는 방문을 배움하고 보니 안방은 여전히 휘황하겠지요. 필시 계순이도 이 밤만은 잠이 안 오는 게로구나 생각됩디다. 나는 밖으로 나섰소이다.여러 가지로 망설인 끝에,
“물 한 그릇 주세요!”
하고 말하였나이다. 조금 있다가 안방문 소리가 바시시 나며 계순이가 나타나 더이다. 참말 기막힙디다. 정작 물그릇을 받아드니 맘이 조금 대담해지 더이다. 그래서 나는,
“지무섰소?”
물으니,
“아니오.”
“좀 놀다가 지무시지 않으려우?”
계순이는 잠잠하더이다. 나는 갑자기 그의 앞으로 한 걸음 다가갔을 때 계순이는 주춤 물러서며,
“어머니가 내일 오신대요?”
하고 떨리는 음성으로 묻더이다. 그 순간 나의 등 허리는 찬물을 끼치는 듯 선뜻했습니다. 나는 목메인 소리로,
“그 글쎄요……”
하고는 우뚝 섰지요. 그때에야 손에 든 물그릇이 보여서 물을 마시는 체하고 도루 돌렸지요. 그는 물그릇을 받아들고 발길을 옮깁디다. 왼편 치마자락에 불빛이 곱게 흘러 부드러운 살결 같겠지요. 나는 무의식간에 그를 따르며,“이거 보세요!”
하고 소리쳤습니다. 계순이는 얼른 문안으로 들어서면서 머리만을 돌리지요. 나는 갑자기 말문이 꾹 막히며 더듬거리다가,
“감옥에 편지 않으시…… 랴오.”
했습니다. 나는 두 번 등 허리가 오싹했습니다. 글쎄 생각지도 않은 말이 왜 이렇게 툭 나갔을까요. 계순이는 머뭇머뭇하더니,
“어머니 오시거던 알아 허세요.”
그의 음성은 애원하듯이 들리더이다. 순간에 나는 계순이와 나 사이에는 철벽이 가로막혔다는 것을 느꼈습니다. 그때에 나는 목을 놓아 울고 싶더이다. 너 왜 동지의 안 해가 되였냐! 하고 고함을 치고 싶더이다. 계순이는 두 볼이 능금빛 같아지며 문을 닫겠지요. 나는 왈칵 달려가니 벌서 문을 잘 그륵 하고 거는구려. 나는 세 번 찬물을 느끼는 동시에 말로 형용 못할 울 분이 칵 내밀칩디다. 문을 건다. 내 어찌하기에 문을 거는가. 이러한 말이 입 안에 가뜩 담기겠지요. 그러면서 불길 같은 정열은, 아니 야수성은 내 머리털이 떨리도록 내밀칩디다.“계순이!”
나는 문을 지긋지긋 잡아당기다 못해서 쾅쾅 쳐버렸지요. 계순이는 미친 듯이 날뛰는 내 행동에 무서워 그랬던지 어째서 그러는지는 모르나 앉았다가 섰다 문 곁으로 왔다가 갔다가 하는 동작이 선하게 들립디다. 한참이나 이러던 계순이는 문 곁으로 다가서며,
“어머니, 어머니 오시거든 알아 허세요!”
겨우 말끝을 어무르고는 흑흑 느껴 울지요. 나는 그 울음소리에 전신이 짜르르 해지며 같이 울음이 탁 터지는구려. 그래서 맥없이 주저앉아 버렸지요. 동시에 계순이 역시 나 못하지 않았다는 것을 알자 측은한 생각과 함께 우리의 역경을 새삼스레 더 느끼게 되겠지요. 계순이는 차마 방문은 열지 못하고 자꾸 울기만 합디다. 여자의 울음이란…… 후…… 나는 벌떡 일어나서,“계순이 내 오늘 일은 다 용서허우…… 난 동무네 집에 가서…… 자구자구.”
 나는 숨이 막혀서 말을 끊지 못하고 내달았지요.
 밖은 먹칠한 듯이 어둡지요. 나는 한참이나 닫다가 짐짓 섰을 때 채마밭에서 불려오는 듯한 생기 있는 바람결이 내 가슴을 어루만져 주겠지요. 나는 또다시 계순의 실팍한 몸을 그리며 어정어정 걸었나이다. 길가 좌우 옆에 빽빽이 들어선 강낭대는 시원히 흔들리겠지요. 나는 어느덧 동무의 집 앞에 섰사오나 들어가고 싶지 않겠지요. 그래서 학교로 왔지요. 운동장을 몇 번이나 돌던 나는 한참 후에 정신을 차려보니 운동장이 아니구 우리 집 대문 앞이란 말이지요. 나는 기가 막히다 못해서 웃음이 터져 나옵디다. 나는 한참이나 멍하니 섰다가 돌아섰지요. 그래서 날개 부러진 새 모양으로 맥없이 걸었지요. 아차 대문이나 걸고 자라고 할 것을 하고 나는 또다시 집으로 발길을 돌렸지요. 문 앞까지 오고 난 나는 하늘을 향하여 두어 번 긴 한숨을 토하고 돌아서서 이번에는 맘먹고 학교까지 왔습니다. 그러고 여러 잡생각을 제할 양으로 애들 모양으로 가께 아시(달음박질)를 하였지요. 먼지가 콜콜 올라오고 숨이 하늘에 닿았을 때 나는 되는 대로 주저앉았습니다. 이마에서는 비지땀이 흐르고 눈에는 알 수 없는 눈물이 잔뜩 고여서 나를 괴롭게 하겠지요. 나는 기진하여 누워버렸지요. 그때까지도 내 눈 구석에는 영롱한 안방문이 눈꼽같이 끼어 있다는 것을 알았습니다. 나는 어릿한 잠에 잠깐 붙들리었다가 무엇에 놀라 후닥닥 일어났습니다. 동이 훤하게 밝아오는구려.
그러고 쌀쌀한 바람이 내 마음속까지 스며드는 듯하겠지요. 나는 호흡운동을 한참이나 계속 한 후에 천천히 동편으로 걸었나이다. 그러고 어제 밤 일을 곰곰히 생각하면서 미친 놈! 하고 나를 향하여 몇 번이나 소리쳤습니다.
나는 내 앞길에 걸리는 버드나무에 의지하여 나의 과거를 회상하는 반면에 나의 앞길을 뻔히 내다보았습니다. 머리 위에서 조잘거리는 새소리는 내 어린 학생들의 글 읽는 소리 같두구먼요. 허허, 아주머니 졸리시지요.”
그는 선뜻 일어났습니다.
나는 따라 일어나면서,
“그 뒤엔 어찌 되었습니까?”
그는 빙글빙글 웃으면서,
“그 뒤는 후담 또 이야기하지요. 안녕히 주무셔요.”
그는 밖으로 뛰어나갔습니다.
나는 문 밖까지 따라 나갔으나 멀리 그는 자취를 감추었습니다.“계순이 내 오늘 일은 다 용서허우…… 난 동무네 집에 가서…… 자구자구.”
나는 숨이 막혀서 말을 끊지 못하고 내달았지요.
밖은 먹칠한 듯이 어둡지요. 나는 한참이나 닫다가 짐짓 섰을 때 채마밭에서 불려오는 듯한 생기 있는 바람결이 내 가슴을 어루만져 주겠지요. 나는 또다시 계순의 실팍한 몸을 그리며 어정어정 걸었나이다. 길가 좌우 옆에 빽빽이 들어선 강낭대는 시원히 흔들리겠지요. 나는 어느덧 동무의 집 앞에 섰사오나 들어가고 싶지 않겠지요. 그래서 학교로 왔지요. 운동장을 몇 번이나 돌던 나는 한참 후에 정신을 차려보니 운동장이 아니구 우리 집 대문 앞이란 말이지요. 나는 기가 막히다 못해서 웃음이 터져 나옵디다. 나는 한참이나 멍하니 섰다가 돌아섰지요. 그래서 날개 부러진 새 모양으로 맥없이 걸었지요. 아차 대문이나 걸고 자라고 할 것을 하고 나는 또다시 집으로 발길을 돌렸지요. 문 앞까지 오고 난 나는 하늘을 향하여 두어 번 긴 한숨을 토하고 돌아서서 이번에는 맘먹고 학교까지 왔습니다. 그러고 여러 잡생각을 제할 양으로 애들 모양으로 가께 아시(달음박질)를 하였지요. 먼지가 콜콜 올라오고 숨이 하늘에 닿았을 때 나는 되는 대로 주저앉았습니다. 이마에서는 비지땀이 흐르고 눈에는 알 수 없는 눈물이 잔뜩 고여서 나를 괴롭게 하겠지요. 나는 기진하여 누워버렸지요. 그때까지도 내 눈 구석에는 영롱한 안방문이 눈꼽같이 끼어 있다는 것을 알았습니다. 나는 어릿한 잠에 잠깐 붙들리었다가 무엇에 놀라 후닥닥 일어났습니다. 동이 훤하게 밝아오는구려.
그러고 쌀쌀한 바람이 내 마음속까지 스며드는 듯하겠지요. 나는 호흡운동을 한참이나 계속 한 후에 천천히 동편으로 걸었나이다. 그러고 어제 밤 일을 곰곰히 생각하면서 미친 놈! 하고 나를 향하여 몇 번이나 소리쳤습니다.
나는 내 앞길에 걸리는 버드나무에 의지하여 나의 과거를 회상하는 반면에 나의 앞길을 뻔히 내다보았습니다. 머리 위에서 조잘거리는 새소리는 내 어린 학생들의 글 읽는 소리 같두구먼요. 허허, 아주머니 졸리시지요.”
그는 선뜻 일어났습니다.
나는 따라 일어나면서,
“그 뒤엔 어찌 되었습니까?”
그는 빙글빙글 웃으면서,
“그 뒤는 후담 또 이야기하지요. 안녕히 주무셔요.”
그는 밖으로 뛰어나갔습니다.","안녕하세요! 요청하신 소설 《번뇌》 4화의 내용을 친절하게 요약해 드리겠습니다.

이 내용은 **'R'이라는 인물이 화자가 되어, 과거 계순이라는 여성과 겪었던 격정적이고 혼란스러웠던 하룻밤의 경험을 이야기하는 방식**으로 구성되어 있습니다.

### [소설 내용 요약]

**1. 계순을 향한 R의 격정적인 갈망**
R은 계순에게 다가가고 싶은 욕망과 불안함으로 인해 극도의 긴장 상태에 놓여 있습니다. 그는 방 안을 서성이며 땀을 흘리고, 계순과 접촉하고 싶은 충동과 혹시나 거절당할까 봐 두려워하는 마음 사이에서 심한 심리적 갈등을 겪습니다.

**2. 짧고 허망한 만남과 좌절**
R은 용기를 내어 ""물 한 그릇 달라""며 계순을 불러냅니다. 하지만 가까이 다가간 R의 기대와 달리, 계순은 어머니의 방문을 언급하며 조심스럽고 방어적인 태도를 보입니다. R은 두 사람 사이에 넘을 수 없는 '철벽'이 있음을 직감하고, 당황한 나머지 부적절한 말을 내뱉기도 합니다. 결국 계순은 문을 걸어 잠그고 방으로 들어가 버리고, 두 사람은 문을 사이에 두고 서로 울음을 터뜨리며 감정의 격돌을 겪습니다.

**3. 밤샘 방황과 기진맥진한 새벽**
계순에게서 도망치듯 나온 R은 복잡한 마음을 이기지 못하고 밤새 정처 없이 헤맵니다. 친구의 집, 학교, 그리고 자신의 집 주변을 의미 없이 맴돌며 격한 감정을 달래려 애씁니다. 결국 그는 학교 운동장에서 정신없이 달리다 기진맥진하여 쓰러지듯 잠이 듭니다.

**4. 자기 성찰과 이야기의 마무리**
새벽녘 잠에서 깨어난 R은 차가운 공기 속에서 자신의 어젯밤 행동을 ""미친 놈""이라 자책하며, 지나온 과거와 다가올 앞날을 깊이 반추합니다. 이야기를 듣던 화자에게 R은 다음 이야기는 나중에 들려주겠다며 미소와 함께 자리를 떠납니다.

---

### 💡 핵심 포인트
* **주제:** 억제할 수 없는 인간의 본능적 욕망(정열/야수성)과 그것을 가로막는 현실적·심리적 장벽 사이의 고통스러운 번뇌.
* **심리 묘사:** R의 불안, 열망, 좌절, 자책으로 이어지는 격렬한 심리 변화가 매우 세밀하게 묘사되어 있습니다.
* **구조:** 이야기를 들려주는 '현재'와 이야기가 진행되는 '과거'가 교차하는 액자식 구성의 느낌을 줍니다.

내용이 이해에 도움이 되었기를 바랍니다! 더 궁금한 점이 있으면 언제든 말씀해 주세요. 😊"
산남 1화,"아직도 사나이는 허리에 바를 동인 채 돌팔매질을 하고 있을까?
고향에 계신 내 어머니를 생각할 때마다, 또 어머니에게서 온 편지를 읽고 난 뒤면 문뜩 이렇게 생각되는 것이 일종의 나의 버릇이 되고 말았읍니다. 바에 지질려 뻘겋게 흐르던 피가 내 눈에 가시같이 들여박힐 때면 나는 머리를 흔들어 그 기억을 헤쳐버리려고 몇 번이나 애를 썼지만 웬일인지 이태를 맞는 오늘까지 점점 더 그 핏빛이 선명해질 뿐입니다.
검실검실한 큰 눈에 올챙이 같이 머리만 퍼진 코를 가진 사나이, 그래서 양미간이 턱없이 죽었음인지 우직해도 보이고 어찌 보면 소름이 끼치게 무섭던 그 사나이, 그는 우금까지 바를 동인 채 돌팔매질을 하는 것 같고 그러한 양을 나는 언제나 다시 만날 듯하여 소름이 끼치곤 하였읍니다. 근년에 내 신경이 좀 과민해진 데서 이러한 지도 몰라도.
차 안에서 이 사나이의 과거를 순서없이 주워들은 것을 종합해보면 우리 시골인 읍인 S골에 가장 세력 가요 부호로 굴지하는 김 진사나 남의 유부녀를 보아 난 아들이 즉 그 사나이라는 것, 무엇 때문인지 모르나 그들 모자를 산막으로 쫒은 후에 한 번도 돌아보지 않은 것,
어느 때 이 사나이가 김진사 앞에서 칼부림까지 했다는 것이다.
처음에 나는 이 사나이에게 호기심을 잔뜩 두어 그의 내력을 좀더 세밀히 알고자 무척 애를 썼지만 워낙 오랜 일이라 결과가 그리 시원치 않았습니다. 궂은 비 느실느실 내리는 날 나 혼자 호젓이 앉아 바느질하는 밤, 선뜻 떠오르는 그 사나이, 나는 몸이 으쓱해지고 혹은 까맣게 높은 절벽을 볼 때 핑핑 도는 듯한 푸른 호수를 대할 때 그 사나이가 필사의 노력을 다하던 아차아차 한 순간이 휙 떠올라 차마 눈을 들지 못하게 아질아질하였읍니다. 그날 그 사나이 아니었더면...... .지금으로부터 이태 전 칠월 이십일 경입니다. 돌연히 나에게 전보 한 장이 뛰어들었읍니다. 그 내용인즉 내 어머님의 병환이 위중하니 곧 오라는 것입니다.
칠순이 다 되고 자주 병환으로 신고하시므로 평소부터 마음을 놓지 못하던 차인데 이러한 전보를 받고 나니 그만 아뜩해지고 정신을 차릴 수가 없엇읍니다.
시계를 보니 오후 세시 였고 마침 세시 오분에 떠나는 급행이 있으므로 나는 부랴부랴 가방 한 개를 얻어 들고 입던 옷 그대로 남편과 같이 정거장으로 내달리었읍니다.
승객들은 거의 다 오르고 대합실은 쓸쓸하였읍니다. 나는 단숨에 개찰구로 뛰어나가다 몇 번이나 쓰러지고야 겨우 차에 뛰어올랐습니다. 남편은 표를 사들고 뒤를 따라오며,
속치마, 속치마......?
하고 주의를 주었읍니다. 그제서야 나는 속치마가 내려 끌리어 자꾸만 넘어지게 되었다고 깨달으면서도 속치마를 걷어올릴 힘도 없고 숨히 항항 차며 머리를 무엇으로 되게 얻어맞은 듯 어리 뻥뻥하고 지긋지긋 아팠읍니다.
차가 움직일 때 남편을 돌아보았으나 전에 없이 남편의 얼굴이 다닥다닥 붙어 보이다가 아주 캄캄해지고야 말았읍니다. 차창으로 후끈거리는 칠월의 시원한 바람조차도 나에게는 기막히게 안타까웠고 푸른 빛 가득한 광야는 나의 시력을 어지럽게 하였읍니다. 펄펄 나는 듯이 뒤로 물러가던 전신대도 하필 오늘은 뜨묵뜨묵 물러가고 나지막한 메들도 역증이 날이만큼 오래 보였읍니다. 나는 몇 번이나 완행을 타지 않았는가 하여 둘러보려 하였읍니다.급하던 숨이 차차로 가라앉으나 내 어머님의 오물오물하던 턱이 보이고 그리로부터 얼굴 전체가 환히 나타나고 있읍니다. 다섯해 동안이나 내 왜 못 갔나! 뭣하기 못 갔나! 나는 새삼스러이 이렇게 속으로 부르짖으며 입에 손 넣고 어린애같이 앙앙 울고 싶었읍니다. 그리고 이번 가서 만일 어머니를 못 뵈옵게 된다면, 그 음성을 못 듣게 된다면 어쩌나 하는 초조가 광광 툭툭하는 차 바퀴 소리에 이어 달리고 있읍니다.
아들도 없는 내 어머니, 딸들은 동서로 시집보내고 혼자 댕곰하니 계시는 어머니, 그리고 몸시 앓아누워 계신들 누가 머리 한 번 인들 짚어올리며 미음 한 그릇인들 따뜻이 쑤어 올리려나 하니 어머님을 모시게 못되는 내 환경이, 보다도 사회제도가 새삼스럽게 더 원망스러웠읍니다. 나는 눈을 감고 차창에 의지하였읍니다. 바람결에 흘흘거리는 내 머리카락, 내 어머님에 대한 살뜰한 기억을 한들한들 자아내고 있읍니다. 뿐만 아니라 까맣게 잊었던 내 어려서 일이 아득히 떠오르고 있읍니다.- 아버지를 잃은 우리 모녀가 살 길이 없어 고모가 있는 어느 산골을 찾아가던 그 오불꼬불한 길, 산골에서 살면서 어머니를 찾아 산에 가서 솔가리를 줍다가 배고프다고 울던 일,
그러면 어머니가 물오른 솔가지를 꺾어 겁질을 벗겨주던 일 - 울성거리는 사람의 소리도 꿈같이 아득하게 들리고 물삭 건너오는 담배 연기는 무거운 내 코끝에 싸 하게 부딪치고 있읍니다. 콧물을 씻으면서 눈을 번쩍 뜨면 싯누런 얼굴들이 우둑우둑 하였으빈다. 콧물을 씻으면서 눈을 번쩍 뜨면 싯누런 얼굴들이 우둑우둑 하였읍니다. 그것이 싫어 머리를 창 밖으로 내미니 안개비를 솔솔 뿌리는 듯한 바람이 쉴새없이 내 목에 감겨 돌아갑니다.
어쩐지 하늘고 해를 잃고 우울해 있고 까맣게 나는 새들도 노래를 부르지 않았읍니다. 저 멀리 핑글핑글 도는 나지막한 메에 내 어머니의 얼굴이 나타났다가는 사라지고 이애야!
이애야! 하고 날 부르시며 메와 메를 건너뛰어 날 보려고 다그쳐 오시는 내 어머님의 숨찬 환영이 내 눈을 캄캄케 하였읍니다. 쿠술쿠술 오르는 가죽 냄새조차도 내 목을 깍 메게 하였읍니다.","안녕하세요! 요청하신 소설 **<산남> 1화**의 내용을 친절하게 요약해 드릴게요.

이 소설은 화자의 강렬한 기억과 슬픔, 그리고 과거의 사건이 교차하며 진행됩니다. 주요 내용은 다음과 같습니다.

**1. 잊을 수 없는 인상적인 사내에 대한 기억**
화자는 과거에 만났던 한 사내를 잊지 못하고 끊임없이 떠올립니다. 그는 거칠고 무서운 외모를 가졌으며, 지역 유력자인 김 진사와 관련된 복잡한 과거(김 진사 앞에서 칼부림을 했던 일 등)를 가진 인물입니다. 화자는 그 사내에 대해 호기심과 두려움을 동시에 느끼며, 어떤 결정적인 순간에 그 사내가 아니었다면 어땠을까 하는 생각을 하며 그를 기묘하게 각인하고 있습니다.

**2. 어머니의 위독 소식과 급박한 여정**
이야기는 2년 전 7월, 어머니가 위독하다는 전보를 받은 시점으로 전환됩니다. 화자는 남편과 함께 급히 기차역으로 달려가 급행열차에 몸을 싣습니다. 이 과정에서 화자는 극도의 불안과 정신적 혼란을 경험합니다.

**3. 죄책감과 어린 시절의 회상**
기차 안에서 화자는 5년 동안이나 어머니를 찾아뵙지 못한 것에 대해 깊은 죄책감을 느낍니다. 홀로 계신 어머니에 대한 안타까움과 자신의 처지에 대한 원망이 뒤섞여 슬픔이 몰려옵니다. 또한, 기차 창밖을 보며 아버지를 여의고 어머니와 함께 고생하며 살았던 가난하고 애틋했던 어린 시절의 기억을 떠올리며 깊은 슬픔에 잠깁니다.

---
**요약하자면:**
이 글은 **신비롭고 강렬한 인상을 남긴 한 사내에 대한 기억**으로 시작하여, **어머니의 병환 소식을 듣고 급히 달려가는 화자의 절박한 심정과 그 과정에서 터져 나오는 죄책감, 그리고 과거의 고단했던 기억**을 밀도 있게 그려내고 있습니다.

도움이 되셨기를 바랍니다! 더 궁금한 점이 있으면 언제든 말씀해 주세요. :)"
산남 2화,"그날 밤 차창으로 갈겨치는 빗발을 맞고야 나는 차창을 닫았고 창문을 두드리는 빗소리에 어쩐지 불안한 예감을 자꾸만 가지게 하였읍니다. 이튿날 오후 두시 반 가량이나 되어서 내가 장성역에 잠깐 내렸다가 다시 경의선으로 올랐을 때는 사뭇 비가 악수로 쏟아지고 있었읍니다. 나는 점점 더 초조한 생각에 가만히 앉아 있을 수가 없었읍니다.
창문을 겹겹이 닫아놔서 그런지 차안은 온갖 잡내로 터질 듯 하였읍니다. 새글새글 지걸이는 여인의 음성, 왕왕거리는 남자의 음성, 버들피리 부는 듯한 어린애 울음소리, 저벅저벅 쿵쿵 하는 온갖 신발소리, 쾅! 하고 닫히는 문소리, 내가 앉은 곳은 변소 옆이라 그런지 문바람에 휘몰려오는 약간의 과일 내를 품은 시시구레한 냄새에 구역질이 날 지경이었읍니다.
비바람에 차창이 간혹 흔들리는 듯하고 문틈으로 서늘한 바람이 솔솔 스며들며 눈물 같은 빗방울이 유리문에 주르르 흘러내리고 또 흐르고 있읍니다. 그리고 높았다 낮아지는 전선줄은 어미새를 잃고 헤매는 새 새끼 무리 같았읍니다,
어느덧 붉은 물에 채어 오둘 오둘 떠는 듯한 작은 메들이 삼아 삼아하게 차창으로 보였읍니다. 나는 코끝이 차갑도록 창문에 얼굴을 대고 비가 좀 그쳐졌으면 하고 안달을 하였읍니다.이러한 조바심 가운데서 무사히 사리원역에 내리게 되었고 비를 쪼루루 맞고 경편차에 올랐읍니다. 비에 움츠러든 내 치맛자락을 쥐어당기면서 차안을 둘러보니 어쩐지 걱정이 더욱 컸읍니다.
사리원 역을 더 나며 보니 온 벌은 그냥 홍수로 뻘겋게 뒤집혔읍니다. 빗발만이 어지러운 공중엔 나는 새도 볼 수 없고 멀리 희미한 산발만이 비참해 있읍니다. 홍수에 묻혀 머리만 들고 있는 오　은 비명을 지르는 듯하였고 이 산 모퉁이 저 산모퉁이에 모여 앉아 있는 농가들은 공포에 떨고 있는 듯하였읍니다.
이 차에선 과일 내와 변소 내도 맡을 수 없고 걱정만이 한 차 가득한 듯하였읍니다. 승객들은 애꿎이 입맛만 쩍쩍 다시고 담배 피울 것도 잊었으며 정신 없이 밖을 바라보고 있읍니다.
낯익은 산천이 내 앞에 가까와 질수록 내 가슴은 따가와지고 다리 팔이 호루루 떨렸읍니다.
이렇게 와서도 어머님을 못 뵈오면 어떡하나 하는 불안이 자꾸만 커가기 때문입니다. 이러함인지 때로는 나도 모르게 벌떡 일어나서 남들이 싫어 하는 창문을 와르르 열고 찬비를 맞았습니다.
차는 사뭇 홍수를 헤치고 달아납니다. 빼닥 빼닥 하는 것이 금방 쓰러지는 듯하여 덜컥만 하면 나는 몸이 한줌만 하였읍니다. 이러하기를 거듭하여 머리가 어지러울 제 차는 S역에 달하였읍니다.불과 수인이 역에 내리니 몇 사람의 역원과 경관 한 명이 쓸쓸히 우리를 맞았읍니다. 대합실엔 손님들도 없고 처마물 소리와 비바람에 풍기는 비린내만이 감돌고 있읍니다. 얼음같이 차보이는 회벽에 광고로 붙인 각종 포스터가 울긋불긋하였고 두어 개의 의자 4가 한쪽 길치에 돌아앉고 있읍니다.
오늘은 차가 못 오기 쉬우니 여관으로 들어들 가 계세요. ?
역원 하나가 나타나서 이렇게 외쳤읍니다. 나는 아뜩하였읍니다. 불과 몇 리를 안 남겨놓고...... 하자 걸어라도 가고 싶어 고향길을 멍하니 바라보았읍니다. 하얀 모래가 비친 신작로에 빗발이 어지럽고 행인이란 일체 끊어졌읍니다. 누가 가는 사람이 있으면 하고 돌아보니 승개들은 우울에 잠겨 선로 저편으로 남실거리는 붉은 물을 바라보고 있읍니다. 저 물이 선로를 넘어들이미는 때는 S역뿐만 아니라 전 S가 다 뜨게 되겠다고 역원들은 부산하였읍니다.이제 전화를 걸어보니까 차가 떠났답니다. 표를 사십시요. ?
이 말이 떨어지자마자 승객들은 다투어 차표를 사들고 기운을 얻어 뭐라고 지껄이기 시작하였읍니다. 나는 차가 올 길만 바라보고 얼굴에 솜털을 까칠하게 일어세우고 있읍니다.이슥은 했더니 차는 왔읍니다. 큰 버스였읍니다. 승객이 오른 바람에 차는 전속력을 다하여 달리었읍니다. 온천 앞의 다리가 위험하니 어서 가야 한다고 운전수는 꼿꼿이 앉아서 옆눈 하나 팔지 않고 핸들을 놀렸읍니다. 우리는 운전수 못지 않게 긴장되어 가지고 자리 넓혀 평안히 앉지를 못하였읍니다.
좌우에 늘어앉은 조 이삭과 수수깡은 홍수에 치렁치렁 잠겼고 신작로 가에 압풀은 파랗게 빛났읍니다. 가다가 신작로에 홍수가 가로질러서 우리로 하여금 놀라게 했읍니다만 차는 그 물을 박차고 내달았읍니다. 가솔린내는 향기롭게 풍기고 발동기는 용기 있게 퉁퉁거렸읍니다.
하늘도 산도 벌도 핑글핑글 돌아갑니다. 이제 타고 온 경편차보다는 훨씬 빠른 듯 하였읍니다. 어느덧 자옥한 송림을 끼고 차는 씩씩하게 비탈기릉르 올라가고 있읍니다. 낯익은 이 길은 전보다 좀 넓어진 듯하고 흙빛ᄋ은 옛날 그대로 다홍입니다. 산비탈에 소복 소복 앉아 있는 다발솔은 예쁘기도 합니다. 내 아기의 머리털같이 그리도 귀엽습니다. 차차로 높아가는 좌우 산은 시커먼 연기같이 굼실거리고 송림에 내리는 빗발소리는 좌 하고 바닷소리를 냈읍니다. 발동기에선 왕하는 소리까지 났읍니다.길을 끼고 뾰족 나온 산모퉁이를 휘돌아서 자동차는 딱 멈추었읍니다. 운전수는 몇 번 발동기를 되게 트는 모양이었으나 차는 까딱하지 않으므로 조수와 함께 뛰어내립니다. 나는 적이 불안하여 머리를 넘석하여 보니 놀라와라. 차의 앞바퀴가 절벽에 반쯤 내밀고 있읍니다. 나는 황황히 일어았읍니다. 저만큼 먼저 나오려고들 비비는 통에 나는 어떤 사나이의 베두루마기에 얼굴을 알알 비비치고야 겨우 내렸읍니다. 차 앞에 서고 있기도 무시무시해서 오수수 빗소리 나는 산 옆으로 뒤어가 아무데나 쪼그려 앉았읍니다. 목숨 구한 것만 다행하여 잠간 동안 아무 생각도 못하고 멍하니 앉은 나의 눈엔 산빝날에 있는 도라지꽃이 파랗게 비치고 있읍니다. 차 안에서도 추웠는데 이리 비를 맞아놓으니 사뭇 이가 마주치도록 떨리고 몇 끼 굶은 뱃속이 게르르 소리를 냈읍니다. 승객들은 오굴 오굴 모여서서 운전수와 조수의 분주한 양망 바라보고 있읍니다. 이제 보니 승객들이란 귀향하는 학생이 대부분이고 뚱뚱한 사나이와 오누이인지 부부인지 얼른 알아보기 힘든 남녀와 베두루마기를 입은 별로 뒤통수가 쑥 나온 사나이였읍니다.,","안녕하세요! 요청하신 소설 **<산남 2화>**의 내용을 친절하게 요약해 드릴게요.

이 소설은 폭우와 홍수가 몰아치는 긴박하고 위태로운 상황 속에서, 고향에 계신 어머니를 만나기 위해 필사적으로 이동하는 주인공의 여정을 담고 있습니다.

**[주요 요약 내용]**

1. **불안한 기차 여행:** 주인공은 거센 비바람이 몰아치는 기차 안에서 극도의 불안감을 느낍니다. 창밖으로 보이는 풍경은 홍수로 인해 마을이 잠기고 산천이 붉은 물에 뒤덮인 비참한 모습이며, 주인공은 어머니를 뵙지 못할까 봐 초조해하며 비를 맞기도 합니다.
2. **위기 상황과 이동 수단의 변경:** 홍수로 인해 기차 운행이 어려워지자, 주인공은 S역에서 기다림 끝에 큰 버스로 갈아타게 됩니다. 
3. **긴박한 버스 주행:** 버스는 홍수를 헤치며 매우 빠르게 달립니다. 운전수는 다리가 위험하다는 경고에도 불구하고 전속력으로 운전하며, 승객들은 모두 긴장된 상태로 이동합니다.
4. **절벽 끝의 아찔한 사고:** 급하게 달리던 버스는 결국 앞바퀴가 절벽 끝에 반쯤 걸쳐지는 아찔한 상황에 처하게 됩니다. 
5. **사고 직후의 허탈함:** 다행히 목숨은 건졌지만, 주인공은 비를 맞으며 추위와 허기 속에서 멍하니 앉아 있는 상태가 됩니다. 주변에는 귀향하는 학생들과 여러 승객이 모여 혼란스러운 상황이 이어집니다.

**[한 줄 요약]**
폭우와 홍수로 인해 모든 것이 위태로운 상황 속에서, 어머니를 만나기 위해 기차와 버스를 갈아타며 목숨을 건 사투를 벌이는 주인공의 긴박한 귀향길을 그린 이야기입니다.

내용이 도움이 되었기를 바랍니다! 더 궁금한 점이 있으면 언제든 말씀해 주세요. 😊"
산남 3화,"눈에 흰자위가 많아 힐끗 뵈는 운전수는 바퀴가 들이 박힌 진흙을 후비어도 보고, 앞으로 가서 절벽을 내려다도 보면서 어쩔 줄을 몰라 하였읍니다. 너무 급한 김에 차를 빗몰아서 이런 딱 한 지경에 이른 듯하였읍니다. 운전수와 조수는 한참이나 갈피를 못 잡고 왔다 갔다 하더니 무슨 생각을 했음인지 조수는 비탈길을 쭈루루 달리고 있읍니다.
밀어서 되는 것 같으면 시원히 밀어라도 보겠는데 차는 뒷걸음으로 들어와야 할 처지에 있고 산에서 달려 내려온 물에 움쑥 골이 진 흙 속에 뒷바퀴가 저리도 칵 박히었으니 손쉽게 뒤로 물러올 수도 없는 그런 딱 한 지경에 있읍니다. 돌아보니 우리가 ㅡ 올라온 비탈길은 준령에 가리어 잘 보이지 않고 길이라고는 아주 없을 듯이 산과 산만이 첩첩하여 하늘 절반을 차지하고 있읍니다. 오직 일이 정보 가량이나 되게 준령을 타고 넘어 둥글게 돌아온 길만이 마치 공중에 떠 있는 듯이 그렇게 보였읍니다. 그 길로부터 잠간 굽어진 곳에 차는 저 모양이었고 그리로부터 길은 내가 앉은 산비탈을 끼고 이제 올라온 길 모양으로 구불구불 흘러 내려갔읍니다.
차가 서고 있는 그 절벽으로 옛날엔 사람들이 올라다니었다고 하며 그랬음인지 끊었다 이어진 가는 길이 솔포기 속에 숨어 아득하게 보였읍니다. 그 길로 곧장 내려가면 그리 ᄋ넓지 못한 벌이 길게 들여놓였고 그 벌 위에 조밭과 수수밭이 가득 들어 차 있읍니다. 준령에서 갈라진 지맥은 말허리 같이 늘씬하게 되어 그 벌을 싸고 본 산맥을 바라보면서 흘러내려갔읍니다.조수가 뭘 하러 내려갂는지 여기에 한 가닥 희망을 붙인 채 나는 달달 덜고 있엇읍니다. 굵던 비는 차차로 안개비로 변하여 포실포실 내리고 좌우 산엔 송림이 빽백하여 산봉 끝까지 푸르러 하늘에 닿은 듯하였으며, 그 허리로 안개가 실실 감돌고 잇읍니다.
아무래도 어머님을 뵈옵지 못하게 되느라고 이런 일이 일어난 듯하여, 나는 한숨을 삼키고 무심히 바라본이 조수는 어느새 저 아래로 내려갔읍니다. 조밭과 수수 밭을 지나 산기슭에 조그만 초가가 아득히 들어 있읍니다. 조수는 그 초가를 향하여 달음질을 하고 있다는 것을 직각하며, 이런 심산에 사람이 살아 하고 눈을 크게 떴을 때 조수는 까뭇 그 초가로 들어 갓읍니다. 저 집엔 뭘 하러 갔을까? 사람을 청하럼인가 무슨 도구를 얻으렴인가 하는 의문에 나는 누썹에 구슬지은 안개비를 씻고 보앗읍니다. 수수깡 바자가 성냥개비로 세워논 듯하고 지붕이 여간 낮아 보이지 않았읍니다. 손바닥만한 뜰은 차돌같이 빛나고 산이 울타리가 되어 그 조그만 집을 꽉 싸고 잇읍니다. 조수가 나오자 조수 키의 배나 되는 사나이가 다르고 있읍니다. 나는 반가운 맘이 왈칵 드나 차를 보면 끔찍합니다. 차를 움직이려다 아무래도 불상사가 일어날 것만 같아 몸이 으쓱해지기 대문입니다.
이런 잔망한 생각은 말자 하다가도, 절벽에 앞비퀴를 내밀고 있는 차를 보면 안 할 수 없고 흰 글로 된 버스는 번호가 웬일인지 뱅글뱅글 돌기도 하고 절벽으로 떨어져 내려가는 양이 오리숭숭하게 보이는 듯하였읍니다.조수와 사나이가 수수밭에 가리어 잘 보이지 않았읍니다. 나는 우리가 내려갈 길을 바라보며 조수와 사나이를 기다리었읍니다. 푸른 산에 숨었다 나타난 저 길은 아득도 합니다. 승객들은 절벽을 내려다보고 뭬라고 지껄이므로 조수와 사나이가 그리로 올라오는 것임을 알았읍니다마는 몸을 움직일 것이 딱 싫어서 가만히 앉아 있었읍니다. 와 하는 학생 소리 틈에 어던 사나이는 조수의 손을 이끌고 언덕 위에 올라섰읍니다. 한편 손엔 굵은 바가 쥐어 잇읍니다. 조수의 얼굴은 해쓱하게 질리었고 사나이의 손에서 벗어나자 그는 펄썩 주저앉앗읍니다.
운전수는 얼른 사나이의 손에서 바를 받아가지고 버스 뒤로 와서 허리를 굽히고 잇읍니다.
승객들은 주루 룰 밀려가서 운전수를 싸고 돌았읍니다. 나도 가서 무엇을 어떻게 하나 보고 싶어 일어나서 두어 걸음 나가다가 그만 주저앉고 말았읍니다. 배가 고파서 이런지 아파서 이런지 쓰리고 들비비는 것 같아 견딜 수 없었기 때문입니다.
조수는 숨을 태웠음인지 승객들을 뻐개고 들어가서 운전수의 하는 일을 조력하고 잇읍니다.나는 열심으로 이것을 바라보다가 문듯 시선을 돌리니 사나이는 아까 그 자리에 우두커니 서서 그의 집을 바라보고 잇읍니다.
키는 보통 키에서 훨씬 넘어 후리후리했으며 등은 약간 굽은 편이고 기름한 머리가 위에 가서 탁 퍼졌읍니다. 오래 깎지 않은 듯한 머리카락이 보기 싫게 구실 허 있고 흰 머리카락이 희뜩희ᄄᄁ 보이므로 사오십 되었나 하였으나 그리 나이 먹은 것 같지는 않았읍니다. 웬일인지 사나이는 풀기 없이 멍하니 서 있읍니다.
운전수는 일어나서,
자 이 바를 끄시우. ?
서슴지 않고 바의 한 끝을 사나이에게 내쳐 주었읍니다. 사나이는 잠잠히 바를 받아가지고 같이 끌 사람이 있는가 하여 둘러보는 양이었으나 누구 한 사람 나서지 않았읍니다. 그는 혼자임을 안 까닭인지 바를 허리에 걸고 옹루를 짓고 있읍니다. 그새 승객들은 두 편으로 차 바퀴를 밀고 더러는 서서 밀며 운전수와 조수는 승객 뒤에서 미는 모양이었읍니다.나는 이러하고 있을 때가 아니라 하여 이를 악물고 차 곁으로 와서 차에 매달리었읍니다.
엇차, 엇차. ?
여러 사람은 림 있게 외쳤읍니다. 사나이는 버스로부터 이삼보 가량이나 나가 섯으며 허리에 바를 여유 있게 동였고 주먹을 부르쥐고 앞으로 나가려고 힘을 씁니다. 굵은 짚신 뒤에 귤껍질 같이 거칠어 보이는 발 뒤꿈치가 힘쓰는 데 따라 올랐다 내렸다 하였읍니다. 발가락은 어찌나 긴지 여느 사람의 손가락만이나 하였고 그 마디에 굵은 봉취가 박히었읍니다.
엇차, 엇차! ?
이런 소리가 쉴 새없이 흘렀읍니다. 버스와 사나이 사이서 바는 팽팽히 잡아씌었고 뚝뚝하는 바 소리가 사나이의 생사를 결단하려는 것 같아 가슴이 서늘 하였읍니다. 무엇보다도 자칫 발 못하면 차가 절벽으로 굴러 덜어질 것이요, 거기에 따라 사나이도 딸려 들어갈 것이 뻔한 것이므로 그래 바를 허리에 동이지 말고 손으로 끌었으면 하나 누구 한 사람이 말을 입에 올리는 이 없었읍니다. 사나이의 발 뒤꿈치는 어느덧 흙에 묻히었고 짧은 잠방이 가랑이 밑의 털이 푸수수한 다리엔 쇠사슬 같은 힘줄이 불뚝 솟아올랐으비니다.힘을 좀 쓴 탓인지 추운증은 멎었으나 숨이 차고 헛구역질이 나며 앞이 아뜩하므로 나는 산비탈로 왔읍니다. 하늘이 팽팽도는 듯하여 나는 눈을 감고 한참이나 진정하여 가지고 눈을 드니 사람들이 모두 버스 빛같이 누렇게 보였읍니다. 나의 눈은 사나이 위에 멈춥니다. 그는 머리를 푹 숙이고 헐떡였으비니다. 되는 대로 흘러내려온 새치 가득한 머리엔 안개비로 뽀얗고 그 새로 반쯤 잠긴 검실검실한 큰 눈이 반쯤 잠겨 있으며 시커먼 눈섭위에 퍼런 힘줄이 눈을 괴롭힐 듯 뻗치었고 그의 옷은 함빡 젖어 거치른 뼈마디가 환히 드러나고 있읍니다. 그 허리에 바가 꽉 비틀어 잠겨 있읍니다.
철떡하는 소리에 바라보니 사나이는 왼다리를 깔고 넘어진 것입니다. 그 몸에 매어 있는 바는 웬일인지 보기 끔찍합니다. 사나이는 아무렇지도 않은 체 벌떡 일어나는 참 힘을 낑하고 씁니다. 흙이 얼굴에 툭툭 쥐어 발렸음인지 껌벅이는 두 눈은 사람의 눈 같지 않앗읍니다. 이제 넘어지면서 잠방이 가랑이 찢어진 듯하였고 그리로 흙에 매닥질한 무릎 마디가 드러났읍니다.
사나이가 힘을 쓸 때에야 승객들은 간신히 몸을 추세워 엇차 소리를 약하게 냈읍니다. 그리고 앞으로만 밀려나오는 것을 보아 뒤에는 아마도 위험한 듯하였읍니다.","안녕하세요! 요청하신 소설 <산남> 3화의 내용을 친절하게 요약해 드릴게요.

이 내용은 산길을 달리던 버스가 진흙에 빠져 절벽 끝에 위태롭게 멈춰 서게 된 긴박한 상황을 다루고 있습니다.

### **[소설 내용 요약]**

**1. 위기 상황의 발생**
비가 내리는 산길을 달리던 버스가 그만 진흙 구덩이에 뒷바퀴가 깊이 박히며 절벽 근처에 멈춰 서게 됩니다. 버스는 언제 절벽 아래로 떨어질지 모르는 매우 위험한 상태에 놓이고, 운전수와 조수는 어쩔 줄 몰라 하며 당황합니다.

**2. 도움을 요청하러 간 조수**
상황이 급박해지자 조수는 도움을 얻기 위해 산기슭에 있는 작은 초가집으로 급히 달려갑니다. 화자(나)는 불안한 마음으로 조수를 기다리며, 절벽 끝에 아슬아슬하게 걸쳐 있는 버스를 보며 공포와 긴장감을 느낍니다.

**3. 사나이의 등장과 사투**
곧이어 조수의 키보다 훨씬 큰 한 사나이가 굵은 바(지렛대 역할을 하는 막대)를 들고 나타납니다. 사나이는 그 무거운 바를 자신의 허리에 단단히 동여매고, 버스를 끌기 위해 온 힘을 다해 앞으로 나아갑니다. 승객들이 뒤에서 버스를 밀고, 사나이가 앞에서 끄는 처절한 사투가 시작됩니다.

**4. 처절한 힘의 대결**
사나이는 흙바닥에 발이 파묻히고 몸이 젖어가는 극한의 고통 속에서도 멈추지 않고 힘을 씁니다. 화자는 사나이의 거친 숨소리와 툭 불거진 힘줄, 그리고 버스가 절벽으로 굴러떨어질지도 모른다는 공포 속에서 이 긴박한 광경을 숨죽여 지켜봅니다.

---

**💡 요약 포인트:**
이 글은 **'진흙에 빠진 버스를 구하기 위해, 한 사나이가 허리에 바를 매고 온 힘을 다해 버스를 끌어당기는 긴박하고 처절한 장면'**을 생생하게 묘사하고 있습니다.

더 궁금한 점이나 다른 도움이 필요하시면 언제든 말씀해 주세요! 😊"
산남 4화,"차 곁에 근심스러이 서고 있던 여인은 달려오며 앞바퀴가 나간 그 절벽이 푸실푸실 떨어진다고 하였읍니다. 내가 화닥닥 일어나자 그 여인은 내 손을 끌며 돌을 웡오란다고 하였읍니다. 우리는 산비탈을 뒤졌으나 돌이라고는 눈에 띄지 않으므로 애가 말라 견딜 수 없엇읍니다.
송림이 캄캄해져 오는 보아 미구에 밤이 올 것이 한 층 무서웠읍니다. 해서 우리들은 손톱이 다 빠지도록 흙을 허비고 돌을 꺼내어 차바퀴에 고였읍니다. 한결 찹퀴가 내려가지 않는다고 하므로 몇몇 학생들까지 돌을 주으러 나섰읍니다.사나이는 또 쓰러졌읍니다. 우리가 돌을 든 채 걱정스러이 볼 때 사나이는 후닥닥 일어나다 미끈하여 재차 쓰러졌읍니다.
우리들이 전신이 하사분해 섰노라니 사니아는 버둥버둥하다가 후딱 일어나서 힘을 씁니다. 아주 흙사람이 되었고 잠방이 가랑이 찢어져 흙에 묻히었읍니다.
사나이는 바를 가슴에 썩 올려 걸어 좌우 겨드랑으로 봅은 담에 숙였던 머리를 턱 젖히고 가슴을 쑥 내밀엇읍니다. 그의 짚신 작은 언제 벗어졌는지 흙 속에 되는 대로 묻히었고 긴 발가락이 흙을 허비고 있읍니다.
우리는 차차 꾀가 나서 사나이가 선 곳에도 잔돌을 깔아놨읍니다. 하도 미끄러워 보이므로 나는 두 번째 가지고 사나이 곁으로 갓을 때 그의 무릎 마디가 피에 지실한 것을 보고 머리를 돌리고 달아왔읍니다. 나는 돌을 가지고 올 대마다 절벽을 꼭 바라보고 또 사나이를 보곤 하엿읍니다. 학생 하나가 금 파던 굴을 발견했다고 해서 우리는 돌을 주우러 그리로 가서 큰 돌을 맞들고 내려올 때 차를 미는 승객들은 아우성을 쳤읍니다.우리는 무슨 일인가 하여 꼼작 못하고 덜고 있을 때 학생 하나가 오라고 손짓을 하였읍니다. 우리는 허둥지둥 내려오니 차는 움직인 것입니다.
우리는 급하게 돌을 밀어 넣고 차에 매달리었읍니다.
엇차, 엇차. ?
차는 삼아 삼아하게 앞으로 움직엿읍니다. 여인의 머리에서 동백기름내를 기막히게 맡으면서 나는 차를 밀었읍니다. 그러면서도 절벽과 사나이가 걱정이 되어 자꾸만 머리를 들려고 하엿읍니다,아갸! ?
여인의 소리에 나는 가슴이 뜨끔하여 바라보니 산나이는 한 다리가 미끄러진 것입니다. 찰나에 사나이는 뒷걸음치는 차를 따라 주루루 끌려 오면서도 끌리지 않으려고 두 팔을 바람개비 돌리듯 휘저었읍니다. 우리는 악하고 소리치면서 어쩌자고 일제히 차에서 물러낫읍니다.
사나이는 아무것도 모르고 머리를 꿈틀하고 힘을 쓰자 몸을 솟구치고 가랑이 없는 외다리로 껑충 뛰어나가면서 미끄러진 다리를 끌고 나갔읍니다.
순간에 사나이의 머리털은 공중을 향하여 무섭게 뻗치었고 다리엔 쥐가 수 없이 일어나 불뚝이었으며 시커먼 털이 생물같이 꿈틀거리었읍니다.
우리는 악하고 소리치면서 그제야 창에 달리어 힘껏 밀엇읍니다. 사나이는 너무 힘을 쓴 탓인지 퍽 거꾸러집니다. 그러나 벌벌 기어 달아났읍니다. 우리는 목이 터져라 소리를 치고 나아갔읍니다.
거짓말같이 차는 길 한복판에 왓읍니다. 사나이는 기진하여 머리를 땅에 박고 일어나지 못하였읍니다.우리들이 달려가니 그때까지 가랑이 없는 뻘건 다리는 푸들푸들 떨고 있읍니다.
 운전수가 사나이를 일으키려고 했을 때 갑자기 사나이는 벌떡 일어났읍니다.
 바에 지칠려 그의 적삼이 문드러졌고 그리로 선혈이 뭉글뭉글 흐르고 잇읍니다.
 우리 오마이 업어올까유? ?
 운전수를 바라보고 툭 뱉은 사나이의 말! 웬일인지 나의 가슴에 딱 맞질리었읍니다. 운전수는 머뭇거릴 때 차에서 바를 풀어가지고 오는 조수가,
 아니 미안하게 되었우마는 오늘 비가 오구 더구나 날이 저물지 않았우. 그리고 온 천교가 어찌 되었는지 모르니까 우리 내일로 미룹시다. ?
 하고 승객들에게 어서 오르라고 하였읍니다. 사나이는 조수의 눈을 거쳐 운전수를 바라보앗읍니다. 그 눈에서 나는 확실히 그가 이십 안팍이라는 것을 알았읍니다. 운전수는 급하여 몇 마디 말을 던지고 황황히 돌아섰읍니다. 사나이는 펄썩 당에 주저앉은 것입니다.
마침 빗발이 굵어졌으비낟,
차는 푸릉ᄑ추릉 움빅 엿으므로 우리는 미안하게 되었다는 말이나마 다시 한번 또 하고 싶어서 차창으로 머리를 내밀엇읍니다. 사나이는 돌아보지 않고 우두커니 않았더니 벌떡 일어나는 참 돌을 집어 들었읍니다. 우리는 흠칫 머리를 돌리고 사례하고 싶던 맘이 공포로 변하여 버렸읍니다.
차는 새와 같이 나는 듯하였읍니다. 짱! 하고 돌 맞은 소리에 나는 몸이 한줌만 하여 엎디었읍니다,
웬일이어. 그자가? ?
승객 중에 한 사람이 이렇게 물었읍니다. 나는 떨면서도 이 소리를 들으려 귀를 쫑긋 세웠읍니다.
다 죽어가는 제 어미를 태워다 병원에 갖다 달라니 길에서 송장 보겠읍니다.
그러나 저러나 온천교가 걱정 아니면 또 모르겠는데. ?
조수는 이렇게 말하였읍니다. 나는 아까 사나이의 말에 칵 맞질리었던 가슴이 이제야 확 터지면서 걷잡을 수 없이 울음이 터져 나왔읍니다.
그리고 사나이를 보고 싶은 맘에 머리를 창문으로 내밀엇읍니다. 아직도 그 사나이는 허리에 바를 동인 채 돌팔매질을 하고 있었읍니다.우리들이 달려가니 그때까지 가랑이 없는 뻘건 다리는 푸들푸들 떨고 있읍니다.
운전수가 사나이를 일으키려고 했을 때 갑자기 사나이는 벌떡 일어났읍니다.
바에 지칠려 그의 적삼이 문드러졌고 그리로 선혈이 뭉글뭉글 흐르고 잇읍니다.
우리 오마이 업어올까유? ?
운전수를 바라보고 툭 뱉은 사나이의 말! 웬일인지 나의 가슴에 딱 맞질리었읍니다. 운전수는 머뭇거릴 때 차에서 바를 풀어가지고 오는 조수가,
아니 미안하게 되었우마는 오늘 비가 오구 더구나 날이 저물지 않았우. 그리고 온 천교가 어찌 되었는지 모르니까 우리 내일로 미룹시다. ?
하고 승객들에게 어서 오르라고 하였읍니다. 사나이는 조수의 눈을 거쳐 운전수를 바라보앗읍니다. 그 눈에서 나는 확실히 그가 이십 안팍이라는 것을 알았읍니다. 운전수는 급하여 몇 마디 말을 던지고 황황히 돌아섰읍니다. 사나이는 펄썩 당에 주저앉은 것입니다.
마침 빗발이 굵어졌으비낟,
차는 푸릉ᄑ추릉 움빅 엿으므로 우리는 미안하게 되었다는 말이나마 다시 한번 또 하고 싶어서 차창으로 머리를 내밀엇읍니다. 사나이는 돌아보지 않고 우두커니 않았더니 벌떡 일어나는 참 돌을 집어 들었읍니다. 우리는 흠칫 머리를 돌리고 사례하고 싶던 맘이 공포로 변하여 버렸읍니다.
차는 새와 같이 나는 듯하였읍니다. 짱! 하고 돌 맞은 소리에 나는 몸이 한줌만 하여 엎디었읍니다,
웬일이어. 그자가? ?
승객 중에 한 사람이 이렇게 물었읍니다. 나는 떨면서도 이 소리를 들으려 귀를 쫑긋 세웠읍니다.
다 죽어가는 제 어미를 태워다 병원에 갖다 달라니 길에서 송장 보겠읍니다.
그러나 저러나 온천교가 걱정 아니면 또 모르겠는데. ?
조수는 이렇게 말하였읍니다. 나는 아까 사나이의 말에 칵 맞질리었던 가슴이 이제야 확 터지면서 걷잡을 수 없이 울음이 터져 나왔읍니다.","안녕하세요! 요청하신 소설의 내용을 친절하게 요약해 드릴게요.

이 소설은 절박한 상황에 처한 한 사나이의 희생과, 그를 뒤로하고 떠나야 했던 사람들의 안타까운 상황을 다루고 있습니다.

**[소설 요약]**

1. **위기 상황:** 절벽 근처에서 차 바퀴가 빠져 차가 움직이지 못하는 위기 상황이 발생합니다. 승객들과 학생들은 차를 움직이기 위해 필사적으로 돌을 구해 차 바퀴 밑에 고이는 일을 돕습니다.
2. **사나이의 희생:** 한 사나이가 온몸이 진흙투성이가 되고, 다리가 피투성이가 될 정도로 처절하게 차를 밀며 돕습니다. 그는 차에 끌려갈 뻔한 위험한 순간을 넘기면서도 끝까지 힘을 다해 차를 밀어냅니다.
3. **냉정한 결정:** 간신히 차가 움직이기 시작하지만, 운전수와 조수는 비가 오고 날이 저무는 상황, 그리고 온천교의 상태를 걱정하며 사나이를 남겨둔 채 운행을 중단하고 차를 출발시킵니다.
4. **비극적인 진실:** 버림받은 사나이는 분노하며 차를 향해 돌을 던집니다. 이후 화자(나)는 그 사나이가 **죽어가는 어머니를 병원에 모셔다드리려 했던 절박한 사정**이 있었다는 사실을 알게 됩니다. 
5. **결말:** 사나이의 처절한 사연을 알게 된 화자는 가슴이 무너져 내리는 듯한 슬픔을 느끼며 눈물을 터뜨립니다.

---
참 가슴 아프고 먹먹한 이야기네요. 사나이의 절박함과 그를 뒤로하고 떠나야 했던 상황이 대비되어 더욱 슬프게 느껴집니다. 더 궁금한 점이 있으면 언제든 말씀해 주세요!"
소금 1화,"농가용정서 팡둥(중국인 지주)이 왔다고 기별이 오므로 남편은 벽에 걸어두고 아끼던 수목 두루마기를 꺼내 입고 문 밖을 나갔다. 봉식 어머니는 어쩐지 불안을 금치 못하여 문을 열고 바쁘게 가는 남편의 뒷모양을 물끄러미 바라보았다. 참말 팡둥이 왔을까? 혹은 자×단(×)
들이 또 돈을 달래려고 거짓 팡둥이 왔다고 하여 남편을 데려가지 않는가? 하며 그는 울고 싶었다. 동시에 그들의 성화를 날마다 받으면서도 불평 한마디 토하지 못하고 터들터들 애쓰는 남편이 끝없이 불쌍하고도 가여워 보였다. 지금도 저렇게 가고 있지 않은가! 그는 한숨을 푹 쉬며 없는 사람은 내고 남이고 모두 죽어야 그 고생을 면할 게야, 별수가 있나, 그저 죽어야 해 하고 탄식하였다. 그리고 무심히 그는 벽을 긁고 있는 그의 손톱을 발견하였다. 보기 싫게 기른 그의 손톱을 한참이나 바라보는 그는 사람의 목숨이란 끊기 쉬운 반면에 역시 끊기 어려운 것이라 하였다.그들이 바가지 몇 짝을 달고 고향서 떠날 때는 마치 끝도 없는 망망한 바다를 향하여 죽음의 길을 떠나는 듯 뭐라고 형용하여 아픈 가슴을 설명할 수 없었다. 그러나 불행 중 다행으로 이곳까지 와서 어떤 중국인의 땅을 얻어 가지고 농사를 짓게 되었으나 중국 군대인 보위단들에게 날마다 위협을 당하여 죽지 못해서 그날 그날을 살아가곤 하였다. 그러기에 그들은 아침 일어나는 길로 하늘을 향하여 오늘 무사히 보내기를 빌었다.

보위단들은 그들이 받는 바 월급만으로는 살 수가 없으니 농촌으로 돌아다니며 한번 두 번 빼앗기 시작한 것이 지금에 와서는 으레 할 것으로 알고 아무 주저 없이 백주에도 농민을 위협하여 빼앗곤 하였다. 그러니 농민들은 보위단 몫으로 언제나 돈이나 기타 쌀을 준비해 두지 않으면 목숨이 위태한 것을 깨닫고 아무것도 못 하더라도 준비해 두곤 하였다. 그 동안 이어 나타난 것이 공산당이었으니 그 후로 지주와 보위단들은 무서워서 전부 도시로 몰리고 간혹 농촌으로 순회를 한다더라도 공산당이 있는 구역에는 감히 들어오지를 못하게 되었다. 그러나 시국이 바뀌며 공산당이 쫓기어 들어가면서부터 자×단들이 나타나게 된 것이었다. 그는 그의 손톱을 바라보며 몇 번이나 보위단들에게 죽을 뻔하던 것을 생각하며 그나마 오늘까지 목숨이 붙어 있는 것이 기적같이 생각되었다. 그리고 남편을 찾았을 때 벌써 남편의 모양은 보이지 않았다. 그는 멀리 토담 위에 휘날리는 깃발을 바라보며 남편이 이젠 건너 마을까지 갔는가 하였다. 그리고 잠깐 잊었던 불안이 또다시 가슴에 답답하도록 치민다. 남편의 말을 들으니 자×단들에게 무는 돈은 다 물었다는데 참말 팡둥이 왔는지 모르지, 지금이 씨 뿌릴 때니 아마 왔을 게야, 그러면 오늘 봉식이는 팡둥을 보지 못하겠지, 농량도 못 가져오겠구먼 하며 다시금 토담을 바라보았다. 저 토담은 남편과 기타 농민들이 거의 일년이나 두고 쌓은 것이다. 마치 고향서 보던 성같이 보였다.그는 토담을 볼 때마다 지금으로부터 사오 년 전 그 어느 날 밤 일이 문득 문득 생각히었다. 그날 밤 한밤중에 총소리와 함께 사면에서 아우성소리가 요란스러이 났다. 그들은 얼핏 아궁 앞에 비밀리에 파놓은 움에 들어가서 며칠 후에야 나와 보니 팡둥은 도망가고 기타 몇몇 식구는 무참히도 죽었다. 그 후로부터 팡둥은 용정에다 집을 사고 다시 장가를 들고 아들 딸을 낳아서 지금은 예전과 조금도 차이가 없이 살았던 것이다.

팡둥이 용정으로 쫓기어 들어간 후에 저 집은 자×단들의 소유가 되었다. 그래서 저렇게 기를 꽂고 문에는 파수병이 서 있었다.

그는 눈을 옮겨 저 앞을 바라보았다. 그 넓은 들에 햇볕이 가득하다. 그리고 조겨 같은 새 무리들이 그 푸른 하늘을 건너질러 펄펄 날고 있다. 우리도 언제나 저기 다 땅을 가져 보나하고 그는 무의식간에 탄식하였다. 그리고 그나마 간도 온 지 십여 년 만에 내 땅이라고 몫을 짓게 된 붉은 산을 보았다. 저것은 아주 험악한 산이었는데 그들이 짬짬이 화전을 일구어서 이젠 밭이 되었다. 그러나 아직도 완전한 곡식은 심어 보지 못하고 해마다 감자를 심곤 하였다.올해는 저기 다 조를 갈아 볼까, 그리고 가녘으로는 약간 수수도 갈고…… 그때 그의 머리에는 뜻하지 않은 고향이 문득 떠오른다. 무릎을 스치는 다복솔밭 옆에 가졌던 그의 밭! 눈에 흙 들기 전에야 어찌 차마 그 밭을 잊으랴! 아무것을 심어도 잘 되던 그 밭! 죽일 놈! 장죽을 물고 그 밭머리에 나타나는 참봉 영감을 눈앞에 그리며 그는 이렇게 중얼거렸다. 그리고 가슴이 울렁거리며 손발이 가늘게 떨리는 것을 깨달으며 그는 고향을 생각지 않으려고 눈을 썩썩 부비치고 정신을 바짝 차렸다. 그때 뜰 한구석에 쌓아 둔 짚 낟가리에 조잘대는 참새 소리를 요란스러이 들으며 우두커니 섰는 자신을 얼핏 발견하였다. 그는 곧 돌아섰다. 방 안은 어지러우며 여기 일감이 나부터 손질하시오 하는 것 같았다. 그는 분주히 비를 들고 방을 쓸어 내었다. 그리고 군데군데 뚫어진 삿자리 구멍을 손끝으로 어루만지며 잘 살아야 할 터인데 그놈 그 참봉놈 보란 듯이 우리도 잘 살아야 할 터인데…… 하며 그의 눈에는 눈물이 글썽글썽해졌다.아무리 마음만은 지독히 먹고 애를 써서 땅을 파나 웬일인지 자기들에게는 닥치느니 불행과 궁핍이었던 것이다. 팔자가 무슨 놈의 팔자야 하느님도 무심하지 누구는 그런 복을 주고 누구는 이런 고생을 시키고…… 이렇게 생각하며 그는 방안을 구석구석이 쓸었다. 그리고 비 끝에 채어 대구루루 대구 루루 굴러다니는 감자를 주워 바가지에 담으며 시렁을 손질하였다. 이곳 농가는 대개가 부엌과 방 안이 통해 있으며 방 한구석에 솥을 걸었다. 그리고 그 옆에 시렁을 매곤 하였다. 그가 처음 이곳에 와서는 무엇보다도 방 안이 맘에 안 들고 도야지 굴이나 쇠외양간 같이 생각되었다. 그리고 어쩌다 손님이 오면 피해 앉을 곳도 없었다. 그러니 멍하니 낯선 손님과도 마주 앉지 않으면 안 되게 되었다. 그러나 시일이 차츰 지나니 낯선 남성 손님이 온다더라도 처음같이 그렇게 어색하지는 않았다. 그저 그렁저렁 지낼 만하였다. 그리고 반드시 부뚜막 앞에는 비밀 토굴을 파두는 것이다. 그랬다가 어디서 총소리가 나든지 개소리가 요란스레 나면 온 식구가 그 움 속에 들어가서 며칠이든지 있곤 하였다. 그리고 옷이나 곡식도 이 움에다 넣고서 시재 입는 옷이나 먹을 양식을 조금씩 꺼내 놓고 먹곤 하였다. 말할 것도 없이 보위단이며 마적단 등이 무서워서 이렇게 하곤 하였다.시렁을 손질한 그는 바구니에 담아 둔 팥을 고르기 시작하였다. 고요한 방 안에 팥알 소리만 재그럭 자르르 하고 났다. 팥알과 팥알로 시선이 옮아지는 그는 눈이 피곤해지며 참새 소리가 한층 더 뚜렷이 들린다. 동시에 저 참새 소리 같이 여러 가지 생각이 순서 없이 생각났다. 내일이라도 파종을 하게 되면 아침 점심 저녁에 몇 말의 쌀을 가져야 할 것, 오늘 봉식이가 팡둥을 만나지 못해서 쌀을 못 가져올 것, 그러나 나무를 팔아서 사라고 한 찬 감은 사오겠지…… 생각이 차츰 희미해지며 졸음이 꼬박꼬박 왔다. 그는 눈을 부비치고 문 밖으로 나오다가 무심히 눈에 뜨인 것은 벽에 매달아 둔 메주였다. ‘참 메주를 내놓아야겠다’
하며 바구니를 밖에 내놓고서 메주를 떼어서 문밖에 가지런히 내놓았다. 그리고 그는 비를 들고 메주의 먼지를 쓸어 내었다. 그는 하나하나의 메줏덩이를 들어 보며, 간장이나 서너 동이 빼고 고추장이나 한 단지 담그고…… 그러자면 소금이나 두어 말은 가져야지 소금…
… 하며 그는 무의식간 한숨을 푹 쉬었다. 그리고 또다시 고향을 그리며 멍하니 앉아 있었다. 고향서는 소금으로 이를 다 닦았건만…… 달이는 데도 소금 한 줌이면 후련하게 내려갔는데 하였다. 그가 고향 있을 때는 하도 없는 것이 많으니까 소금 같은 데는 생각이 미치지 못하였는지는 모르나 어쨌든 이곳 온 후부터 그는 소금 때문에 남몰래 운 적이 한두 번이 아니었다. 소금 한 말에 이 원 이십 전! 농가에서는 단번에 한 말을 사보지 못한다. 그러니 한 근 두 근 극상 많이 산대야 사오 근에 지나지 못한다. 그러므로 장 같은 것도 단번에 담그지를 못하고 소금 생기는 대로 담그다가도 어떤 때는 메주만 썩여서 장이라고 먹곤 하였다. 장이 싱거우니 온갖 찬이 싱거웠다.","안녕하세요! 요청하신 소설 **<소금> 1화**의 내용을 읽고, 핵심적인 내용을 정리하여 친절하게 요약해 드릴게요.

---

### 📖 소설 <소금> 1화 요약

이 소설은 간도 지역에서 어렵게 삶을 이어가는 한 농가 가족의 고단한 현실과 그 속에 담긴 슬픔을 다루고 있습니다.

**1. 불안한 일상과 생존을 위한 투쟁**
봉식의 어머니는 남편이 중국인 지주(팡둥)를 만나러 나간 사이 깊은 불안감을 느낍니다. 지주가 정말 온 것인지, 아니면 돈을 뜯어내려는 세력(자×단)의 거짓말인지 알 수 없기 때문입니다. 이 가족은 보위단 같은 세력들에게 끊임없이 수탈을 당하며, 목숨을 부지하기 위해 매일 아침 무사하기를 빌며 하루를 시작하는 위태로운 삶을 살고 있습니다.

**2. 고향에 대한 그리움과 현재의 비참함**
어머니는 험한 산을 일구어 겨우 감자를 심으며 살아가는 현재의 모습과, 아무리 애를 써도 궁핍을 벗어나지 못하는 자신의 팔자를 한탄합니다. 그러던 중 문득 옛 고향의 풍요로웠던 밭과 그곳의 지주를 떠올리며, 현재의 고통스러운 현실과 대비되는 그리움과 울분을 동시에 느낍니다.

**3. 가난의 상징, '소금'**
집안일을 하며 메주를 손질하던 어머니는 문득 '소금'을 떠올립니다. 소금이 너무 비싸서 한꺼번에 많이 사지 못하고 조금씩 사다 보니, 제대로 된 장을 담그지 못하고 싱거운 음식을 먹어야만 하는 처지입니다. 여기서 **'소금'**은 단순히 조미료를 넘어, 이 가족이 겪고 있는 **극심한 빈곤과 삶의 고단함**을 상징적으로 보여줍니다.

---

**💡 요약 포인트:**
이 이야기는 외부 세력의 수탈과 정치적 불안정 속에서, **가장 기본적인 식생활(소금)조차 마음 편히 누리지 못하는 농민들의 비극적인 삶**을 어머니의 시선을 통해 애절하게 그려내고 있습니다.

내용이 도움이 되셨기를 바랍니다! 더 궁금한 점이 있으면 언제든 말씀해 주세요. 😊"
소금 2화,"끼니때가 되면 그는 남편의 얼굴부터 살피게 되고 어쩐지 맘이 송구하였다. 남편은 입 밖에 말은 내지 않으나 번번이 얼굴을 찡그리고 밥 술이 차츰 느려지다가 맥없이 술을 놓곤 하는 때가 종종 있었다. 이 모양을 바라보는 그는 입 안의 밥알이 갑자기 돌로 변하는 것을 느끼며 슬며시 술을 놓고 돌아앉았다. 그리고 해종일 들에서 일하다가 들어온 남편에게 등허리에 땀이 훈훈하게 나도록 훌훌 마시게 국물을 만들어 놓지 못한 자기! 과연 자기를 아내라고 할 것일까 어떤 때 남편은 식욕을 충동시키고자 고춧가루를 한 술씩 떠넣었다. 그리고는 매워서 눈이 뻘개지고 이 맛가에서는 주먹 같은 땀방울이 맺히곤 하였다. ‘고춧가루는 왜 그리 잡수셔요’ 하고 그는 입이 벌어지다가 가슴이 무뚝해지며 그만 입이 다물어지고 말았다. 동시에 음식을 맡아 만드는 자기, 아아 어떻게 해야 좋을까 이러한 생각을 되풀이하는 그는 한숨을 땅이 꺼지도록 쉬며 오늘 저녁에는 무슨 찬을 만드나 하고 메주를 다시금 굽어보았다. 그때 신발 소리가 자박자 박 나므로 그는 머리를 들었다.학교에 갔던 봉염이가 책보를 들고 이리로 온다.
“왜 책보 가지고 오니”
“오늘 반공일이어. 메주 내놨네.”
봉염이는 생글생글 웃으며 메주를 들어 맡아 보았다.
“아버지 가신 것 보았니”
“응 정팡둥이 왔더라, 어머이.”
“팡둥이? 왔디”
이때까지 그가 불안에 붙들려 있었다는 것을 느끼며 가볍게 한숨을 몰아쉬었다.
“어서 봤니”
“팡둥 집에서…… 저 아버지랑 자×단들이랑 함께 앉아서 뭘 하는지 모르겠더라.”
약간 찌푸리는 봉염의 양미간으로부터 옮아 오는 불안!
“팡둥도 같이 앉았디”
봉염이는 머리를 끄덕이며 무슨 생각을 하고 또다시 생글생글 웃었다. 그리고 책보 속에서 달래를 꺼냈다.“학교 뒷밭에 가 달래가 어찌 많은지.”
“한 끼 넉넉하구나.”

대견한 듯이 그의 어머니는 달래를 만져 보다가 그중 큰 놈으로 골라서 뿌리를 자르고 한꺼풀 벗긴 후에 먹었다. 봉염이도 달래를 먹으며,

“어머니 나두 운동화 신으면…….”

무의식간에 봉염이는 이런 말을 하고도 어머니가 나무랄 것을 예상하며 어머니를 바라보던 시선을 달래 뿌리로 옮겼다. 달래 뿌리와 뿌리 사이로 나타나는 운동화, 아까 용애가 운동화를 신고 참새같이 날뛰던 그 모양!
“쟤는 이따금 미친 수작을 잘해!”
그의 어머니는 코끝을 두어 번 부비치며 눈을 흘겼다. 봉염이는 달래가 흡사히 운동화로 변하는 것을 느끼며 어머니 말에 그의 조그만 가슴이 따가워 왔다.
“어머니는 밤낮 미친 수작밖에 몰라!”한참 후에 봉염이는 이렇게 종알거렸다. 그리고 용애의 운동화를 바라보고 또 몰래 만져보던 그 부러움이 어떤 불평으로 변하여지는 것을 그는 느꼈다. 그의 어머니는 봉염이를 똑바로 보았다.
“그래 네 말이 미친 수작이 아니냐, 공부도 겨우 시키는데 운동화, 운동화. 이애 이애 너도 지금 같은 개화 세상에 났기에 그나마 공부도 하는 줄 알아라. 아 우리들 전에 자랄 때에야 뭘 어디가 물 긷고 베짜고 여름에는 김매구 그래두 짚신이나마 어디 고운 것 신어 본다디…… 어미 애비는 풀 속에 머리들을 밀고 애쓰는데 그런 줄을 모르고 운동화? 배나 곯지 않으면 다행으로 알아, 그런 수작 하랴거든 학교에 가지 마라!”
“뭐 어머이가 학교에 보내우 뭐.”
봉염이는 가볍게 공포를 느끼면서도 가슴이 오쓱하도록 반항하였다. 그리고 얼굴이 갑자기 화끈하므로 눈을 깜박하였다.
“그래 너의 아버지가 보내면 난 그만두라고 못 할까, 계집애가 왜 저 모양이야. 뭘 좀 안다고 어미 대답만 톡톡 하고, 이애 이놈의 계집애 어미가 무슨 말을 하면 잠잠하고 있는 게 아니라 톡톡 무슨 아가리질이냐! 그래 네 수작이 옳으냐? 우리는 돈 없다…… 너 운동화 사 줄 돈이 있으면 봉식이 공부를 더 시키겠다야.”
봉염이는 분김에 달래만 자꾸 먹고 나니 매워서 못 견딜 지경이다. 그리고 눈에는 약간의 눈물이 비쳤다.
1 “왜 돈 없어요, 왜 오빠 공부 못 시켜요!”
그 순간 봉염의 머리에는 선생님의 하던 말이 번개같이 떠오른다. 그리고 그의 가슴이 터질 듯이 끓어오르는 불평을 어머니에게 토할 것이 아님을 깨달았다. 그러나 아무것도 모르고 딸만 그르게 생각하고 덤비는 그의 어머니가 너무도 가엾었다. 그의 어머니는 하도 어이가 없어서 멍하니 봉염이를 바라보았다. 동시에 없으면 딴 남은 그만두고라도 제 속으로 나온 자식들한테까지라도 저런 모욕을 받누나 하는 노여운 생각이 들며 이때까지 가난에 들볶이던 불평이 눈 등이 뜨겁도록 치밀어 올라온다.“왜 돈 없는지 내가 아니, 우리 같은 거지들에게 왜 태어났니, 돈 많은 사람들에게 태어나지. 자식! 흥 자식이 다 뭐야!”

어머니의 언짢아하는 모양을 바라보는 봉염이는 작년 가을에 타작마당이 얼핏 떠오른다.
그때 여름내 농사 지은 벼를 팡둥에게 전부 빼앗긴 그때의 어머니! 아버지! 지금 어머니의 얼굴빛은 그때와 꼭 같았다. 그리고 아무 반항 할 줄 모르는 어머니와 아버지! 불쌍함이 지나쳐서 비굴하게 보이는 어머니!“어머니, 왜 돈 없는 것을 알아야 해요. 운동화는 왜 못 사줘요. 오빠는 왜 공부 못 시켜요!
”
그는 이렇게 말해 가는 사이에 그가 운동화를 신고 싶어한 것이 잘못이 아니라는 것을 깨달았다. 그리고 무심하게 들어 두었던 선생님의 말이 한 가지 두 가지 문득 문득 생각났다.
“이애 이년의 계집애 왜 돈 없어. 밑천 없어 남의 땅 붙이니 없지. 내 땅만 있으면…….”
여기까지 말했을 때 그는 가슴이 뜨끔해지며 말문이 꾹 막혔다.
그리고 또다시 솔밭 옆에 가졌던 그 밭이 떠오르며 그는 눈물이 쑥 비어졌다. 그리고 금방 그 밭을 대하는 듯 눈물 속에 그의 머리가 아룽아룽 보이는 듯 보이는 듯하였다.

그때 가볍게 귓가를 스치는 총소리! 그들 모녀는 눈이 둥그래서 일어났다.

짚 낟가리 밑에서 졸던 검둥이가 어느덧 그들 앞에 나타나 컹컹 짖었다.","안녕하세요! 요청하신 소설 <소금> 2화의 내용을 친절하게 요약해 드릴게요.

이 내용은 **가난의 굴레 속에서 고통받는 한 가족의 애환과, 그 속에서 피어나는 아이의 서글픈 깨달음**을 다루고 있습니다.

---

### 📝 소설 내용 요약

**1. 어머니의 죄책감과 가난한 일상**
어머니는 기운 없이 식사를 하는 남편의 모습을 보며 마음 아파합니다. 제대로 된 국물 요리조차 만들어주지 못하는 자신의 처지에 죄책감을 느끼며, 메주를 바라보며 오늘 저녁 찬거리를 걱정하는 고단한 삶을 보여줍니다.

**2. 딸 봉염이와의 갈등: ""운동화가 갖고 싶어요""**
학교에서 돌아온 딸 봉염이가 달래를 가져오며 대화가 시작됩니다. 봉염이는 친구 용애를 부러워하며 ""나도 운동화를 신고 싶다""고 말합니다. 하지만 가난에 시달려 온 어머니는 운동화를 사달라는 딸의 말이 야속하게만 느껴집니다. 어머니는 공부를 시키는 것조차 버거운 형편이라며, 그런 소리를 할 거면 학교에 가지 말라며 모질게 꾸짖습니다.

**3. 가난의 근원에 대한 질문과 깨달음**
어머니의 모진 말에 봉염이는 울컥하며 반항합니다. ""왜 돈이 없어요? 왜 오빠 공부를 못 시켜줘요?""라고 외치며, 자신들의 가난이 단순히 운이 없어서가 아니라 근본적인 이유가 있음을 직감합니다. 

봉염이는 학교 선생님이 해주셨던 말씀을 떠올립니다. **'땅이 없기 때문에 밑천이 없고 가난한 것'**이라는 사실을 깨닫게 된 것이죠. 봉염이는 자신들의 비극적인 현실을 머리로는 이해하게 되지만, 그 사실이 주는 무게감에 눈물을 흘립니다.

**4. 갑작스러운 소음**
무거운 침묵과 슬픔이 흐르는 가운데, 마당에 있던 개가 짖는 소리가 들리며 모녀의 비극적인 감정은 잠시 끊기게 됩니다.

---

### 💡 핵심 포인트
* **주제:** 빈곤이 가족 구성원 간의 관계(모녀 갈등)에 미치는 영향과 사회 구조적 모순(토지 문제)에 대한 인식.
* **심리 묘사:** 남편을 향한 어머니의 미안함, 딸의 순수한 욕구와 현실 사이의 충돌, 그리고 가난의 이유를 깨달은 아이의 슬픔이 섬세하게 표현되어 있습니다.

내용이 이해하시는 데 도움이 되었기를 바랍니다! 더 궁금한 점이 있으면 언제든 말씀해 주세요. 😊"
소금 3화,"유 랑그들은 마적단과 공산당을 번갈아 머리에 그리며 건너 마을을 바라보았다. 이 마을 저 마을에서 개 짖는 소리가 그들로 하여금 한층 더 불안을 갖게 하였다. 그리고 아까까지도 시원하던 바람이 무서움으로 변하여 그들의 옷가를 가볍게 스친다.
“이애 너 아버지나 어서 오셨으면…… 왜 이러고 있누. 무엇이 온 것 같은데 어쩐단 말여.”
봉염의 어머니는 거의 울상을 하고 가만히 서 있지를 못하였다. 총소리는 연달아 건너왔다. 그들은 무의식간에 방 안으로 쫓기어 들어왔다. 이제야말로 건너 마을에는 무엇이든지 온 것이 확실하였다. 그리고 몇몇의 사람까지도 총에 맞아 죽었으리라 하였다. 이렇게 생각하고 나니 봉염의 어머니는 속에서 불길이 화끈화끈 올라와서 견딜 수가 없었다. 그러면서도 감히 방문 밖에까지 나오지는 못하였다. 무엇들이 이리로 달려오는 것만 같았던 것이다.
“어쩌누? 어쩌누? 봉식이라도 어서 오지 않구.”
그는 벌벌 떨면서 이렇게 중얼거렸다. 암만해도 남편이 무사할 것 같지 않았던 것이다. 더구나 팡둥과 같이 남편이 앉았다가 아까 그 총소리에 무슨 일을 만났을 것만 같았다.
“이애 너 아버지가 팡둥과 함께 앉았디? 보았니.”
그는 목에 침기라고는 하나도 없고 가슴이 답답해 왔다. 봉염이도 풀풀 떨면서 말은 못 하고 눈으로 어머니의 대답을 하였다. 그때 멀리서 신발 소리 같은 것이 들려 오므로 그들은 부엌 구석의 토굴로 뛰어 들어가서 감자마대 뒤에 꼭 붙어 앉았다. 무엇들이 자기들을 죽이려고 이리 오는 것만 같았다.한참 후에,
“어머니!”
부르는 봉식의 음성에 그들은 겨우 정신을 차리고 마주 아우성을 치고도 얼른 밖으로 나오지를 못하였다. 그들이 움 밖에까지 나왔을 때 또다시 우뚝 섰다. 그것은 봉식이가 전신에 피투성이를 했으며 그 옆에 금방 내려 뉜 듯한 아버지의 목에서는 선혈이 샘처럼 흘렀다.
그의 어머니는,
“아!”
소리를 지르고 그 자리에 팔싹 주저앉았다. 그 다음 순간부터 그는 바보가 되어 멍하니 바라만 볼 뿐이었다. 봉식이는 어머니를 보며 안타까운 듯이,
“어머니는 왜 그러구만 있어요. 어서 이리 와요.”
봉염이가 곧 어머니의 팔을 붙들었으나 그는 일어나다가 도로 주저앉으며,
“너 아버지, 너 아버지.”
하고 중얼거릴 뿐이었다.
그 밤이 거의 새어 올 때에야 봉염의 어머니는 겨우 정신을 차리고 목을 내어 어이어이 하고 울었다.“넌 어찌 아버지를 만났니. 그때는 살았더냐. 무슨 말을 하시디”

봉식이는 입이 쓴 듯이 입맛만 쩍쩍 다시다가,

“살 게 머유!”

대답을 기다리는 어머니의 모양이 난처하여 이렇게 소리치고 나서 한숨을 후 쉬었다. 그리고 항상 아버지가 팡둥과 자× 단원들에게 고맙게 구는 것이 어쩐지 위태 위태한 겁을 먹었더니만 결국은 저렇게 되고야 말았구나 하였다. 아버지 생전에 이 문제를 가지고 부자가 서로 언쟁까지도 한 일이 있었으나 끝끝내 아버지는 자기의 뜻을 세웠다. 그보다 그의 입장이 그로 하여금 그렇게 하지 않고는 견디지 못하게 하였던 것이다.
아버지 생전에는 봉식이도 아버지를 그르다고 백 번 생각했지만 막상 아버지가 총에 맞아 넘어진 것을 용애 아버지에게 듣고 현장에 달려가서 보았을 때는 어쩐지 ‘너무들 한다!’ 하는 분노와 함께 누가 그르고 옳은 것을 분간할 수가 없이 머리가 아뜩해지곤 하였다.
이튿날 아버지의 장례를 지낸 봉식이는 바람이나 쏘이고 오겠노라고 어디로인지 가버리고 말았다. 모녀는 봉식이가 오늘이나 내일이나 하고 돌아오기를 손꼽아 기다리나 그 봄이 다 지나도 돌아오기는 고사하고 소식조차 끊어지고 말았다. 그래서 그들은 기다리다 못해서 봉식이를 찾아서 떠났다. 월여를 두고 이리저리 찾아다니나 그들은 봉식이를 만나지 못하였다. 마침내 그들은 용정까지 왔다. 그것은 전에 봉식이가 “고학이라도 해서 나두 공부를 좀 해야지” 하고 용정에 들어왔다 나올 때마다 투덜거리던 생각을 하여 행여나 어느 학교에나 다니지 않는가 하였던 것이다. 그러나 그들 모녀가 학교란 학교 뜰에는 다 가서 기웃거리나 봉식이 비슷한 학생조차 만나지 못하였다. 그들이 마지막으로 새학교까지 가보고 돌아설 때 봉식이가 끝없이 원망스러운 반면에 죽지나 않았는지? 하는 불안에 발길이 보이지를 않았다. 더구나, 이젠 어디로 갔나? 어디 가서 몸을 담아 있나? 오늘 밤이라도 어디서 자나? 이것이 걱정이요, 근심이 되었다.해가 거의 져갈 때 그들은 팡둥을 찾아갔다. 그들이 용정에 발길을 돌려 놓을 때부터 팡둥을 생각하였다. 만일에 봉식이를 찾지 못하게 되면 팡둥이라도 만나서 사정하여 봉식이를 찾아 달라고 하리라 하였던 것이다. 그들이 큰 대문을 둘이나 지나서 들어가니 마침 팡둥이 나왔다.
“왔소. 언제 왔소”
팡둥은 눈을 크게 뜨고 반가운 뜻을 보이었다. 봉염의 어머니는 그의 반가워하는 눈치를 살피자 찾아온 목적을 절반나마 성공한 듯하여 한숨을 남몰래 몰아쉬었다. 팡둥은 봉염의 머리를 내려 쓸었다.
“그새 어디 갔어. 한번 갔어. 없어 섭섭했어.”

“봉식이를 찾아 떠났어요. 봉식이가 어디 있을까요”

봉염의 어머니는 가슴을 두근거리며 팡둥을 쳐다보았다.

“봉식이 만나지 못했어. 모르갔소.”

팡둥은 알까 하여 맥없이 그의 입술을 쳐다보던 그는 머리를 숙였다.팡둥은 그들 모녀를 데리고 방으로 들어갔다. 캉〔〕에 있는 팡둥의 아내인 듯한 나 젊은 부인은 모녀와 팡둥을 번갈아 쳐다보며 의심스러운 눈치를 보이었다. 팡둥은 한참이나 모녀를 소개하니 그제야 팡둥 부인은,

“올라앉어요.”

하고 권하였다. 팡둥은 차를 따라 권하였다. 가벼운 차내를 맡으며 모녀는 방 안을 슬금슬금 돌아보았다. 방 안은 시원하게 넓으며 캉이 좌우로 있었다. 캉 아래는 빛나는 돌로 깔리었으며 저편 창 앞에는 대리석으로 만든 테이블이 놓였고 그 위에는 검은 바탕에 오색 빛나는 화병 한 쌍을 중심으로 작고 큰 시계며 유리단지에 유유히 뛰노는 금붕어 등 기타 이름 모를 기구들이 테이블이 무겁도록 실리어 있다. 창 위 벽에는 팡둥의 사진을 비롯하여 가족들의 사진이며 약간 빛을 잃은 가화들이 어지럽게 꽂히었다. 그리고 테이블에서 뚝 떨어져 있는 이편 벽에는 선 굵은 불타의 그림이 조는 듯하고 맞은편에는 문짝 같은 체경이 온 벽을 차지했으며 창문 밖 저편으로는 화단이 눈가가 서늘하도록 푸르렀다.
그들은 어떤 별천지에 들어온 듯 정신이 얼얼하였다. 그리고 그들의 초라한 모양에 새삼스럽게 더 부끄러운 생각이 들며 맘 놓고 숨쉬는 수도 없었다.팡둥은 의자에 걸어앉으며 궐련을 붙여 물었다.
“여기 친척 있어”
봉염의 어머니는 머리를 들었다.
“없어요.”
이렇게 대답하는 그는 팡둥이 어째서 친척의 유무를 묻는 것임을 생각할 때 전신에 외로움이 훨씬 끼친다. 동시에 팡둥을 의지하려고 찾아온 자신이 얼마나 가엾은가를 느끼며 팡둥의 어깨 너머로 보이는 화단을 물끄러미 바라보았다. 신록에 무르익은 저 화단! 그는 얼핏,
밭에 조 싹도 이젠 퍽으나 자랐겠구나! 김매기 바쁠 테지 내가 웬일이야 김도 안 매구. 가을에는 뭘 먹고 사나 하는 걱정이 불쑥 일었다. 그리고 시선을 멀리 던졌을 때 티없이 맑게 갠 하늘이 마치 멀리 논물을 바라보는 듯 문득 그들이 부치던 논이 떠오른다. 논귀까지 가랑가랑하도록 올라온 그 논물! 벼포기도 퍽으나 자랐을 게다! 하며 다시 하늘을 쳐다보았을 때 그 하늘은 벼포기 사이를 헤치고 깔렸던 그 하늘이 아니었느냐! 그 사이로 털이 푸르르한 남편의 굵은 다리가 철버덕철버덕 거닐지 않았느냐! 그는 가슴이 뜨끔해지며 다시 팡둥을 보았다. 남편을 오라고 하여 함께 앉았던 저 팡둥은 살아서 저렇게 있는데 그는 어찌하여 죽었는가 하며 이때껏 참았던 설움이 머리가 무겁도록 올라왔다.","안녕하세요! 요청하신 소설 <소금> 3화의 내용을 친절하게 요약해 드릴게요.

이 내용은 갑작스러운 사회적 혼란 속에서 한 가족이 겪게 되는 비극과 그로 인한 상실감을 다루고 있습니다. 주요 내용은 다음과 같습니다.

**1. 비극적인 사건과 아버지의 죽음**
마적단과 공산당의 활동으로 마을에 총성이 울려 퍼지며 불안감이 고조됩니다. 봉염의 어머니와 봉염은 공포에 떨며 숨어 있다가, 피투성이가 된 봉식이가 나타나 아버지의 죽음을 알리며 비극이 시작됩니다. 아버지는 생전에 팡둥과 그 주변 인물들에게 호의를 베풀어 왔는데, 이것이 결국 화가 되어 죽음에 이르게 된 것으로 암시됩니다.

**2. 봉식의 실종**
아버지의 장례를 치른 후, 봉식이는 어디론가 떠나버리고 그 뒤로 소식이 끊깁니다. 어머니와 봉염은 봉식이를 찾기 위해 그가 공부하러 갔을지도 모르는 용정까지 찾아 나서지만, 결국 봉식의 행방을 알지 못합니다.

**3. 팡둥과의 만남과 어머니의 슬픔**
봉식이를 찾지 못한 모녀는 마지막 희망으로 팡둥을 찾아갑니다. 팡둥은 그들을 반갑게 맞이하며 자신의 안락한 집으로 안내합니다. 하지만 화려하고 평온해 보이는 팡둥의 집에서 어머니는 자신의 초라한 처지를 느끼며 깊은 소외감을 느낍니다. 

**4. 상실감과 그리움**
팡둥의 집 창밖으로 보이는 풍경을 보며, 어머니는 남편과 함께 일했던 논밭과 평화로웠던 과거를 떠올립니다. 살아있는 팡둥과 대조적으로 죽어버린 남편에 대한 사무치는 그리움과, 가족을 잃은 슬픔이 밀려오며 이야기가 마무리됩니다.

---
**요약하자면:** 
전쟁과 같은 혼란 속에서 **아버지의 죽음**과 **아들의 실종**이라는 이중의 비극을 맞이한 모녀가, 아들을 찾아 헤매다 팡둥을 만나지만, 그곳에서 오히려 **삶의 허망함과 남편에 대한 깊은 슬픔**을 느끼게 되는 가슴 아픈 내용입니다.

도움이 되셨기를 바라요! 더 궁금한 점이 있으면 언제든 말씀해 주세요. 😊"
소금 4화,"“친척 없어. 어디 왔어”

팡둥은 한참 후에 이렇게 채쳐 물었다. 목구멍까지 빠듯하게 올라온 억울함과 외로움이 팡둥의 말에 눈물로 변하여 술술 떨어진다. 그는 맥없이 머리를 떨어뜨리며 치마귀를 쥐어다 눈물을 씻었다. 곁에 앉은 봉염이도 어머니를 보자 눈물이 글썽글썽해졌다. 모녀를 바라보는 팡둥은 난처하였다. 지금 저들의 눈치를 보니 자기에게 무엇을 얻으러 왔거나 그렇지 않으면 자기 집을 바라고 온 것임을 시간이 지날수록 깨달았다. 그는 불쾌하였다. 저들을 오늘로라도 보내려면 돈이라도 몇 푼 집어줘야 할 것을 느끼며 당분간 집에서 일이나 시키며 두어둬 볼까? 하는 생각이 어렴풋이 들었다. 팡둥은 약간 웃음을 띠었다.

“친척 없어. 우리 집 있어. 봉식이가 찾아왔어 갔어 응.”

팡둥의 입에서 떨어지는 아들의 이름을 들으니 그는 원망스러움과 그리움 외로움이 한데 뭉치어 견딜 수가 없었다. 그리고 팡둥의 말과 같이 봉식이가 언제든지 나를 찾아오려나,
그렇지 않으면 제 아버지와 같이 어디서 어떤 놈에게 죽음을 당해서 다시는 찾지 않으려나? 하는 의문이 들며 흑흑 느껴 울었다.
그 후부터 모녀는 팡둥집에서 일이나 해주고 그날 그날을 살아갔다. 팡둥은 날이 갈수록 그들에게 친절하게 굴었다. 그리고 어떤 때는 밤이 오래도록 그들이 있는 방에 나와서 이런 이야기 저런 이야기를 하여 주며 때로는 옷감이나 먹을 것 같은 것도 사다 주었다. 그때마다 봉염의 어머니는 감격하여 밤 오래도록 잠들지 못하곤 하였다.팡둥의 아내가 친정집에 다니러 간 그 이튿날 밤이다. 그는 팡둥의 아내가 말라 놓고 간 팡둥의 속옷을 재봉침에 하였다. 팡둥의 아내가 언제 올는지는 모르나 어쨌든 그가 오기 전에 말라 놓는 일을 다해야 그가 돌아와서 만족해할 것이다. 그러므로 그는 밤잠을 못 자고 미싱을 돌렸다. 그는 이 집에 와서야 미싱을 배웠기 때문에 아직도 서툴렀다. 그래서 그는 바늘이 부러질세라 기계에 고장이 생길세라 여간 조심이 되지를 않았다.

저편 팡둥 방에서 피리 소리가 처량하게 들려 왔다. 팡둥은 밤만 되면 저렇게 피리를 불거나 그렇지 않으면 깡깡이를 뜯었다. 깡깡이 소리는 시끄럽고 때로는 강아지가 문짝을 할퀴며 어미를 부르는 듯하게 차마 듣지 못할 만큼 귓가가 간지러웠다. 그러나 저 피리 소리만은 그럴듯하게 들리었다.
일감을 밟고 씩씩하게 달아오는 바늘 끝을 바라보는 그는 한숨을 후 쉬며,
“봉식아 너는 어째서 어미를 찾지 않느냐.”
하고 중얼거렸다. 그는 언제나 봉식이를 생각하였다. 낯선 사람이 이 집에 오는 것을 보면 행여 봉식의 소식을 전하려나 하여 그 사람이 돌아갈 때까지 주의를 게을리 하지 아니했다.
그러나 이렇게 기다리는 보람도 없이 그날도 그날같이 봉식의 소식은 막막하였다. 팡둥은 그들에게 고맙게 구나 팡둥의 아내는 종종 싫은 기색을 완연히 드러내었다. 그때마다 그는 봉식을 원망하고 그리워하며 운 적이 한두 번이 아니었다. 아무래도 장래까지는 이 집을 바라지 못할 일이요, 어디로든지 가야 할 것을 그는 날이 갈수록 느꼈다. 그러나 마음만 초조할 뿐이요, 어떻게 하는 수는 없었다. 그는 이러한 생각을 되풀이하며 팡둥의 아내가 없는 사이 팡둥 보고 집세나 하나 얻어 달라고 해볼까? 하며 피리를 불고 앉았을 팡둥의 뚱뚱한 얼굴을 그려 보았다. 그러나 어찌 그런 말을 해, 집세를 얻는다더라도 무슨 그릇들이 있어야지. 아무것도 없이 살림을 어떻게 하누 하며 등불을 물끄러미 바라보았다.어느덧 피리 소리도 그치고 사방은 고요하였다. 오직 들리느니 잠든 봉염의 그윽한 숨소리뿐이다. 그는 등불을 휩싸고 악을 쓰고 날아드는 하루살이 떼를 보며 문득 남편의 짧았던 일생을 회상하였다. 그렇게 살고 말 것을 반찬 한 번 맛있게 못 해주었지 고춧가루만 땀이 나도록 먹구 참…… 여기는 왜 소금값이 그리 비쌀까? 그래도 이 집은 소금을 흔하게 쓰두면. 그게야 돈 많으니 자꾸 사오니까 그렇겠지. 돈? 돈만 있으면 뭐든지 다 할 수가 있구나.그 비싼 소금도 맘대로 살 수가 있는 돈, 그 돈을 어째서 우리는 모으지 못했는가 하였다.
그때 신발 소리가 자박자 박 나더니 문이 덜거럭 열린다. 그는 놀라 휙 근 돌아보았다. 검은 바지에 흰 적삼을 입은 팡둥이 빙그레 웃으며 들어온다. 그는 얼른 일어나며 일감을 한 손에 들었다.
“앉아서! 일만 했어”
팡둥의 시선은 그의 얼굴로부터 일감으로 옮긴다. 그는 등불 곁으로 다가앉으며 팡둥보고 이 말을 할까 말까? 집세 하나 얻어 주시오 하고 금방 입술 사이로 흘러나오려는 것을 참으며 팡둥의 기색을 흘금 살피었다.“누구 옷이야? 내 해야”

팡둥은 일감 한 끝을 쥐어 보다가,

“내 해야…… 배고프지 않아? 우리 방에 나가 차물도 먹고 과자도 먹구 응 나갔어.”

일감을 잡아당긴다. 그는 전 같으면 얼른 팡둥의 뒤를 따라 나갈 터이나 팡둥의 아내가 없는 것만큼 주저가 되었다.
“배고프지 않아요.”
이렇게 말하는 그는 웬일인지 눈썹 끝에 부끄럼이 사르르 지나친다. 팡둥은 일감을 휙 빼앗았다.
“가 응. 자 어서 어서.”
그는 일감을 바라보며 어째야 좋을지 몰랐다. 그리고 이 기회를 타서 집세를 얻어 달라고 할까 말까 할까…….

“안 가”

팡둥은 일어서며 아까와는 달리 언성을 높인다. 그는 가슴이 선득해서 얼른 일어났다. 그러나 비쭉비쭉 나가는 팡둥의 살찐 뒷덜미를 보았을 때 싫은 생각이 부쩍 들었다. 그리고 발길이 떨어지지를 않았다. 문 밖을 나가던 팡둥은 휙 근 돌아보았다. 그 얼굴은 무어라고 형용할 수 없는 무서움을 띄웠다. 그는 맥없이 캉을 내려섰다. 그리고 잠든 봉염이를 바라보았을 때 소리쳐 울고 싶도록 가슴이 답답하였다.해 산 이듬해 늦은 봄 어느 날 석양이다. 봉염의 어머니는 바느질을 하다가 두 눈을 부비치며 방문을 바라보았다. 빨간 문 위에 처마 끝 그림자가 뚜렷하다. 오늘은 팡둥이 오려나 대체 어딜 가서 그리 오래 있을까? 그는 또다시 생각하였다. 팡둥의 아내만 대하면 그는 묻고 싶은 것이 이 말이었다. 그러나 언제든지 새초롬해서 있는 그의 기색을 살피다가는 그만 하려던 말을 줄이치고 말았다. 그리고 이렇게 석양이 되면 오늘이나 오려나? 하고 가슴을 졸였다.
팡둥이 온대야 그에게 그리 기쁠 것도 없건만 어쩐지 그는 팡둥이 기다려지고 그리웠다.
오면 좋으련만…… 이번에는 꼭 말을 해야지 무어라구? 그 다음 말은 생각나지 않고 두 귀가 화끈 단다. 어떻거나 그도 짐작이나 할까? 하기는 뭘 해 남정들이 그러니 그렇게 내게 하리…… 그는 팡둥의 얼굴을 머리에 그리며 원망스러운 듯이 바라보았다.","안녕하세요! 요청하신 소설 <소금> 4화의 내용을 친절하게 요약해 드릴게요.

이 내용은 가난한 모녀가 팡둥의 집에 머물게 되면서 벌어지는 심리적 변화와 외로움, 그리고 복잡한 인간관계를 다루고 있습니다.

---

### **[소설 '소금' 4화 요약]**

**1. 모녀의 정착과 팡둥의 친절**
갈 곳 없는 봉염의 어머니와 딸은 팡둥의 집에서 일을 해주며 생계를 이어가게 됩니다. 처음에는 이들을 귀찮게 여기던 팡둥이었지만, 시간이 흐를수록 모녀에게 먹을 것과 옷감을 사다 주는 등 점차 친절을 베풉니다. 어머니는 이러한 팡둥의 호의에 깊은 감동을 받습니다.

**2. 팡둥의 그리움과 어머니의 회상**
팡둥은 행방이 묘연한 아들 '봉식'을 향한 깊은 그리움과 외로움을 안고 살아갑니다. 그는 밤마다 피리를 불며 아들을 생각합니다. 한편, 어머니는 밤늦게까지 일을 하며 가난했던 삶과 세상을 떠난 남편, 그리고 비싼 소금값을 떠올리며 돈이 있으면 무엇이든 할 수 있었을 것이라는 허망함을 느낍니다.

**3. 망설임과 말하지 못한 속마음**
어느 날 밤, 어머니는 팡둥에게 독립할 수 있도록 집을 구하는 데 도움을 달라고 말하고 싶어 합니다. 하지만 팡둥의 기색을 살피며 두려움과 주저함 때문에 결국 그 말을 입 밖으로 내지 못합니다. 팡둥의 호의를 받으면서도 동시에 그에게 의지해야 하는 상황 속에서 어머니는 답답함과 슬픔을 느낍니다.

**4. 시간이 흐른 뒤의 변화**
1년이라는 시간이 흐른 뒤, 어머니는 여전히 팡둥의 집에서 생활합니다. 이제 어머니는 팡둥이 언제 올지 기다리며, 그를 향한 복잡하고 미묘한 감정(그리움과 원망이 섞인 마음)을 품게 됩니다. 팡둥을 기다리는 자신의 모습에 스스로도 당혹스러워하면서 말이죠.

---

**요약 포인트:**
이 장은 **'상실(아들을 잃은 팡둥, 남편을 잃은 어머니)'**을 가진 두 존재가 서로의 외로움을 공유하며 가까워지지만, 신분이나 경제적 차이, 그리고 말하지 못한 속마음 때문에 완전히 섞이지 못하는 애틋하고 쓸쓸한 분위기를 보여주고 있습니다.

내용이 도움이 되었기를 바랍니다! 더 궁금한 점이 있으면 언제든 말씀해 주세요. 😊"
소금 5화,"그날 밤 후로는 팡둥의 태도가 아무리 좋게 해석해도 냉랭해진 것만 같았다. 처음에는 점잖으신 어른이고 더구나 성미 까다로운 아내가 곁에 있으니 저러나 보다 하였으나 시일이 지날수록 원망스러움이 약간 머리를 들었다. 반면에 끝없는 정이 보이지 않는 줄을 타고 팡둥에게로 자꾸 쏠리는 것을 그는 느꼈다. 그는 한숨을 후 ― 쉬며 이 맛가에 흐르는 땀을 씻었다. 언제나 자기도 팡둥을 대하여 주저 없이 말도 건네고 사랑을 받아 볼까? 생각만이라도 그는 진저리가 나도록 좋았다. 그러나 자기 주위를 둘러싸고 있는 모든 환경을 깨닫자 그는 울고 싶었다. 그리고 팡둥의 아내가 끝없이 부러웠다. 그는 시름없이 머리를 숙이며 원수로 애는 왜 배었는지 하며 일감을 들었다. 바늘 끝에서 떠오르는 그날 밤. 그날 밤의 팡둥은 성난 호랑이 같이도 자기에게 덤벼들지 않았던가. 자기는 너무 무섭고도 두려워서 방 안이 캄캄하도록 늘인 비단 포장을 붙들고 죽기로써 반항하다가도 못 이겨서 애를 배게 되지 않았던가. 생각하면 자기의 죄 같지는 않았다. 그런데 왜 자기는 선뜻 팡둥에게 이 말을 하지 못하는가. 그리고 그렇게 먹고 싶은 냉면도 못 먹고 이때까지 참아 왔던가.
모두가 자기의 못난 탓인 것 같다. 왜 말을 못 해, 왜 주저해, 이번에는 말할 테야. 꼭 할 테야. 그리고 냉면도 한 그릇 사다 달라지 하며 그는 눈앞에 냉면을 그리며 침을 꿀꺽 삼켰다. 그러나 이 생각은 헛된 공상임을 깨달으며 한숨을 푸 쉬면서도 픽 하고 웃음이 나왔다.
모든 난 문제가 산과 같이 자기를 둘러싸고 있거늘 어린애같이 먹고 싶은 생각부터 하는 자신이 우습고도 가련해 보였던 것이다. 그러나 먹고 싶은 것은 어쩔 수 없다. 목이 가렵도록 먹고 싶다. 냉면만 생각하면 한참씩은 안절부절못할 노릇이다.그가 뱃속에 애 든 것을 알게 되었을 때 유산시키려고 별짓을 다하여 보았다. 배를 쥐어박아도 보고 일부러 칵 넘어지기도 하며 벽에다 배를 대고 탕탕 부딪쳐도 보았다. 그러고도 유산이 되지를 않아서 나중에는 양잿물을 마시려고 캄캄한 밤중에 그 몇 번이나 일어앉았던가. 그러면서도 그 순간까지도 냉면은 먹고 싶었다. 누가 곁에다 감추고서 주지 않는 것만 같았다. 그렇게 먹고 싶은 냉면을 못 먹어 보고 죽는다는 것은 너무나 애달픈 일이다.
더구나 봉염이를 생각하고는 그만 양잿물 그릇을 쏟치고 말았던 것이다.
삭수가 차올수록 그는 어쩔 줄을 몰랐다. 우선 남의 눈에 들키지나 않으려고 끈으로 배를 꽁꽁 동이고 밥도 한두 끼니는 예사로 굶었다. 그리고 될 수 있는 대로 사람을 피하여 이렇게 혼자 일을 하곤 하였다.그때 지르릉 하는 이십오세〔〕 소리에 그는 머리를 번쩍 들었다. 팡둥 방에서 뛰어나가는 신발 소리가 나더니 바바! 바바! 하고 팡둥의 어린애들이 떠드는 소리가 들린다. 그는 왔구나! 하였다. 따라서 가슴이 후닥닥 뛰며 뱃속의 애까지 빙빙 돌아간다. 그는 치마 주름이 들썩들썩하는 것을 보자 배를 꾹 눌렀다. 신발 소리가 이리로 오므로 그는 얼른 일어났다. 그리고 팡둥이 혹시 나를 보러 오는가 하였다.“어머이 팡둥 왔어. 그런데 팡둥이 어머이를 오래.”
봉염이는 문을 열고 들여다본다. 그는 팡둥이 아님에 다소 실망을 하면서도 안심되었다.
그러나 팡둥이 자기를 보겠다고 오라는 말을 들으니 부끄럼이 확 끼치며 알 수 없는 겁이 더럭 났다. 그리고 말을 할 수 없이 입이 다물어지며 손발이 후들후들 떨린다.
“어머이 어디 아파”
봉염이는 중국 계집애같이 앞머리카락을 보기 좋게 잘랐다. 그는 머리카락 사이로 눈을 동그랗게 뜨고 어머니를 말똥히 쳐다본다. 그는 딸에게 눈치를 보이지 않으려고 머리를 돌리며,
“아니.”
봉염이는 한참이나 무슨 생각을 하더니,
“어머이 팡둥이 성난 것 같아 왜.”
“왜 어쩌더냐”
“아니 글쎄 말야.”
봉염이는 솥가에서 닳아져서 보기 싫게 된 그의 손톱을 들여다보면서 아까 팡둥의 얼굴을 생각하였다.그때 팡둥의 아내 소리가 빽 하고 났다.
“뭣들 하기 그러고 있어. 어서 오라는데.”
심상치 않은 그의 언성에 그들은 일시에 불길한 예감을 품으면서 팡둥 방으로 왔다. 팡둥은 어린애를 좌우로 안고서 모녀를 바라보았다. 그리고 잠깐 눈살을 찌푸리며 눈을 거칠게 뜬다. 팡둥의 아내는 입을 비쭉하였다.
“흥 자식을 얼마나 잘 두었기에 애비 원수인 공산당에 들었을까. 그런 것들은 열 번 죽여도 좋아…… 우리는 공산당 친척은 안 돼. 공산당과는 우리는 원수야. 오늘부터는 우리 집에 못 있어. 나가야지.”모녀를 딱 쏘아본다. 모녀는 갑자기 무슨 말인지를 알아들을 수가 없었다. 그리고 머리가 어찔어찔해 왔다.

“이번 쟝 궤듸가 국자가 가서 네 오빠 죽이는 것을 보았단다.”

모녀는 어떤 쇠방망이로 머리를 사정없이 후려치는 듯 아뜩하였다. 한참 후에 봉염의 어머니는 팡둥을 바라보았다. 팡둥은 그의 시선을 피하여 어린애를 보면서도 그 말이 옳다는 뜻을 보이었다. 그는 한층 더 아찔하였다. 그 애가 참말인가 하고 그는 속으로 부르짖었다.

“어서 나가! 만주국에서는 공산당을 죽이니깐.”

팡둥의 아내는 귀걸이를 흔들면서 모녀를 밀어내었다. 모녀는 암만 그들이 그래도 그 말이 참말 같지 않았다. 그리고 속 시원히 팡둥이가 말을 해주었으면 하였다. 팡둥은 그들을 바라보자 곧 불쾌하였다. 그날 밤 그의 만족을 채운 그 순간부터 어쩐지 발길로 그의 엉덩이를 냅다 차고 싶게 미운 것을 느꼈다. 그 다음부터 그는 봉염의 어머니와 마주서기를 싫어하였다. 그러나 살림에 서투른 젊은 아내를 둔 그는 그들을 내보내면 아무래도 식 모든지 착실한 일꾼이든지를 두어야겠으니 그러자면 먹여 주고도 돈을 주어야 할 터이므로 오늘 내일 하고 이때까지 참아 왔던 것이다. 보다도 내보낼 구실 얻기가 거북하였던 것이다.","안녕하세요! 요청하신 소설 《소금》 5화의 내용을 친절하게 요약해 드릴게요.

이 내용은 주인공 여인이 겪는 처절한 고독과 신체적 고통, 그리고 갑작스럽게 닥친 가혹한 운명을 다루고 있습니다. 주요 내용은 다음과 같습니다.

**1. 주인공의 비밀스러운 임신과 고독**
주인공은 팡둥과의 사이에서 아이를 가졌지만, 팡둥의 태도가 냉랭해지면서 깊은 외로움과 원망을 느낍니다. 그녀는 임신 사실을 숨기기 위해 배를 끈으로 동여매고 굶으며 버티고 있으며, 유산을 시도할 만큼 절망적인 상황 속에서도 역설적으로 '냉면'을 간절히 먹고 싶어 하는 인간적인 갈망과 비극적인 모습을 동시에 보여줍니다.

**2. 팡둥과의 관계와 심리적 갈등**
주인공은 팡둥에게 자신의 사정을 말하고 싶어 하지만, 두려움과 환경적 제약 때문에 주저합니다. 팡둥은 주인공을 외면하며 냉정한 태도를 유지하고, 주인공은 그런 그를 미워하면서도 의지하고 싶은 복잡한 심경을 드러냅니다.

**3. 정치적 갈등으로 인한 갑작스러운 축출**
평화롭지 못한 긴장 상태 속에서, 팡둥의 아내가 갑자기 나타나 주인공 모녀를 몰아세웁니다. 팡둥의 친척 중 공산당과 연루되었다는 의혹(정치적 문제)이 제기되자, 팡둥의 아내는 이들을 '원수' 취급하며 당장 집에서 나가라고 소리칩니다.

**4. 무력한 팡둥과 절망적인 결말**
주인공은 팡둥이 자신들을 도와주길 간절히 바라지만, 팡둥은 침묵하며 방관하는 태도를 보입니다. 결국 주인공과 딸 봉염이는 정치적인 이유로 집에서 쫓겨날 위기에 처하며, 주인공은 정신적·육체적으로 큰 충격을 받으며 이야기가 마무리됩니다.

---
**요약하자면:**
비밀스러운 임신을 숨긴 채 고통스럽게 버티던 주인공이, 팡둥의 냉대와 집안의 정치적 갈등(공산당 연루 의혹)이 맞물리면서 결국 집에서 쫓겨나게 되는 비극적인 상황을 담고 있습니다.

내용이 다소 무겁고 슬프네요. 더 궁금한 점이 있으면 언제든 말씀해 주세요! 😊"
소금 6화,"그러던 차에 이번 국자가에서 봉식이 죽는 것을 보고서는 곧 결정하였다. 무엇보다도 공산당의 가족이니만큼 경비대원들이 나중에라도 알면 자신에게 후환이 미칠까 하는 생각이었고 또 하나는 자기가 극도로 공산당을 미워하느니만큼 공산당이라는 말만 들어도 소름이 끼쳐서 못 견디었던 것이다.아내에게 밀리어 문 밖으로 나가는 모녀를 바라보는 팡둥은 봉식의 죽던 광경이 다시 떠오른다.
친구와 교외에 나갔다가 공산당을 죽인다는 바람에 여러 사람의 뒤를 따라가서 들여다보니 벌써 십여 명의 공산당을 죽이고 꼭 하나가 남아 있었다. 그는 좀더 빨리 왔더면 하고 후회하면서 사람들의 틈을 뻐개고 들어갔다. 마침 경비대에게 끌리어 한가운데로 나앉은 공산당은 봉식이가 아니었느냐! 그는 자기 눈을 의심하고 몇 번이나 눈을 부비친 후에 보았으나 똑똑한 봉식이었다. 전보다 얼굴이 검어지고 거칠게 보이나마 봉식이었다. 그는 기침을 칵 하며 봉식이가 들으리만큼 욕을 하였다. 그리고 행여 봉식이가 돈을 벌어 가지고 어미를 찾아오면 자기의 생색도 나고 다소 생각함이 있으리라고 하였던 것이 절망이 되었다.
누런 군복을 입은 경비대원 한 사람은 시퍼런 칼날에 물을 드르르 부었다. 그러나 물방울이 진주같이 흐른 후에 칼날은 무서우리만큼 빛났다. 경비대원은 칼날을 들여다보며 슴벅 웃는다. 그리고 봉식이를 바라보았다. 봉식이는 얼굴이 새하얗게 질리고도 기운 있게 버티고 있었다. 그리고 입 모습에는 비웃음을 가득히 띠고 있다. 팡둥은 그 웃음이 여간 불쾌하지 않았다. 그리고 어느 때인가 공산당에게 위협을 당하던 그 순간을 얼핏 연상하며 봉식이가 확실히 공산당이라는 것을 의심하지 않았다. 그러자 칼날이 번쩍할 때 봉식이는 소리를 버럭 지른다. 어느새 머리는 땅에 떨어지고 선혈이 솩 하고 공중으로 뻗칠 때 사람들은 냉수를 잔등에 느끼며 흠칫 물러섰다.
생각만이라도 팡둥은 소름이 끼치어서 어린애를 꼭 껴안으며 어서 모녀가 눈에 보이지 않기를 바랐다. 모녀는 문밖에까지 밀리어 나오고도 팡둥이가 따라 나오며 말리려니 하였다.
그러나 그들이 보따리를 가지고 대문을 향할 때까지 팡둥은 가만히 있었다. 봉염의 어머니는 노염이 치받치어 휙 돌아서서 유리창을 통하여 바라보이는 팡둥의 뒷덜미를 노려보았다. 미친 듯이 자기를 향하여 덤벼들던 저 팡둥이 그가 무어라고 소리를 지르려고 할 때,
팡둥의 아내와 웬 알지 못할 사나이가 그를 돌려세우며 그들을 밖으로 내몰았다.그들은 정신없이 시가를 벗어나 해란 강변으로 나왔다. 강물이 앞을 막으니 그들은 우뚝 섰다. 어디로 가나? 하는 생각이 분에 흩어졌던 그들의 생각을 집중시켰다. 그들은 눈을 들었다. 해는 뉘엿뉘엿 서산에 걸렸는데 저 멀리 보이는 마을 앞에 둘러선 버들 숲은 흡사히도 그들이 살던 싼 더 거우 앞에 가로놓였던 그 숲과도 같았다. 그곳에는 아직도 남편과 봉식이가 있을 것만 같았다. 그러나 다시 한번 눈을 부비치고 보았을 때 봉염의 어머니는 털썩 주저앉았다. 그리고 소리 높이 흐르는 강물을 들여다보며 그만 죽고 말까 하였다.
동시에 이때까지 거짓으로만 들리던 봉식의 죽음이 새삼스럽게 더 걱정이 되며 가슴이 쪼개지는 듯하였다. 그러나 그 말은 믿고 싶지 않았다. 봉식이는 똑똑한 아이다. 그러한 아이가 애비 원수인 공산당에 들었을 리가 없을 듯하였다.그것은 자기 모녀를 내보내려는 거짓말이다.

“죽일 년, 그년이 내 아들을 공산당이라구. 에이 이 년놈들, 벼락맞을라, 누구를 공산당이래…… 너희 놈들이 그러고 뒈질 때가 있을라. 누구를 공산당이래.”

봉염이 어머니는 시가를 돌아보며 이를 북북 갈았다. 시가에는 수 없는 벽돌집이 다닥다닥 붙어 앉았다.

저렇게 많은 집이 있건만 지금 그들은 몸담아 있을 곳도 없어 이리 쫓기어 나오는 생각을 하니 기가 꽉 찼다. 그리고 저자들은 모두가 팡둥 같은 그런 무서운 인간들이 사는 것 같아 보였다. 이렇게 원망스러우면서도 이리로 나오는 사람만 보이면 행여 팡둥이가 나를 찾아 나오는가 하여 가슴이 뜨끔해지곤 하였다.어스름 황혼이 그들을 둘러 쌀 때에 그들은 더욱 난처하였다. 봉염이는 훌쩍훌쩍 울면서,
“오늘 밤은 어데서 자누? 어머이.”
하였다. 그는 순간에 팡둥 집으로 달려들어가서 모조리 칼로 찔러 죽이고 자기들도 죽고 싶은 충동이 강하게 일어났다. 그래서 그는 벌떡 일어났다. 그러나 그의 앞으로 끝없이 길어 나간 대철로를 바라보았을 때 소식 모르는 봉식이가 어미를 찾아 이 길로 터벅터벅 걸어올 때가 있지 않으려나…… 그리고 또다시 팡둥의 말과 같이 아주 죽어서 다시는 만나지 못하려나 하는 의문에 그는 소리쳐 울고 싶었다. 속 시원히 국자가를 가서 봉식의 소식을 알아볼까. 그러자. 그 후에 참말이라면 모조리 죽이고 나도 죽자! 이렇게 결심하고 어정어정 걸었다.그날 밤 그들은 해란 강변에 있는 중국인 집 헛간에서 자게 되었다. 그것도 모녀가 사정을 하고 내일 시장에 내다 팔 시금치나 물과 파 등을 다듬어 주고서 승낙을 받았다. 봉염의 어머니는 밤이 깊어 갈수록 배가 자꾸 아팠다. 그는 애가 나오려나 하고 직각하면서 봉염이가 잠들기를 고대하였다. 그러나 잠이 많던 봉염이도 오늘은 잠들지 않고 팡둥 부처를 원망하였다. 그리고 이때까지 몸 아끼지 않고 일해 준 것이 분하다고 종알종알하였다.
“용애는 잘 있는지. 우리 학교는 학생이 많은지.”
잠꼬대 비슷이 봉염이는 지껄이다가 그만 잠이 들고 만다.
그의 어머니는 한숨을 후 쉬며 어서 봉염이가 잠든 틈을 타서 나오면 얼른 죽여서 해란 강에 띄우리라 결심하였다.
그리고 배를 꾹꾹 눌렀다.
바람 소리가 후루루 나더니 빗방울이 후두두 떨어진다.
그는 되기 딴은 잘 되었다 하였다. 이런 비 오는 밤에 아무도 몰래 애를 낳아서 죽이면 누가 알랴 싶었던 것이다.
그리고 그는 봉염의 몸을 어루만지며 낡은 옷으로 그의 머리까지 푹 씌워 놨다. 비는 출출 새기 시작하였다.
그는 봉염이가 비에 젖었을까 하여 가만히 그를 옮겨 누이고 자기가 비 새는 곳으로 누웠다. 비는 차츰 기세를 더하여 좍좍 퍼부었다. 그리고 그의 몸도 점점 더 아팠다.
그는 봉염이가 깰세라 하여 입술을 깨물고 신음소리를 밖에 내지 않으려고 애썼다. 그러나 신음소리가 콧구멍을 뚫고 불길같이 확확 내달았다. 그리고 빗방울은 그의 머리카락을 타고 목덜미로 입술로 새어 흐른다.","안녕하세요! 요청하신 소설 **<소금> 6화**의 내용을 읽고, 그 비극적인 서사를 중심으로 요약해 드릴게요.

---

### [소설 <소금> 6화 요약]

이 장은 정치적 갈등과 개인의 이기심이 한 가족을 어떻게 파멸시키는지를 보여주는 매우 비극적인 내용을 담고 있습니다.

**1. 팡둥의 배신과 봉식의 죽음**
팡둥은 공산당에 대한 극심한 혐오감과, 혹시라도 나중에 자신에게 불이익이 올까 두려운 마음 때문에 봉식을 공산당원으로 몰아세웁니다. 그는 결국 경비대에 의해 봉식이 처형되는 현장을 목격합니다. 봉식은 죽음 앞에서도 비웃음을 띠며 당당한 모습을 보였지만, 팡둥은 그 모습에 불쾌감을 느끼며 자신의 선택을 정당화하려 합니다.

**2. 길 위로 내몰린 모녀**
봉식의 어머니와 딸 봉염은 집에서 쫓겨나 정처 없이 떠돌게 됩니다. 어머니는 아들을 공산당이라 거짓 고발한 팡둥을 향해 치를 떨며 원망하지만, 당장 갈 곳 없는 처지에 절망합니다. 모녀는 해란 강변을 헤매다 겨우 중국인 집 헛간에서 일을 해주는 조건으로 하룻밤 잠자리를 얻게 됩니다.

**3. 극한의 고통과 비극적 암시**
밤이 깊어지자 어머니는 극심한 복통(산통으로 추정)을 겪으며 처절한 고통에 빠집니다. 아들을 잃은 슬픔과 삶의 터전을 잃은 막막함 속에서, 어머니는 차라리 이 고통스러운 삶을 끝내고 싶다는 극단적인 충동과 싸웁니다. 쏟아지는 빗속에서 딸 봉염이 깰까 봐 신음 소리조차 내지 못하며 홀로 고통을 견뎌내는 어머니의 모습으로 이야기는 긴박하고 비극적으로 이어집니다.

---

**요약 포인트:**
* **주제:** 정치적 낙인(공산당)이 초래한 인간관계의 파멸과 가족의 해체.
* **핵심 갈등:** 팡둥의 이기적인 배신 vs 봉식 가족이 겪는 생존의 위기와 슬픔.
* **분위기:** 매우 어둡고, 처절하며, 비극적인 분위기가 지배적입니다.

내용이 꽤 무겁고 슬프네요. 더 궁금한 점이나 도움이 필요하시면 언제든 말씀해 주세요! 😊"
소금 7화,"“어머이!”

봉염이는 벌떡 일어나서 어머니를 더듬었다.

“에 그 척척해.”

어머니의 몸을 만지는 그는 정신이 펄쩍 들었다. 그리고 비가 오는 것을 알았다.

“비가 새네, 아이고 어떡허나.”

딸의 말소리도 이젠 들리지 않고 딸이 들을 세라 조심하던 신음소리도 더 참을 수가 없었다. 그는 “으흥으흥” 하면서 몸부림쳤다. 머리로 벽을 쾅쾅 받다가도 시원하지 않아서 손으로 머리를 감아 쥐고 오짝오짝 뜯었다.

봉염이는 어머니를 흔들다가 흔들다가 그만 “흑흑” 하고 울었다.
어머니는 봉염이를 밀치며 “응응” 하고 힘을 썼다―---한참 후에 “으악!” 하는 애기 울음소리가 들렸다. 봉염이는 어머니 곁으로 다가붙으며,
“애기”
하고 부르짖었다.
어머니는 얼른 아기를 더듬어 그의 목을 꼭 쥐려 하였다.
그 순간 두 눈이 화끈 달며 파란 불꽃이 쌍으로 내달았다.
그리고 전신을 통하여 짜르르 흐르는 모성애! 그는 자기의 숨이 턱 막히며 쥐려는 손끝에 맥이 탁 풀리는 것을 느꼈다.
그는 땀을 낙수처럼 흘리며 비켜 누워 버렸다. 그리고,
“아이고!”
하고 소리쳐 울었다.유 모아기를 죽이려다 죽이지 못하고 또 무서운 진통기를 벗어난 봉염의 어머니는 이제는 극도로 배고픔을 느꼈다. 지금 따끈한 미역국 한 사발이면 그의 몸은 가뿐해질 것 같다. 미역국! 지난날에는 남편이 미역국과 흰 이 밥을 해가지고 들어와서 손수 떠넣어 주던 것을……
하며 눈을 꾹 감았다. 비에 젖고 또 비에 젖은 헛간 바닥에서는 흙내에 피비린내를 품은 역한 냄새가 물큰물 큰 올라왔다. 어떡하나? 내가 무엇이든지 먹구 살아야 저것들을 키울 터인데 무엇을 먹나, 누가 지금 냉수라도 짤짤 끓여다만 주어도 그 물을 마시고 정신을 차릴 것 같다. 그러나 그는 흙을 주워 먹기 전에는 아무것도 먹을 것이 없지 않은가, 봉염이를 깨울까, 그래서 이 집 주인에게 밥이나 좀 해달랄까, 아니 아니 못 할 일이야, 무슨 장한 애를 낳았다고 그러랴. 그러면 어떻게? 오래지 않아 날이 밝을 터이니 아침에나 주인집에서 무엇이든지 얻어먹지…… 하였다. 그리고 눈을 번쩍 떠서 뚫어진 헛간문을 바라보았다. 아직도 캄캄하였다. 날이 언제나 새려나, 이 집에는 닭이 없는가 있는가 하며 귀를 기울였다.
사방은 죽은 듯이 고요하다. 간혹 채마밭에서 나는 듯한 벌레 소리가 어두운 밤에 별빛 같은 그러한 느낌을 던져 주었다. 그는 아기를 그의 뛰는 가슴속에 꼭 대며 자기가 아무렇게서라도 살아야 할 것 같았다. 내가 왜 죽어, 꼭 산다. 너희들을 위하여 꼭 산다 하고 중얼거렸다. 애를 낳기 전에는 아니 보다도 이 아픔을 겪기 전에는 죽는다는 말이 그의 입에서 떠나지 않았고 또 진심으로 죽었으면 하고 생각도 많이 하였다. 그러나 마침 죽음과 삶의 경계선에서 아차아차 한 고비를 넘기고 겨우 소생한 그는 어쩐지 죽고 싶지는 않았다. 오히려 삶의 환희를 느꼈다. 그가 하필 이번뿐만이 아니라 이러한 경우를 여러 번 당하였으나 그러나 남편의 생전에는 죽음에 대하여 한 번도 생각해 보지도 않았으며 역시 죽고 싶지도 않았다. 그래서 죽음이란 아무 생각 없이 대하였을 뿐이었다.이튿날 봉염의 어머니는 곤히 자는 봉염이를 흔들어 깨웠다. 봉염이는 벌떡 일어났다.

“너 이거 내다가 빨아 오너라. 그저 물에 헹구면 된다.”

피에 젖은 속옷이며 걸레뭉치를 뭉쳐서 그의 손에 들려 주었다. 그때 봉염의 어머니는 어쩐지 딸이 어려웠다. 그리고 딸의 시선이 거북스러움을 느꼈다. 봉염이는 아직도 가슴이 울렁거리며 모두가 꿈속에 보는 듯 분명하지를 않고 수 없는 거미줄 같은 의문과 공포가 그의 조그만 가슴을 꼭 채웠다. 그는 얼른 일어나 밖으로 나왔다. 그의 어머니는 딸이 나가는 것을 보고 저것이 추울 터인데 하며 자신이 끝없이 더러워 보였다.

봉염의 신발 소리가 아직도 사라지기 전에 그는 아기의 얼굴을 자세히 들여다보았다. 볼수록 뭉치 정이 푹푹 든다. 그리고 아기의 얼굴에 얼굴을 맞대지 않고는 견디지 못하였다. 주인집에서 깨어 부산하게 구는 소리를 그는 들으며 밥을 하는가, 밥을 좀 주려나, 좀 주겠지 하였다. 그리고 미역국 생각이 또 일어나며 김이 어린 미역국이 눈앞에 자꾸 어른거려 보인다. 따라서 배는 점점 더 고파 왔다. 이제 몇 시간만 더 이 모양으로 굶었다가는 그가 아무리 살고 싶어도 살 수가 없을 것 같았다. 그는 이러한 생각에 겁이 펄쩍 났다.무엇을 좀 먹어야 할 터인데 그는 눈을 뜨고 사면을 휘돌아보았다. 아직도 헛간은 컴컴하다. 컴컴한 저편 구석으로 약간씩 보이는 파뿌리! 그는 어제 저녁에 주인 여편네가 오늘 장에 내다 팔파를 헛간으로 옮겨 쌓던 생각을 하며 옳다! 아무 게라도 좀 먹으면 정신이 들겠지 하고 얼른 몸을 솟구어 파뿌리를 뽑았다. 그러나 주인이 나오는 듯하여 그는 몇 번이나 뽑은 파를 입에 대다가도 감추곤 하였다. 마침내 그는 파를 입 속에 넣었다. 그리고 우쩍 씹었다. 그때 이가 시끔하며 딱 맞찔린다. 그래서 그는 얼굴을 찡그리며 입을 쩍 벌린 채 한참이나 벌리고 있었다.

침이 턱밑으로 흘러내릴 때에야 그는 얼른 손으로 침을 몰아넣으며 이 침이라도 목구멍으로 삼켜야 그가 살 것 같았다. 그는 다시 파를 입에 넣고 이번에는 씹지는 않고 혀끝으로 우물우물하여 목으로 넘겼다. 넘어가는 파는 왜 그리도 차며 뻣뻣한지, 그의 목구멍은 찢어지는 듯 눈물이 쑥 비어졌다. ‘파를 먹구도 사는가’ 그는 이렇게 생각하며 헛간문 사이로 보이는 하늘을 멍하니 쳐다보았다.그때 신발 소리가 나며 헛간문이 홱 열린다.
“어머이, 용애 어머이를 빨래터에서 만났어. 그래서 지금 와!”
말이 채 마치기 전에 용애 어머니가 들어온다. 봉염이 어머니는 얼결에 일어나 그의 손을 붙들고 소리를 내어 울었다. 용애 어머니는 싼 더 거우서 한 집안 같이 가까이 지내었던 것이다. 그래서 봉염이를 따라 이렇게 왔으나 그들의 참담한 모양에 반가움이란 다 달아나고 내가 어째서 여기를 왔던가 하는 후회가 일었다. 그리고 뭐라고 위로 할 말조차 생각나지 않았다.
“아니 봉염이 어머이 이게 어찌 된 일이오.”
한참 후에 용애 어머니는 입을 열었다. 봉염이 어머니는 울음을 그치고,
“다 팔자 사나워 그렇지요. 왜 죽지 않고 살았겠수…… 그런데 언제 나려왔수. 여기를”
“우리? 작년에 모두 왔지. 우리 동네서는 모두 떠났다오. 토벌 난 통에 모두 밤 도망들을 했지. 어디 농사할 수가 있어야지. 그래 여기 내려오니 이리 어렵구려.”
봉염이 어머니는 퍽으나 반가웠다. 그리고 용애 어머니를 놓쳐서는 안 될 것을 번개같이 깨달으며 모든 것을 숨김없이 말하고 사정하리라고 결심하였다.
“용애 어머이 난 아이를 낳았다우. 어젯밤에 이걸…… 어떡허우. 사람 하나 살리는 셈치고 날 며칠 동안만 집에 있게 해주. 어떡허겠수. 나 같은 년 만나기만 불찰이지…….”

그는 말끝에 또다시 울었다. 용애 어머니를 만나니 남편이며 봉식의 생각까지 겹쳐 일어나는 동시에 어째서 남은 다 저렇게 영감이며 아들 딸을 데리고 다니며 잘 사는데 나만이 이런 비운에 빠졌는가 하는 생각이 들었던 것이다.용애 어머니는 한참이나 난처한 기색을 띠다가 한숨을 푹 쉬었다.

“그러시유. 할 수 있소.”

용애 어머니는 더 물으려고도 안 하고 안 나오는 대답을 이렇게 겨우 하였다. 뒤에서 가슴을 졸이고 있던 봉염이까지 구원받은 듯하여 한숨을 호 내쉬었다.

“고맙수. 그 은혜를 어찌 갚겠수.”

봉염의 어머니는 떨리는 음성으로 이렇게 말하고 봉염에게 아기를 업혀 주었다. 용애 어머니는 이렇게 모녀를 데리고 가나? 남편이 뭐라고 나무라지나 않으려나? 하는 불안에 발길이 무거워졌다.","안녕하세요! 요청하신 소설 《소금》 7화의 내용을 정성껏 읽고 요약해 드립니다. 이 내용은 한 여성이 극한의 상황 속에서 생명을 탄생시키고, 처절하게 삶을 이어가려는 강한 의지를 담고 있어 매우 가슴 아프면서도 숭고한 장면을 보여줍니다.

---

### [소설 요약: 소금 7화]

**1. 고통스러운 출산과 모성애의 발현**
비가 새는 헛간에서 봉염의 어머니는 극심한 진통을 겪으며 홀로 아기를 낳습니다. 출산의 고통과 공포 속에서 잠시 아기를 해칠 뻔한 위기의 순간도 있었지만, 순간적으로 차오른 강렬한 모성애로 인해 아기를 품에 안게 됩니다. 죽음의 문턱을 넘나들던 그녀는 아이들을 위해 반드시 살아야겠다는 강한 생존 의지를 다지며 삶의 환희를 느낍니다.

**2. 처절한 허기와 생존을 위한 몸부림**
출산 직후, 어머니는 극심한 허기에 시달립니다. 따뜻한 미역국이 간절하지만 아무것도 먹을 수 없는 처지에서, 그녀는 살기 위해 헛간 구석에 있던 파뿌리를 뽑아 씹어 먹습니다. 차갑고 뻣뻣한 파뿌리를 삼키며 고통스러워하면서도, 그녀는 오로지 살아남아야 한다는 일념으로 버텨냅니다.

**3. 이웃의 등장과 구원의 손길**
그때 봉염을 찾아온 용애 어머니가 헛간으로 들어옵니다. 처참한 몰골의 봉염 모녀를 보고 놀라움과 당혹감을 느끼지만, 봉염의 어머니는 간곡하게 도움을 요청합니다. 아이들을 위해 며칠만이라도 머물 수 있게 해달라는 그녀의 애절한 부탁에, 용애 어머니는 망설임 끝에 결국 그들을 거두기로 결심하며 이야기가 마무리됩니다.

---

**[감상 포인트]**
이 글은 비참한 환경(비 새는 헛간, 굶주림, 피비린내)과 대비되는 **'모성애'**와 **'생존 의지'**를 매우 사실적이고 절절하게 묘사하고 있습니다. 특히 파뿌리를 먹으며 버티는 장면은 주인공이 처한 극한의 상황을 상징적으로 보여줍니다.

요약이 도움이 되었기를 바랍니다. 더 궁금한 점이 있으면 언제든 말씀해 주세요! 😊"
소금 8화,"용애네 집으로 온 그들은 사흘을 무사히 지냈다. 용애 어머니는 남의 빨래 삯을 맡아 날이 채 밝지도 않아서 빨랫가로 달아나고 용애 아버지는 철도공사 인부로 역시 그랬다. 그래서 근근이 살아가는 것을 보는 봉염의 어머니는 그들을 마주 바라볼 수 없이 어려웠다. 그래서 얼른 일어나고 말았다. 그날 저녁 봉염의 어머니는 빨랫가에서 돌아오는 용애 어머니를 보고
“나 두 남의 빨래를 하겠으니 좀 맡아다 주.”
용애 어머니는 눈을 크게 떴다.
“어서 더 눕고 있지, 웬일이오…… 어려워 말우.”
용애 어머니는 갑자기 무슨 생각이 난 듯이 눈을 껌뻑이더니 다가앉았다. 부엌에서는 용애와 봉염이 종알거리는 소리가 들렸다.
“아니, 저 나 빨래 맡아다 하는 집엔 젖유모를 구하는데…… 애가 딸렸다더라도 젖만 많으면 두겠다구 해. 그 대신 돈이 좀 적겠지만…… 어떠우”
봉염의 어머니는 귀가 번쩍 뜨였다.
“참 말이요? 애가 있어도 된대요”
용애 어머니는 이 말에는 우물쭈물하고,
“하여간 말이야, 한 달에 십이삼 원을 받으면 집세 얻어서 봉염이와 애기는 따루 있게 하고 애기에겐 봉염의 어머니가 간간이 와서 젖을 멕이고 또 우유를 곁들이지 어떡허나. 큰애 같지 않아 갓난애니까 저게서 알면 재미는 좀 적을게요. 그러니 우선은 큰애라고 속이고 들어가야지. 그러니 그렇게만 되면 그 벌이가 아주 좋지 않우.”

봉염의 어머니는 벌이 자리가 난 것만 다행으로 가슴이 뛰도록 기뻤다.

“그러면 어떻게든지 해서 들어가도록 해주우.”

하였다. 그리고 돈만 그렇게 벌게 되면 이 집에 신세진 것은 꼭 갚아야겠다 하며 자는 아기를 돌아보았을 때 저것을 떼고 남의 애에게 젖을 먹여? 하였다.며칠 후에 몸이 다소 튼튼해진 봉염의 어머니는 드디어 젖유모로 채용이 되어 애기와 봉염이를 떨어치고 가게 되었다. 그리고 봉염이와 아기는 조그만 방을 세 얻어 있게 하였다. 그 후부터 아기는 봉염이가 맡아서 길렀다. 아기는 매일같이 밤만 되면 불이 붙는 것처럼 울고 자지 않았다. 그때마다 봉염이는 아기를 업고 잠 오는 눈을 꼬집어 당기면서 방 안을 거닐었다. 그리고 나중에는 아기와 같이 소리를 내어 울면서 어두운 문 밖을 내다보곤 하는 때가 종종 있었다.이렇게 지나기를 한 일 년이 되니 아기는 우는 것도 좀 나아지고 오줌이며 똥도 누겠노라고 낑낑대었다. 봉염이는 아기를 잘 거두어 주다가도 애가 놀러 왔는데 자꾸 운다든지 제 장난감을 흐트려 놓는다든지 하면 아기를 사정없이 때리었다. 그리고 미처 오줌과 똥을 누겠노라고 못 하고 방바닥에 싸놓으면 사뭇 죽일 것같이 아기를 메치며 때리곤 하였다. 그것은 아기가 미워서 때리는 게 아니고 제 몸이 고달프고 귀찮으니 그렇게 하는 것이었다. 아기의 이름은 봉염의 이름자를 붙여서 봉희라고 지었다. 봉희는 이젠 우유를 안 먹고 간간이 어머니의 젖과 밥을 먹었다. 그는 이제야 겨우 빨빨 기었다. 그리고 때로는 오뚝 일어서고 자착자착 걸었다. 그러나 눈치는 아주 엉뚱나게 밝았다. 그러므로 어떤 때는 똥과 오줌을 방바닥에 싸놓고도 언니가 때릴 것이 무서워서 “으아” 하고 때리기 전부터 미리 울곤 하였다. 그리고 어떤 때는 봉염이가 동무와 놀 양으로 봉희를 보고 자라고 소리치면 봉희는 잠도 안 오는 것을 눈을 꼭 감고서 땀을 뻘뻘 흘리며 자는 체하였다. 그가 돌이 지나도록 자란 것은 뼈도 아니요 살도 아니요 눈치와 머리통뿐이었다. 머리통은 조그만 바가지통만은 하였다. 그리고 머리통이 몹시도 굳었다. 그러나 이 머리통을 싸고 있는 머리카락은 갓 낳던 그대로 노란 것이 나스스하였다. 어쨌든 그의 전체에서 명 붙어 보이는 곳이란 이 머리통같이도 보이고, 혹은 이 머리통이 너무 체에 맞지 않게 크므로 못 이겨서 오래 살지 못하고 죽을 것 같이도 무겁게 보이곤 했다.
봉희는 어머니를 알아보았다. 그래서 어머니가 왔다 갈 때마다 그는 번번이 울었다. 그때마다 삼 모녀는 서로 붙안고 한참씩이나 울다가 헤지곤 하였다.어느 여름날이다. 봉염이는 열병에 걸려 밥도 못 지어 먹고서 자리에 누워 있었다. 온몸이 불같이 뜨거워서 미처 어디가 아픈지도 알아 낼 수가 없었다. 곁에서 봉희는 “앵앵” 울었다. 봉염이는 어머니나 와주었으면 하면서 어제 먹다 남은 밥을 봉희의 앞에 놔주었다. 봉희는 울음을 그치고 밥을 퍼 넣는다. 봉염이는 눈을 딱 감고 팔을 이마에 올려놓았다. 그러다 신발 소리 같아 눈을 번쩍 떠서 보면 어머니는 아니요, 곁에서 봉희가 밥그릇 쥐어당기는 소리다. 그는 화가 버럭 났다.
“잡놈의 계집애 한 자리에서 먹지 여기저기 다니며 버려 놓니!”
눈을 부릅떴다. 봉희는 금시 울음이 터져 나오는 것을 참으며 입을 비죽비죽하였다. 그리고 문을 돌아보았다. 필시 봉희도 어머니를 찾는 것이라고 봉염이는 얼른 생각되었을 때 그는 “어머니!” 하고 소리치고 싶은 충동을 강하게 받았다. 그는 입술을 꼭 다물고 한참이나 울 듯 울듯이 봉희를 바라다보았다.
“봉희야, 너 엄마 보고 싶니? 우리 갈까”
그는 누가 시켜 주는 듯이 이런 말을 쑥 뱉었다. 봉희는 말끄러미 보더니 밥 술을 뎅그렁 놓고 달아온다. 봉염이는 아차 내가 공연한 말을 했구나! 후회하면서 봉희를 힘껏 껴안았다.
그때 두 줄기 눈물이 그의 볼에 뜨겁게 흘러내리는 것을 그는 깨달았다.“어머이는 왜 안 나와. 오늘은 꼭 올 차례인데. 그렇지 봉희야!”

봉희는 아무것도 모르고,

“응.”

하고 대답할 뿐이었다.

“어서 밥 머. 우리 봉희는 착해.”

봉염이는 봉희의 머리를 내려 쓸고 내려놓았다. 봉희는 또다시 밥술을 쥐고 밥을 먹었다.
봉염이는 멍하니 천장을 바라보았다. 언제인가 어머니가 와서 깨끗이 쓸어 주고 가던 거미줄은 또다시 연기같이 슬어붙었다. ‘어머니는 거미줄이 슬었는데 두 안 온다니’ 하였다. 그 후에도 어머니는 몇 번이나 왔건만 그 기억은 아득하여 이런 말을 하지 않고는 견디지 못하였다. 그는 돌아누우며 어머니가 조반을 먹고서 명수를 업고 문 밖을 나오나…… 에크 이젠 되놈의 상점은 지났겠다. 이젠 문 앞에 왔는지도 모르지 하고, 다시 문 편을 흘금 바라보았다. 그러나 신발 소리는 들리지 않았다. 오직 봉희가 술구는 소리뿐이다.그는 벌떡 일어나서 문을 탁 열어 젖혔다. 봉희는 어쩐 까닭을 모르고 한참이나 언니를 말끄러미 바라보다가 발발 기어왔다.

그는 코에서 단김이 확확 내뿜는 것을 깨달으며 팔싹 주저앉았다.
밖에는 곁집 부인이 흰 빨래를 울바자에 바삭바삭 소리를 내며 널고 있었다. 바자 밖으로 넘어오는 손끝은 흡사히 어머니의 다정한 그 손인 듯, 그리고 금시로 젖비린내를 가득히 피우는 어머니가 저 바자 밖에 섰는 듯하였다. 그는 젖비린내 속에 앉아 있으면 어쩐지 맘이 푹 놓이고 평안함을 느꼈다.
그는 못 견디게 어머니 품에 자기의 다는 몸을 탁 안기고 싶었다. 그는 목이 마른 듯하여 물을 찾았다. 그래서 봉희가 밥 말아 먹던 물을 마셨지마는 어쩐지 더 답답하였다.
이렇게 자리에 못 붙고 안타까워하던 그는 어느새 잠이 들었다가 무엇에 놀라 후닥닥 깨었다.
그의 얼굴에 수없이 붙었던 파리 소리만이 왱왱 하고 났다.
그는 얼른 봉희가 없는 데 정신이 바짝 들었다.
뒤이어 어머니가 왔었나? 그래서 봉희만 데리고 어디를 나갔나 하는 생각이 들자 그만 발악을 하고 울고 싶었다.
그는 미친 듯이 달려 일어났다. 그래서 밖으로 튀어나가니 어머니와 봉희는 보이지 않았다. 그리고 찌는 듯한 더위는 마당이 붉어지도록 내리쪼인다. 어디 갔을까? 어머니가? 하고 울 밖에까지 쫓아나갔다가 앞집 부인을 만났다.

“우리 어머이 못 봤우”

“못 봤어…… 왜 어디 아프냐? 너.”

어머니 못 봤다는 말에 더 말하고 싶지 않은 그는 눈이 벌개서 찾아다니다가 방으로 들어왔다. 그때 뒤뜰에서 무슨 소리가 나므로 벌떡 일어나 뛰어나갔다.
저편 뜨물 동이 옆에는 봉희가 붙어 서서 그 큰 머리를 숙이고 마치 젖 빨듯이 입을 뜨물동이에 대고 뜨물을 꼴깍꼴깍 들이마시고 있다. 그리고 머리털은 햇볕에 불을 댄 것처럼 빨갛다.","안녕하세요! 요청하신 소설 **<소금> 8화**의 내용을 친절하게 요약해 드릴게요.

이 내용은 가난으로 인해 가족이 떨어져 살아야만 하는 비극적인 상황과, 그 속에서 어린 아이들이 겪는 고단한 삶을 담고 있습니다.

---

### [소설 요약]

**1. 생계를 위한 어머니의 선택**
가난한 형편을 이기지 못한 봉염의 어머니는 더 많은 돈을 벌기 위해 다른 집의 '젖유모'로 일하기로 결심합니다. 아이를 데려가면 돈을 더 많이 받을 수 있다는 말에, 어머니는 아기(봉희)를 큰아이인 것처럼 속여 취직한 뒤, 봉염이와 아기만 따로 작은 방에 남겨두고 떠나게 됩니다.

**2. 봉염이와 아기 봉희의 고단한 생활**
어머니가 떠난 후, 어린 봉염이는 아기 봉희를 홀로 돌보며 힘겨운 시간을 보냅니다. 봉염이는 육아의 고단함과 피로 때문에 때때로 아기를 때리기도 하지만, 이는 아기가 미워서가 아니라 자신의 몸과 마음이 너무나 힘들어서였습니다. 아기 봉희는 눈치가 빨라 언니의 눈치를 보며 자라는 영특하면서도 애처로운 아이로 성장합니다.

**3. 어머니를 향한 간절한 그리움과 열병**
어느 여름날, 봉염이는 심한 열병에 걸려 앓아눕게 됩니다. 정신이 혼미한 상태에서 봉염이는 곁에 있는 아기 봉희를 보며 어머니를 그리워하는 마음과, 자신들을 버려두고 떠난 상황에 대한 원망 섞인 감정을 동시에 느낍니다. 봉염이는 꿈결처럼 어머니를 찾으며 간절히 기다리지만, 돌아오는 것은 어머니의 온기가 아닌 뜨거운 열기와 외로움뿐입니다.

**4. 결말**
열병 속에서 헤매던 봉염이는 어머니를 찾아 밖으로 뛰쳐나가지만, 어머니는 보이지 않습니다. 결국 봉염이는 뜨거운 햇볕 아래서 아기 봉희가 뜨물 동이에서 물을 마시고 있는 모습을 발견하며 이야기가 마무리됩니다.

---

### 💡 핵심 주제
이 소설은 **가난이라는 가혹한 현실**이 어떻게 가족을 해체시키는지, 그리고 그 과정에서 **어린 아이들이 감당해야 하는 정서적·육체적 고통**을 매우 사실적이고 애잔하게 그려내고 있습니다.

요약이 도움이 되었기를 바랍니다! 더 궁금한 점이 있으면 언제든 말씀해 주세요. 😊"
소금 9화,"어머니의 마음 사흘 후에 봉염이는 드디어 죽고 말았다. 그의 어머니는 할 수 없이 유모를 그만두고 명수네 집에서 나오게 되었으며 봉희 역시 몹시 앓더니 그만 죽었다. 형제나 죽는 것을 본 주인집에서는 그를 나가라고 성화치듯 하였다. 그는 참다 못해서 주인 마누라와 아우성을 치면서 싸웠다. 그리고 끌어내기 전에는 움직이지 않을 뜻을 보이고 하루 종일 방 안에 누워 있었다. 전날에 그는 미처 집세를 못 내도 주인 대하기가 거북하였는데 지금은 어디서 이러한 대담함이 생겼는지 그 스스로도 놀랄 만하였다.
이제도 그는 주인 마누라와 한참이나 싸웠다. 만일 주인 마누라가 좀더 야단을 쳤다면 그는 칼이라도 가지고 달라붙고 싶었다. 그러나 다행히 주인 마누라는 그 눈치를 채었음인지 슬그머니 들어가고 말았다.
“흥! 누구를 나가래. 좀 안 나갈걸, 암만 그래두.”
이렇게 중얼거리며 그는 문 편을 노려보았다. 그리고 좀더 싸우지 않고 들어가는 주인 마누라가 어쩐지 부족한 듯하였다. 그는 지금 땅이라도 몇십 길 파고야 견딜 듯한 분이 우쩍우쩍 올라왔던 것이다.
분이 내려가더니 잠깐 잊었던 봉염이 봉희, 명수까지 뻔히 떠오른다. 생각하면 할수록 그들은 자기가 일부러 죽인 듯했다. 그가 곁에 있었으면 애들이 그러한 병에 걸렸을는지도 모르거니와 설사 병에 걸렸다더라도 죽기까지는 않았을 것 같았다. 그는 가슴을 탁탁 쳤다.
“남의 새끼 키우느라 제 새끼를 죽인단 말이냐…… 이년들 모두 가면 난 어쩌란 말이. 날마자 다려가라.”
하고 소리를 내어 울었다. 그러나 음성도 이미 갈리고 지쳐서 몇 번 나오지 못하고 콱 막힌다. 그리고는 목구멍만 찢어지는 듯했다. 그는 기침을 칵칵 하며 문 밖을 흘끔 보았을 때 며칠 전 일이 불현듯이 떠올랐다.그날 밤 비는 좍좍 퍼부었다. 봉염의 어머니는 봉염이가 앓는 것을 보고 가서 도무지 잠들 수가 없었다. 그래서 밤중에 그는 속옷 바람으로 명수의 집을 벗어났다. 그가 젖유모로 처음 들어갔을 때 밤마다 옷을 벗지 못하고 누웠다가는 명수네 식구가 잠만 들면 봉희를 찾아와서 젖을 먹이곤 하였다. 이 눈치를 챈 명수 어머니는 밤마다 눈을 밝히고 감시하는 바람에 그 후로는 감히 옷을 입지 못하고 누웠다가는 틈만 있으면 벗은 채로 달아오는 때가 종종 있었던 것이다. 그 밤, 낮에 다녀온 것을 명수 어머니가 뻔히 아는 고로 다시 가겠단 말을 못 하고 누웠다가 그들이 잠든 틈을 타서 소리 없이 문을 열고 나온 것이다. 사방은 지척을 분간할 수 없이 어두우며 몰아치는 바람결에 굵은 빗방울은 그의 벗은 어깨를 사정없이 내리쳤다. 그리고 눈이 뒤집히는 듯 번갯불이 번쩍이고 요란한 천둥 소리가 하늘을 때려 부수는 듯 아뜩아뜩하였다.그러나 그는 지금 아무것도 무서운 것이 없었다. 오직 그의 앞에는 저 하늘에 빛나는 번갯불같이 딸들의 신변이 각 일각으로 걱정되었던 것이다.
그가 숨이 차서 집까지 왔을 때 문밖에 허연 무엇이 있음에 그는 깜짝 놀랐다. 그러나 그것은 봉염인 것을 직각하자 그는 와락 달려들었다.

“이년의 계집애 뒈지려고 예가 누웠냐”

비에 젖은 봉염의 몸은 불 같았다. 그는 또다시 아뜩하였다. 그리고 간폭을 갉아 내는 듯함에 그는 부르르 떨었다. 따라서 젖유모고 무엇이고 다 집어 뿌리겠다는 생각이 머리가 아프도록 났다.그러나 그들이 방까지 들어와서 가지런히 누웠을 때 그의 머리에는 또다시 불안이 불 일 듯 하였다. 명수가 지금 깨어서 그 큰집이 떠나갈 듯이 우는 것 같고 그리고 명수 어머니 아버지까지 깨어서 얼굴을 찡그리고 자기의 지금 행동을 나무라는 듯, 보다도 당장에 젖유모를 그만두고 나가라는 불호령이 떨어지는 듯, 아니 떨어진 듯, 그는 두 딸의 몸을 번갈아 만지면서도 그의 손끝의 감촉을 잃도록 이런 생각만 자꾸 들었다. 그는 마침내 일어났다. 자는 줄 알았던 봉희가 젖꼭지를 쥐고 달려 일어났다. 그리고 “엄마!” 하고 울음을 내쳤다. 봉염이는 차마 어머니를 가지 말란 말은 못 하고 흑흑 느껴 울면서 어머니의 치마깃을 잡고,
“조금만 더…….”
하던 그 떨리는 그 음성―---그는 지금도 들리는 듯하였다. 아니 영원히 잊혀지지 않을 것이다.
그는 벌떡 일어났다. 그리고 이 모든 생각을 하지 않으려고 방 안을 빙빙 돌았다. 그러나 불똥 튀듯 일어나는 이 쓰라린 기억은 어쩔 수가 없다. 그리고 명수의 얼굴까지 떠올라서 핑핑 돌아간다. 빙긋빙긋 웃는 명수.“그놈 울지나 않는지…….”

나오는 줄 모르게 이렇게 중얼거리고는 그는 억지로 생각을 돌리려고 맘에 없는 딴말을 지껄였다.

“에이 이놈의 자식 너 때문에 우리 봉희 봉염이는 죽었다. 물러가라!”

그러나 명수의 얼굴은 점점 다가온다. 손을 들어 만지면 만져질 듯이…… 그는 얼른 손등을 꽉 물었다. 손등이 아픈 것처럼 그렇게 명수가 그립다. 그리고 발길은 앞으로 나가려고 주춤주춤하는 것을 꾹 참으며 어제 이맘 때 명수의 집까지 갔다가도 명수 어머니에게 거절을 당하고 돌아오던 생각을 하며 맥없이 머리를 떨어뜨리었다. ‘흥! 제 자식 죽이고 남의 새끼 보고 싶어하는 이 어리석은 년아, 왜 죽지 않고 살아 있어? 왜 살아, 왜 살아, 그때 죽었으면 이 고생은 하지 않지’ 하며 남편의 죽은 것을 보고 따라 죽을까? 하던 그때 생각을 되풀이하였다. 그리고 자신이 이러한 비운에 빠지게 된 것은 남편이 죽었기 때문이라고 단정하였다. 그리고 남편을 죽인 공산당, 그에게 있어서는 철천지 원수인 듯했다. 생각하면 팡둥도 그의 남편이 없기 때문에 그에게 그러한 일을 감행하지 않았던가. 그렇다 모두가 공산당 때문이다. 그때 공산당이라고 경비대에게 죽었다는 봉식이가 떠오르며 팡둥의 그 얼굴이 선명하게 나타난다.“이놈 내 아들이 공산당이라구…… 내쫓으려면 그냥 내쫓지 무슨 수작이냐, 더러운 놈……
봉식아 살았느냐 죽었느냐”
그는 봉식이를 부르고 나니 어떤 실 끝 같은 희망을 느꼈다. 국자가엘 가자, 그래서 봉식이를 찾자, 할 때 그는 가기 전에 명수를 봐야겠다는 생각이 불쑥 일어난다. 명수 명수야! 하고 입 속으로 부르며 무심히 그는 그의 젖꼭지를 꼭 쥐었다. 지금쯤은 날 부르고 울지 않는가…… 그는 와락 뛰어나왔다. 그러나 명수 어머니의 그 얼굴이 사정없이 그의 앞을 콱 가로막는 듯했다. 그는 우뚝 섰다.
“이년! 명수를 왜 못 보게 하니. 네가 낳기만 했지 내가 입 때 키우지 않았니. 죽일 년, 그 애가 날 더 따르지, 널 따르겠니. 명수는 내 거다.”
하고 눈을 부릅떴다. 그러나 다음 순간에 명수의 머리카락 하나 자유로 만져 보지 못할 자신인 것을 깨달을 때 그는 머리를 푹 숙였다.","안녕하세요! 요청하신 소설 **<소금> 9화**의 내용을 친절하게 요약해 드릴게요.

이 장은 자신의 친자식들을 잃은 한 어머니의 처절한 슬픔과 죄책감, 그리고 복잡한 심경을 매우 비극적으로 그려내고 있습니다.

### **[주요 내용 요약]**

**1. 자식을 잃은 비극과 쫓겨나는 처지**
주인공은 명수네 집에서 젖유모로 일하던 중, 자신의 친자식인 봉염이와 봉희를 모두 잃게 됩니다. 주인집에서는 아이들이 죽자 주인공에게 집을 나가라고 압박하고, 주인공은 억울함과 분노를 느끼며 주인 마누라와 다투지만 결국 집에서 쫓겨날 위기에 처합니다.

**2. 뼈아픈 죄책감과 과거의 회상**
주인공은 ""남의 새끼 키우느라 제 새끼를 죽였다""는 생각에 극심한 죄책감을 느낍니다. 폭풍우가 몰아치던 밤, 아픈 아이들을 보러 달려갔을 때 뜨거운 열기를 내뿜으며 죽어가던 봉염이의 모습과, 어머니를 찾으며 울던 아이들의 목소리가 환청처럼 떠올라 그녀를 괴롭힙니다.

**3. 원망과 그리움이 뒤섞인 복잡한 심리**
그녀의 고통은 자식을 잃은 슬픔에만 머물지 않습니다. 
* **세상에 대한 원망:** 남편을 죽게 하고 삶을 비극으로 몰아넣은 공산당에 대한 깊은 원망을 품고 있습니다.
* **모순된 애정:** 자식을 잃은 비극 속에서도, 정들었던 명수를 향한 그리움과 애착을 버리지 못합니다. 명수를 보고 싶어 하면서도, 자신이 명수의 어머니에게 거절당할 수밖에 없는 현실을 깨달으며 무력감에 빠집니다.

---

**💡 한 줄 요약**
자신의 아이들을 잃고 타인의 아이를 키우다 쫓겨나게 된 주인공이, 자식을 지키지 못했다는 죄책감과 세상에 대한 원망, 그리고 남겨진 아이(명수)에 대한 애틋함 사이에서 겪는 처절한 심리적 고통을 다루고 있습니다.

내용이 다소 슬프고 무겁지만, 인물의 감정선이 매우 강렬하게 묘사된 부분입니다. 더 궁금한 점이 있으면 언제든 말씀해 주세요!"
소금 10화,"고요한 밤이다. 이 밤의 고요함은 그의 활활 타는 듯한 가슴을 눌러 죽이려는 듯했다. 이러한 무거운 공기를 헤치고 물 큰 스치는 감자 삶은 내! 그는 지금 이 감자철인 것을 얼핏 느끼며 누구네가 감자를 이리도 구수하게 삶는가 하며 휘돌아보았다. 그리고 뜨끈한 감자 한 톨 먹었으면 하다가 흥! 하고 고소를 하였다. 무엇을 먹고 살겠다는 자신이 기막히게 가련해 보였던 것이다. 그는 벽을 의지해서 하늘을 멍하니 바라보았다. 하늘에는 달이 둥실 높이 떴고 별들이 종종 반짝인다. 빛나는 별, 어떤 것은 봉염의 눈 같고 봉희의 눈 같다. 그리고 명수의 맑은 눈 같다. 젖을 주무르며 쳐다보던 명수의 그 눈.

“에이 이놈 저리 가라!”

그는 또다시 이렇게 중얼거렸다. 그리고 봉희 봉염의 눈을 생각하였다. 엄마가 그리워서 통통 붓도록 울던 그 눈들, 아아 이 세상에서야 어찌 다시 대하랴!…… 공동묘지에나 가볼까 하고 그는 충충 걸어 나올 때 달 아래 고요히 놓인 수 없는 묘지들이 휙 지나친다. 그는 갑자기 싫은 생각이 냉수같이 그의 등허리를 지나친다. 여기에 툭 튀어나오는 달 같은 명수의 그 얼굴, 그는 멈칫 서며 죽음이란 참말 무서운 것이다 하며 시름없이 저편을 바라보았다. 그때 그는 무엇에 놀란 사람처럼 후닥닥 달려나왔다.

앞집 처마 끝 그림자와 이 집 처마 끝 그림자 사이로 눈송이 같이 깔리어 나간 달빛은 지금 명수가 자지 않고 자기를 부르며 누워 있을 부드러운 흰 포단과 같았던 것이다. 그러나 그것은 그의 볼을 사정없이 후려치는 듯한 달빛이었다. 그는 두 손으로 볼을 쥐고 그 달빛을 밟고 섰다. 그리고 “명수야!” 하고 쏟아져 나오는 것을 숨이 막히게 참으며 조금도 이지러짐이 없는 저 달을 쳐다보았다. 그의 눈에는 어느덧 눈물이 술술 흐른다. 그리고 정이란 치사한 것이다! 라고 생각하였다.그는 문득 그의 그림자를 굽어보며 이제로부터 자신은 살아야 하나 죽어야 하나가 의문이 되었다. 맘대로 하면 당장이라도 죽어서 아무것도 잊으면 이 위에 더 행복은 없을 것 같다.
그러고 나니 그의 몸은 천근인 듯, 이 무게는 죽음으로 써야 해결할 것 같다. 죽으면 어떻게 죽나? 양잿물을 마시고…… 아니 아니 그것은 못 할 게야 오장육부가 다 썩어 내리고야 죽으니 그걸 어떻게…… 그러면 물에 빠져…… 그의 앞에는 핑핑 도는 푸른 물결이 무섭게 나타나 보인다. 그는 흠칫하며 벽을 붙들었다. 사는 날까지 살자. 그래서 봉식이도 만나 보고 그놈들 공산당들도 잘 되나 못 되나 보구. 하늘이 있는데 그놈들이 무사할까 부야. 이놈들 어디 보자. 그는 치를 부르르 떨었다. 마침 신발 소리가 나므로 그는 주인 마누라가 또 싸우러 나오는가 하고 안방 편으로 머리를 돌렸다. 반대 방향에서,“왜 거기 섰수”
그는 휙 근 돌아보자 용애 어머니임에 반가웠다. 그리고 저가 명수의 소식을 가지고 오는 듯싶었다.
“명수 봤수”
“명수? 아까 낮에 잠깐 봤수.”
“울지? 자꾸 울 게유!”
용애 어머니는 그를 물끄러미 바라보며 아까 명수가 발악을 하고 울던 생각을 하였다. 그리고 봉염의 어머니 역시 얼마나 명수를 보고 싶어한다는 것을 즉석에서 알 수가 있었다.
“어제 갔댔수? 명수한테.”
“예, 그년이, 죽일 년이 애를 보게 해야지 흥! 잡년 같으니.”
용애 어머니는 잠깐 주저하다가,
“가지 말아요. 명수 어머니가 벌써 어서 알았는지 봉염이 봉희가 염병에 죽었다구 하면서 펄펄 뜁데다. 아예 가지 말아유.”
그는 용애 어머니마저 원망스러워졌다.
“염병은 무슨 염병, 그 애들이 없는데야 무슨 잔수작 이래유. 그만두래. 내 그 자식 안 보면 죽을까, 뭐 안 가 안 가유 흥!”명수 어머니가 앞에 섰는 듯 악이 바락바락 치밀었다. 그의 기색을 살피는 용애 어머니는,

“그까짓 말은 그만둡시다 우리! 저녁이나 해자셨수”

치맛길을 휩싸고 쪼그려 앉은 용애 어머니에게서는 청어 비린내가 물 큰 일어난다. 그는 갑자기 자기가 배가 고파서 이렇게 더 어렵다는 것을 알았다. 그리고 용애 어머니에게 말하여 식은 밥이라도 좀 먹어야겠다 하였다.
“오늘도 또 굶었구려. 산 사람은 먹어야지유! 내 그럴 줄 알고 밥을 좀 가져오렸더니……
잠깐 기 대리우 내 얼른 가져올게.”

용애 어머니는 얼른 일어나서 나간다. 봉염의 어머니는 하반신이 끊어지는 듯 배고픔을 느끼며 겨우 방 안으로 들어가서 쾅 하고 누워 버렸다. 용애 어머니는 왔다.

“좀 떠보시유. 그리고 정신을 차려유. 그러구 살 도리를 또 해야지…… 저 참 이 남는 장사가 있수”봉염의 어머니는 한참이나 정신없이 밥을 먹다가 용애 어머니를 바라보았다.

“아주 이가 많이 남아유. 저, 거시기 우리 영감도 그 벌이 하러 오늘 떠났다오.”

“무슨 벌이유”

벌이라는 말에 그의 귀는 솔깃하였다. 용애 어머니는 음성을 낮추며,
“소금장사 말유.”
“붙잡히면 어찌유”
봉염의 어머니는 눈을 둥그렇게 떴다.
“그러기에 아주 눈치 빠르게 잘 해야지. 돈벌이 하랴면 어느 것이나 쉬운 것이 어디 있수 뭐.
”","안녕하세요! 요청하신 소설 <소금> 10화의 내용을 친절하게 요약해 드릴게요.

이 소설은 자식을 잃은 슬픔과 극심한 가난 속에서 처절하게 삶을 이어가려는 한 여인의 고통과 생존 의지를 담고 있습니다.

### [소설 내용 요약]

**1. 죽음의 문턱에서 느낀 삶의 의지**
깊은 밤, 봉염의 어머니는 세상을 떠난 아이들(봉염, 봉희)에 대한 그리움과 명수에 대한 애틋함 때문에 말할 수 없는 슬픔에 빠집니다. 극심한 허기와 정신적 고통 속에서 그녀는 차라리 죽는 것이 행복할 것 같다는 생각에 양잿물이나 물에 빠지는 등의 죽음을 떠올리기도 합니다. 하지만 결국 그녀는 살아남아 세상이 어떻게 돌아가는지, 아들 봉식이도 어떻게 되는지 지켜보겠다는 강한 생존 본능을 보이며 삶을 선택합니다.

**2. 이웃과의 만남과 허기**
그때 이웃인 용애 어머니를 만나게 됩니다. 용애 어머니는 명수의 소식과 아이들의 죽음에 대해 이야기를 나누며, 슬픔에 빠진 봉염의 어머니를 위로합니다. 배고픔에 허덕이는 봉염의 어머니를 위해 용애 어머니는 식은 밥이라도 먹으라며 음식을 가져다줍니다.

**3. 생존을 위한 새로운 길, '소금장사'**
밥을 먹으며 대화를 나누던 중, 용애 어머니는 생계를 유지할 방법을 조심스럽게 제안합니다. 그것은 바로 위험을 무릅쓰고 하는 **'소금장사'**였습니다. 붙잡힐지도 모른다는 두려움이 있지만, 당장의 생계를 위해 돈을 벌어야 하는 절박한 상황 속에서 이야기는 새로운 국면을 맞이합니다.

---

**💡 핵심 주제:**
이 회차는 **자식을 잃은 어머니의 비극적인 슬픔**과, 그럼에도 불구하고 **배고픔과 가난이라는 현실을 이겨내기 위해 위험한 생존 방식(소금장사)을 택해야만 하는 처절한 삶의 모습**을 잘 보여주고 있습니다.

내용이 도움이 되었기를 바랍니다! 더 궁금한 점이 있으면 언제든 말씀해 주세요. 😊"
소금 11화,"그는 이렇게 말하면서 먼 길을 떠난 영감의 신변이 새삼스럽게 더 걱정이 되었다. 한참이나 그들은 잠잠하고 있었다.
“봉염의 어머니 두 몸이 튼튼해지거들랑 좀 해봐유. 조선서는 소금 한 말에 삼십 전 안에 든다는데 여기 오면 이 원 삼십 전! 얼마나 남수.”
그의 말에 봉염의 어머니는 기운이 버쩍 나면서도 다시 얼핏 생각하니 두 딸을 잃은 자기다. 남들은 아들 딸을 먹여 살리려고 소금짐까지 지지만 자신은 누구를 위하여……? 마침내 자기 일신을 살리려라는 결론을 얻었을 때 그는 너무나 적적함을 느꼈다. 그러나 아무리 자기 일신일지라도 스스로 악을 쓰고 벌지 않으면 누가 뜨물 한 술이나 거저 줄 것일까 굶는다는 것은 차라리 죽음보다도 무엇보다 무서운 것이다. 보다도 참기 어려운 것은 그것이다. 요전까지는 그의 정신이 흐리고 온 전신이 나른하더니 지금 밥 술을 입에 넣으니 확실히 다르지 않은가. 그리고 가슴을 누르는 듯하던 주위의 공기가 가뿐해 오지 않는가.살아서는 할 수 없다, 먹어야지…… 그때 그는 문득 중국인의 헛간에서 봉희를 낳고 파뿌리를 씹던 생각이 났다. 그는 몸서리를 쳤다. 그리고 그 동안에 그는 명수네 집에 비록 맘 고통은 있었을지라도 배고픈 일은 당하지 않았다는 것을 처음으로 느꼈다. 그는 명수의 얼굴을 또다시 머리에 그리며 명수가 못 견디게 자꾸 울어서 명수 어머니가 할 수 없이 날 또다시 데려가지 않으려나? 하면서 밥술을 놓았다.
“왜 더 자시지. 이젠 아무 생각도 말구 내 몸 튼튼할 생각만 해유.”
“튼튼할…… 흥 사람의 욕심이란…… 영감 죽어, 아들 딸…….”
그는 음성이 떨리어 목멘 소리를 하면서 문 편을 시름없이 바라보았다. 달빛에 무서우리만큼 파리해 보이는 그의 얼굴을 바라보는 용애 어머니는 나가는 줄 모르게 한숨을 쉬었다.

그리고 하늘도 무심하다 하며 달빛을 쳐다보았다.
“그럼 어쩌우 목숨 끊지 못하구 살 바에는 튼튼해야지. 지나간 일은 아예 생각지 말아유.”
이렇게 말하는 용애 어머니는 그의 곁으로 다가앉으며 흐트러진 그의 머리를 만져 주었다.
그는 얼핏 명수가 젖을 먹으며 그 토실토실 한 손으로 그의 머리카락을 쥐어뜯던 생각이 나서 적이 가라앉았던 가슴이 다시 후닥닥 뛴다. 그는 무의식간에 용애 어머니의 손을 덥석 쥐었다.
“명수 지금 잘까유”
말을 마치며 용애 어머니 무릎에 그는 머리를 파묻고 소리를 내어 울었다. 어느덧 용애 어머니 눈에서도 눈물이 흘렀다.

“울지 마우. 그까짓 남의 새끼 생각지 말아유. 쓸데 있수”

“한 번만 보구는…… 난 안 볼래유. 이제 가유, 네 용애 어머니.”

자기 혼자 가면 물론 거절할 것 같으므로 그는 용애 어머니를 데리고 가려는 심산이었다.

용애 어머니는 아까 입에 못 담게 욕을 하던 명수 어머니를 얼핏 생각하며 난처해 하였다.

그래서 그는 언제까지나 잠잠하고 있었다. 봉염이 어머니는 벌떡 일어났다. 그리고 용애 어머니의 손을 잡아끌었다.
“봉염의 어머니, 좀 진정해유. 우리 내일 가봅시다.”
하고 그를 꼭 붙들어 주저앉히었다. 달빛은 여전히 그들의 얼굴에 흐르고 있다.밀수 입북국의 가을은 몹시도 스산하다. 우뢰 같은 바람 소리가 대지를 뒤흔드는 어느 날 밤 봉염의 어머니는 소금 너 말을 자루에 넣어서 이고 일행의 뒤를 따랐다. 그들 일행은 모두가 여섯 사람인데 그 중에 여인은 봉염의 어머니뿐이었다. 앞에서 걷는 길잡이는 십여 년을 이 소금 밀수로 늙었기 때문에 눈 감고도 용이하게 길을 찾아가는 것이다. 그러므로 그들은 이 길잡이에게 무조건 복종을 하였다. 그리고 며칠이든지 소금짐을 지는 기간까지는 벙어리가 되어야 하며 그 대신 의사 표시는 전부 행동으로 하곤 하였다.

그들은 열을 지어 나란히 걸었다. 바람은 여전히 불었다. 그들은 앞에 사람의 행동을 주의하며 이 바람 소리가 그들을 다그쳐 오는 어떤 신발 소리 같고 또 어찌 들으면 순사의 고함치는 소리 같아 숨을 죽이곤 하였다. 그리고 어제도 이 근방 어디서 소금짐을 지다 총에 맞아 죽은 사람이 있다지 하며 발걸음 옮김을 따라 이러한 불안이 저 어둠과 같이 그렇게 답답하게 그들의 가슴을 캄캄케 하였다.남들은 솜옷을 입었는데 봉염의 어머니는 겹옷을 입고 발가락이 나오는 고무신을 신었다.
그러나 추운 것은 모르겠고 시간이 지날수록 머리에 인 소금 자루가 무거워서 견딜 수 없다. 머리 복판을 쇠뭉치로 사정없이 뚫는 것 같고 때로는 불덩이를 이고 가는 것처럼 자꾸 따가웠다. 그가 처음에 소금 자루를 일 때 사내들과 같이 엿 말을 이렸으나 사내들이 극력 말리므로 애수한 것을 참고 너 말을 이게 된 것이다. 그런 것이 소금자루를 이고 단 십 리도 오기 전에 이렇게 머리가 아팠다. 그는 얼굴을 잔뜩 찡그리고 두 손으로 소금자루를 조금씩 쳐들어 아픈 것을 진정하였으나 아무 쓸데도 없고 팔까지 떨어지는 듯이 아프다. 그는 맘대로 하면 이 소금 자루를 힘껏 쥐어 뿌리고 그 자리에서 자신도 그만 넌 쩍 죽고 싶었다. 그러나 그것은 공연한 맘뿐이었다. 발길은 여전히 사내들의 뒤를 따라간다. 사내들과 같이 저렇게 나도 등에 져보더라면…… 이제라도 질 수가 없을까. 그러려면 끈이 있어야지 끈이…… 좀 쉬어 가지 않으려나 쉬어 갑시다. 금시로 이러한 말이 입 밖에까지 나오다는 칵 막히고 만다. 그리고 여전히 손길은 소금자루를 들어 아픈 것을 진정하려 하였다.

이마와 등허리에서는 땀이 낙수처럼 흘러서 발밑까지 내려왔다. 땀에 젖은 고무신은 왜 그리도 미끄러운지 걸핏하면 그는 쓰러지려 하였다. 그래서 그는 정신을 바짝 차리면 벌써 앞에 신발 소리는 퍽으나 멀어졌다. 그는 기가 나서 따라오면 숨이 칵칵 막히고 옆구리까지 결린다. 두 말이나 일 것을…… 그만 쏟아 버릴까? 어쩌누? 소금 자루를 어루만지면서도 그는 차마 그리하지는 못하였다.어느덧 강물 소리가 어렴풋이 들린다. 그들은 이 강물 소리만 들어도 한결 답답한 속이 좀 풀리는 듯하였다. 강가에 가면 이 소금짐을 벗어 놓고 잠시라도 쉴 것이며 물이라도 실컷 마실 것 등을 생각하였던 것이다. 그러면서도 강 저편에 무엇들이 숨어 있지나 않을까? 하는 불안이 강물 소리를 따라 높아진다. 봉염의 어머니는 시원한 강물 소리조차도 아픔으로 변하여 그의 고막을 바늘 끝으로 꼭꼭 찌르는 듯 이 모양대로 조금만 더 가면 기진하여 죽을 것 같았다. 마침 앞에 사내가 우뚝 서므로 그도 따라 섰다. 바람이 무섭게 지나친 후에 어디선가 벌레 울음 소리가 물결을 따라 들렸다. 낑 하고 앞에 사내가 앉는 모양이다. 그도 털썩 하고 소금자루를 내려놓으며 쓰러졌다. 그리고 얼른 머리를 두 손으로 움켜쥐며 바늘로 버티어 있는 듯한 눈을 억지로 감았다. 그러면서도 앞에 사내들이 참말로 다들 앉았는가 나만이 이렇게 쓰러졌는가 하여 주의를 게을리하지 않았다.
아픈 것이 진정되니 온몸이 후들후들 떨린다. 그는 몸을 웅크릴 때 앞에 사내가 그를 꾹 찌른다. 그는 후닥닥 일어났다. 사내들의 옷 벗는 소리에 그는 한층 더 정신이 바짝 들었다.
그는 잠깐 주저하다가 옷을 훌훌 벗어 돌돌 뭉쳐서 목에 달아매었다. 그때 그는 놀릴 수 없이 아픈 목을 어루만지며 용정까지 이 목이 이 자리에 붙어 있을까? 하는 의문이 들었다.
그리고 사내가 이어 주는 소금자루를 이고 다시 걷기 시작하였다.벌써 철버덕철버덕 하는 물소리가 나는 것으로 보아 앞에 사람은 강물에 들어선 모양이다.
벌써 그의 발끝이 모래사장을 거쳐 물 속에 들어간다. 그는 오소소 추우며 알 수 없는 겁이 버쩍 들어서 물결을 굽어보았다. 시커멓게 보이는 그 속으로 물결 소리만이 요란하였다.
그리고 뭉클뭉클 내리밀치는 물결이 그의 몸을 울려 주었다. 그때마다 머리끝이 쭈뼛해지며 오한을 느꼈다. 그리고 흑 하고 숨을 들이마셨다.

물이 깊어 갈수록 발밑에 깔린 돌이 굵어지며 걷기도 몹시 힘들었다. 그것은 돌이 께느른 한 해감탕 속에 묻히어 있기 때문이다. 그래서 걸핏하면 미끈하고 발끝이 줄달음을 치는 바람에 정신이 아득해지곤 하였다. 봉염의 어머니는 몇 번이나 발이 미끄러지고 또 곱디디었다. 물은 젖가슴을 확실히 지나쳤다. 그때 그의 발끝은 어떤 바위를 디디다가 미끈하여 달음질쳐 내려간다. 그 순간 온몸이 화끈해지도록 그는 소금 자루를 버티고 서서 넘어지려는 몸을 바로잡으려 하였다. 그러나 벌어지는 다리와 다리를 모두는 수가 없었다. 그리고 소리를 쳐서 앞에 사내들에게 구원을 청하려 하나 웬일인지 숨이 막히고 답답해지며 암만 소리를 질러도 나오지도 않거니와 약간 나오는 목소리도 물결과 바람결에 묻혀 버리곤 하였다. 그는 죽을 힘을 다하여 왼발에 힘을 들이고 섰다. 그때 그는 죽는 것도 무서운 것도 아뜩하고 다만 소금 자루가 물에 젖으면 녹아 버린다는 생각만이 미끄러져 내려가는 발끝으로부터 머리털 끝까지 뻗치었다.","안녕하세요! 요청하신 소설 **<소금> 11화**의 내용을 읽고, 핵심적인 내용을 정리하여 요약해 드릴게요.

---

### [소설 '소금' 11화 요약]

이 내용은 자식을 잃은 슬픔과 굶주림이라는 처절한 현실 속에서, 살아남기 위해 고통스러운 '소금 밀수'의 길을 선택한 **봉염의 어머니**의 처절한 생존 투쟁을 그리고 있습니다.

**1. 슬픔을 누르고 선택한 생존**
봉염의 어머니는 자식을 잃은 깊은 상실감과 허망함에 빠져 있습니다. 하지만 ""굶는 것은 죽음보다 무섭다""는 현실을 깨닫고, 자신을 살리기 위해 소금을 밀수하는 위험한 일에 뛰어들기로 결심합니다.

**2. 고난의 밀수 여정**
스산한 가을밤, 봉염의 어머니는 길잡이를 포함한 다섯 명의 사내와 함께 소금 밀수 길에 오릅니다. 발각될 경우의 위험 때문에 일행은 침묵 속에서 긴장감 있게 이동하며, 차가운 바람과 추위 속에서 고통스러운 행군을 이어갑니다.

**3. 극한의 육체적 고통**
여성인 그녀가 사내들처럼 소금 자루를 머리에 이고 가는 것은 상상할 수 없는 고통이었습니다. 소금 자루는 머리를 짓누르는 쇠뭉치나 불덩이처럼 느껴지고, 땀과 추위, 미끄러운 고무신 때문에 금방이라도 쓰러질 것 같은 극한의 상황에 처합니다.

**4. 강을 건너는 위기 상황**
일행이 강을 건너야 하는 상황에 이르자, 봉염의 어머니는 깊고 차가운 물과 미끄러운 돌 때문에 큰 위기를 맞습니다. 몸이 휘청거리며 물속으로 가라앉을 뻔한 절체절명의 순간, 그녀가 느끼는 가장 큰 공포는 죽음 그 자체보다 **'소금 자루가 물에 젖어 녹아버리는 것'**이었습니다. 이는 생존을 위해 소금에 모든 것을 걸어야만 하는 그녀의 절박한 처지를 극명하게 보여줍니다.

---

**💡 요약 포인트:**
이 장은 **'상실의 슬픔'**을 넘어 **'생존을 위한 처절한 몸부림'**으로 변화하는 주인공의 심리와, 소금을 지키기 위해 죽음의 공포마저 압도하는 **강인하고도 비극적인 생존 본능**을 잘 보여주고 있습니다.

도움이 되셨기를 바랍니다! 더 궁금한 점이 있으면 언제든 말씀해 주세요. :)"
소금 12화,"앞서 가는 사내들은 거의 강가까지 와서야 봉염의 어머니가 따르지 않는 것을 눈치채고 근방을 찾아보다가 하는 수 없이 길잡이가 오던 길로 와보았다. 길잡이는 용이하게 그를 만났다. 그리고 자기가 조금만 더 지체하였더라면 봉염이 어머니는 죽었으리라 직각되었다.
그는 봉염이 어머니의 손을 잡아 일으키며 일변 소금 자루를 내리어 자기의 어깨에 메었다.
그리고 그의 발끝에 밟히는 바위를 직각하자 봉염이 어머니가 이렇게 된 원인이 여기 있는 것을 곧 알았다. 그리고 자기는 이 바위 옆을 훨씬 지나쳐 길을 인도하였는데 어쩐 일인가 하며 봉염이 어머니의 손을 꼭 쥐고 걸었다.봉염의 어머니는 정신이 흐릿해졌다가 이렇게 걷는 사이에 정신이 조금 들었다. 그러나 몸을 건사하기 어렵게 어지러우며 입 안에서 군물이 실실 돌아 헛구역질이 자꾸 나온다. 그러면서도 머리에는 아직도 소금 자루가 있거니 하고 마음대로 머리를 움직이지 못하였다.
그들이 강 가까지 왔을 때 맘을 졸이고 있던 나머지 사람들은 욱 쓸어 일어났다. 그리고 저마다 두 사람을 어루만지며 어떤 사람은 눈물까지 흘리었다. 자기들의 신세도 신세려니와 이 부인의 신세가 한층 더 불쌍한 맘이 들었다. 동시에 잠 한 잠 못 자고 오롯이 굶어 오며 자기들을 기다리고 있을 아내와 어린 것들이며 부모까지 생각하고는 뜨거운 한숨을 푸푸쉬었다.그 순간이 지나가니 또다시 맘이 졸이고 무서워서 잠시나마 가만히 앉아 있을 수가 없었다. 그래서 그들은 이번에는 봉염의 어머니를 가운데 세우고 여전히 걸었다. 이번에는 밭고랑으로 가는 셈인지 봉염이 어머니는 발끝에 조 벤 자국과 수수 벤 자국에 찔리어서 견딜 수 없이 아팠다. 그는 몇 번이나 고무신을 벗어 버리렸으나 그나마 버리지는 못하였다.
그는 언제나 이렇게 맘을 내고도 한 번도 그의 속이 흡족하게 실행하지는 못하였다. 그저 망설였다. 나중에는 고무신이 찢어져 조뿌리나 수수 뿌리에 턱턱 걸려 한참씩이나 진땀을 뽑으면서도 여전히 버리지는 못하였다.그들이 어떤 산마루턱에 올라왔을 때,
“누구냐? 손 들고 꼼짝 말고 서라. 그렇지 않으면 쏠 터이다!”
이러한 고함 소리와 함께 눈이 부시게 파란 불빛이 솩 하고 그들의 얼굴에 비친다. 그들은 이 불빛이 마치 어떤 예리한 칼날 같고 또 그들을 향하여 날아오는 총알 같아서 무의식간에 두 손을 번쩍 들었다. 그리고 이젠 소금을 빼앗겼구나! 하고 그들은 저만큼 속으로 생각하였다. 이렇게 단정은 하면서도 웬일인지 저들이 공산당이 아닌가 혹은 마적단인가 하며 진심으로 그리 되었으면 하고 바랐다. 공산당이나 마적단들에게는 잘 빌면 소금 짐 같은 것은 빼앗기지 않기 때문이었다.
길잡이로부터 시작하여 깡그리 몸뒤짐을 하고 난 저편은 꺼풋 하고 불을 끄고 한참이나 중얼중얼하였다. 그들은 불을 끄니 전신이 소름이 오싹 끼치며, 저놈들이 칼을 빼어 들었는가 혹은 총부리를 겨누었는가 하여 견딜 수 없이 안타까웠다. 그때 어둠 속에서는,“여러분! 당신네들이 왜 이 밤중에 단잠을 못 자고 이 소금짐을 지게 되었는지 알으십니까!
”

쇳소리 같은 웅장한 음성이 바람결을 타고 높았다 떨어진다. 그들은 옳다! 공산당이구나!
소금은 빼앗기지 않겠구나. 저들에게 뭐라구 사정하면 될까 하고 두루 생각하였다. 저편의 음성은 여전히 흘러나왔다. 그들은 말하는 시간이 지날수록 어서 말을 그치고 놓아 보냈으면 하였다. 그리고 이 산 아래나 혹은 이 산 저편에 경비대가 숨어 있어 우리들이 공산당의 연설을 듣고 있는 것을 들으면 어쩌나 하는 불안이 자꾸 일어난다. 봉염의 어머니는 저편의 연설을 듣는 사이에 싼 더 거우 있을 때 봉염이를 따라 학교에 가서 선생의 연설 듣던 것이 얼핏 생각히며 흡사히도 그 선생의 음성 같았다. 그는 머리를 번쩍 들며 저편을 주의해 보았다. 다만 칠 같은 어둠만이 가로막힌 그 속으로 음성만 들릴 뿐이다. 그는 얼른 우리 봉식이도 저 가운데 나 섞이지 않았는가 하였으나 그는 곧 부인하였다. 그리고 봉식이가 보통 아이와 달라 똑똑한 아이니 절대로 그런 축에는 섞이지 않았을 것이라고 단정되었다. 이렇게 생각하고 나니 봉식이에 대한 불안은 적어지나 저들의 말하는 것이 어쩐지 이 소금 자루를 빼앗으려는 수단 같기도 하고 저 말을 그치고 나면 우리를 죽이려는가 하는 의문이 자꾸 들었다.어둠 속에서 연설이 끝난 후에 원로에 잘 다녀가라는 인사까지 받았다. 그들은 얼결에 또다시 걸었다. 그러면서도 저들이 우리를 돌려 보내는 것처럼 하고 뒤로 따라오며 총질이나 하지 않으려나 하여 발길이 허둥거렸다. 그러나 그들이 산을 넘어 밭머리로 들어설 때 비로소 안심하고 ……(원문 탈락)…… 한숨 끝에 탄식하였다.

봉염의 어머니는 조급한 맘을 진정할수록 저들이 의심할 수 없는 공산당들이었구나! 하였다. 그리고 아까 그들의 앞에서 꼼짝하지 못하고 섰던 자신을 비웃으며 세상에 제일 못난 것은 자기라 하였다. 남편을 죽이고 자기를 이와 같은 구렁에 빠뜨린 저들 원수를 마주서고도 말 한마디 못 하고 떨고 섰던 자신! 보다도 평시에 저주하고 미워하던 그 맘조차도 그들 앞에서는 감히 생각도 못 한 자기. 아아! 이러한 자기는 지금 살겠노라고 소금 자루를 지고 두 다리를 움직인다. 그는 기가 막혀서 웃음이 나올 지경이었다. 그리고 못난 바보일수록 살겠다는 욕망은 더 크다고 깨달았다. 동시에 한 가지 의문 되는 것은 저들이 어째서 우리들의 소금짐을 빼앗지 않고 그냥 보내었을까가 의문이었다. 그렇게 사람 죽이기를 파리 죽이듯 하고 돈과 쌀을 잘 빼앗는 그놈들이…… 하며 그는 이제야 저주하기 시작하였다.그들은 낮에는 산 속에서 혹은 풀숲에서 숨어 지내고 밤에만 걸어서 사흘 만에야 겨우 용정까지 왔다. 집까지 온 봉염의 어머니는 소금자루를 얻다가 감추어야 좋을지 몰라 한참이나 망설이다가 낡은 상자 안에 넣어서 방 한구석에 놓고야 되는 대로 주저앉았다. 방 안에는 찬바람이 실실 돌고 방바닥은 얼음덩이 같이 차다. 그는 머리와 발가락을 어루만지며 목이 메어서 울었다. 집에 오니 또다시 봉염이며 봉희며 명수까지 선하게 보이는 듯하였던 것이다. 그들이 곁에 있으면 이렇게 쓰리고 아픈 것도 한결 나을 것 같다. 그는 한참이나 울고 난 뒤에 사흘 동안이나 지난 생각을 하며 무의식간에 몸서리를 쳤다. 그리고 이 눈물도 여유가 있어야 나온다는 것을 알았다. 그는 으흠 하고 신음을 하며 누울 때 소금 처치할 것이 문득 생각힌다. 남들은 벌써 다 팔았을 터인데 누가 소금 사러 오지 않는가 하여 문편을 흘금 바라보다가 내가 소금짐을 져왔는지 여왔는지 누가 알아야지 그만 내가 일어나서 앞집이며 뒷집을 깨워서 물어 볼까? 그러다가 참말 순사를 만나면 어떻게, 하며 그는 부시시 일어나려 하였다.아! 소리를 지르도록 다리뼈 마디가 맞찔리어 그는 한참이나 진정해 가지고야 상자 곁으로 왔다.

 그는 잠깐 귀를 기울여 밖을 주의한 후에 가만히 손을 넣어 소금자루를 쓸어만졌다. 이것을 팔면 얼만가…… 팔 원하고 팔십 전! 그러면 밀린 집세나 마저 물고…… 한 달 살까? 이것을 밑천으로 무슨 장사라도 해야지. 무슨 장사……? 하며 그는 무심히 만져지는 소금덩이를 입에 넣으니 어느덧 입 안에는 군물이 시르르 돌며 밥이라도 한 술 먹었으면 싶게 입맛이 버쩍 당긴다. 그는 입맛을 다시며 침을 두어 번 삼킬 때 소금이란 맛을 나게 한다. 아무리 좋은 음식이나 소금이 들지 않으면 맛이 없다. 그렇다! 하였다. 그때 그는 문득 남편과 아들딸이 생각히며 그들이 있으면 이 소금으로 장을 담가서 반찬해 먹으면 얼마나 맛이 있을까! 그러나 그들을 잃은 오늘에 와서 장을 담을 생각인들 할 수가 있으랴! 그저 죽지 못해 먹는 것이다. 그는 한숨을 푹 쉬었다. 생각하니 자신은 소금 들지 않은 음식과 같이 심심한 생활을 한다. 아니 괴로운 생활을 한다. 이렇게 괴로운…… 하며 그는 머리를 슬슬 어루만졌다. 머리는 얼마나 이 그러지고 부어 올랐는지 만질 수도 없이 아프고 쓰리었다.
그는 얼굴을 상자에 대며, 봉식아, 살았느냐 죽었느냐 이 어미를 찾으렴…… 난 더 살 수 없다!

어느 때인가 되어 무엇에 놀라 그는 벌떡 일어났다. 벌써 날은 환하게 밝았는데 어떤 양복쟁이 두 명이 소금 자루를 내놓고 그를 노려보고 있다. 그는 그들이 순사라는 것을 번개같이 깨닫자 풀풀 떨었다.

“소금표 내놔!”관염은 꼭 표를 써주는 것이다. 그때 그는 숨이 콱 막히며 앞이 캄캄해 왔다. 그리고 얼른 두만강에서 소금자루를 빠뜨리지 않으려고 죽을 힘을 다하였었던 그때와 흡사하게도 그의 신경이 날카로워지는 것을 느꼈다. 그때는 길잡이가 와서 그의 손을 잡아 살아났지만 아아! 지금에 단포와 칼을 찬 저들을 누가 감히 물리치고 자기를 구원할까
“이년! 너 사염을 팔러 다니는 년이구나. 당장 일어나라!”

순사는 그의 눈치를 채고 이것이 관염이 아닌 것을 곧 알았다. 그래서 그는 이렇게 소리치며 그의 손을 잡아 낚아챘다. 별안간 그의 몸은 화끈 달며 어젯밤 ……아! 소리를 지르도록 다리뼈 마디가 맞찔리어 그는 한참이나 진정해 가지고야 상자 곁으로 왔다.

그는 잠깐 귀를 기울여 밖을 주의한 후에 가만히 손을 넣어 소금자루를 쓸어만졌다. 이것을 팔면 얼만가…… 팔 원하고 팔십 전! 그러면 밀린 집세나 마저 물고…… 한 달 살까? 이것을 밑천으로 무슨 장사라도 해야지. 무슨 장사……? 하며 그는 무심히 만져지는 소금덩이를 입에 넣으니 어느덧 입 안에는 군물이 시르르 돌며 밥이라도 한 술 먹었으면 싶게 입맛이 버쩍 당긴다. 그는 입맛을 다시며 침을 두어 번 삼킬 때 소금이란 맛을 나게 한다. 아무리 좋은 음식이나 소금이 들지 않으면 맛이 없다. 그렇다! 하였다. 그때 그는 문득 남편과 아들딸이 생각히며 그들이 있으면 이 소금으로 장을 담가서 반찬해 먹으면 얼마나 맛이 있을까! 그러나 그들을 잃은 오늘에 와서 장을 담을 생각인들 할 수가 있으랴! 그저 죽지 못해 먹는 것이다. 그는 한숨을 푹 쉬었다. 생각하니 자신은 소금 들지 않은 음식과 같이 심심한 생활을 한다. 아니 괴로운 생활을 한다. 이렇게 괴로운…… 하며 그는 머리를 슬슬 어루만졌다. 머리는 얼마나 이 그러지고 부어 올랐는지 만질 수도 없이 아프고 쓰리었다.
그는 얼굴을 상자에 대며, 봉식아, 살았느냐 죽었느냐 이 어미를 찾으렴…… 난 더 살 수 없다!

어느 때인가 되어 무엇에 놀라 그는 벌떡 일어났다. 벌써 날은 환하게 밝았는데 어떤 양복쟁이 두 명이 소금 자루를 내놓고 그를 노려보고 있다. 그는 그들이 순사라는 것을 번개같이 깨닫자 풀풀 떨었다.

“소금표 내놔!”관염은 꼭 표를 써주는 것이다. 그때 그는 숨이 콱 막히며 앞이 캄캄해 왔다. 그리고 얼른 두만강에서 소금자루를 빠뜨리지 않으려고 죽을 힘을 다하였었던 그때와 흡사하게도 그의 신경이 날카로워지는 것을 느꼈다. 그때는 길잡이가 와서 그의 손을 잡아 살아났지만 아아! 지금에 단포와 칼을 찬 저들을 누가 감히 물리치고 자기를 구원할까
“이년! 너 사염을 팔러 다니는 년이구나. 당장 일어나라!”","안녕하세요! 요청하신 소설 <소금> 12화의 내용을 친절하게 요약해 드릴게요.

이 내용은 주인공인 **'봉염의 어머니'**가 소금을 팔아 생계를 이어가기 위해 겪는 처절한 고난과 비극적인 상황을 담고 있습니다.

### [소설 내용 요약]

**1. 고통스러운 소금 운반 여정**
봉염의 어머니는 소금 자루를 메고 매우 고통스러운 길을 걷습니다. 몸은 어지럽고 구역질이 나며, 거친 밭고랑과 수수 뿌리에 발이 찔리는 등 육체적으로 한계에 다다른 상태입니다. 길잡이의 도움으로 겨우 일행과 합류하여 강가로 향합니다.

**2. 공산당과의 만남과 아이러니한 안도**
밤중에 산마루에서 정체 모를 불빛과 고함에 가로막힌 일행은 공산당이나 마적단이 나타난 줄 알고 큰 공포에 빠집니다. 소금을 빼앗길까 봐 두려워하며 긴장하지만, 뜻밖에도 그들은 연설만 마친 뒤 소금을 뺏지 않고 길을 보내줍니다. 봉염의 어머니는 남편을 죽게 만든 원수인 그들 앞에서 겁에 질려 떨었던 자신을 자책하면서도, 한편으로는 살고자 하는 인간의 본능적인 욕구에 허탈함을 느낍니다.

**3. 용정 도착과 슬픈 생존의 의지**
사흘간의 고된 여정 끝에 겨우 용정에 도착한 그녀는 차가운 방 안에서 가족(남편과 아이들)을 그리워하며 오열합니다. 그녀에게 남은 소금은 밀린 집세를 내고 다시 삶을 시작할 유일한 밑천입니다. 소금을 만지며 가족과 함께 맛있는 음식을 먹던 행복한 시절을 떠올리지만, 현실은 죽지 못해 살아가는 괴로운 삶뿐입니다.

**4. 순사의 등장과 갑작스러운 비극**
간신히 안식을 찾으려던 찰나, 다음 날 아침 순사들이 들이닥칩니다. 그들은 소금 판매 허가증(소금표)이 없다는 이유로 그녀를 '불법 판매자'로 몰아세우며 거칠게 체포합니다. 절망적인 상황 속에서 그녀는 다시 한번 막막한 위기에 직면하며 이야기가 마무리됩니다.

---

**💡 요약 포인트:**
이 소설은 **가족을 잃은 슬픔**과 **살아야 한다는 처절한 생존 본능**, 그리고 그 생존을 가로막는 **가혹한 사회적 현실(순사의 압박)**을 '소금'이라는 매개체를 통해 비극적으로 보여주고 있습니다.

더 궁금한 점이 있으면 언제든 말씀해 주세요! 😊"
어둠 1화,"툭 솟은 광대뼈 위에 검은 빛이 돌도록 움쑥 패인 눈이 슬그머니 외과실을 살피다가 환자가 없음을 알았던지 얼굴을 푹 숙이고 지팡이에 힘을 주어 붕대한 다리를 철철 끌고 문안으로 들어선다.
오래 깎지 못한 머리카락은 남바위나 쓴 듯이 이마를 덮어 꺼칠꺼칠하게 귀밑까지 흘러내렸으며 땀에 어룽진 옷은 유지같이 싯누래서 몸에 착 달라붙어 뼈마디를 환히 드러내이고 있다. 소매로 나타난 수숫대 같은 팔에 갑자기 뭉퉁하게 달린 손이 지팡이를 힘껏 다궈쥐었다. 금방 뼈마디가 허옇게 나올 것 같다.
의사는 회전의자에 앉아 의서를 보다가 흘끔 돌아보았으나 못 볼 것을 본 것처럼 얼른 머리를 돌리고 검실검실한 긴 눈썹에 싫은 빛을 푸르르 깃들이고서 여전히 책에 열중한 체한다. 저편 침대 곁에서 소곤소곤 지껄이던 간호부들은 입을 다물고 우두커니 서 있다. 그 중에 제일 나이 들어 보이는 간호부가 환자를 바라보자 얼굴이 해쓱해서 ‘오빠!’ 하고 부르렸으나 다시 보니 오빠는 아니었다. 가시로 버티는 듯한 눈을 억지로 내려 떴다. 마룻바닥은 캄캄하였다. 귀가 울고 가슴이 달막거린다. 꼭 오빠였다. 조금도 틀림없는 오빠이었다. 한데 눈 한 번 깜박일 새 그가 제일 싫어하는 무료과의 입원한 환자가 아니었던가. 내가 미쳤나, 소리를 쳤더라면 어쩔 뻔했어, 하고 다시 환자를 바라보았다. 오빠는 저러한 불쌍한 사람을 위하여 목숨까지 바친 셈인가! 이러한 생각이 불쑥 일어나자 그의 조그만 가슴이 화끈 뜨거워진다. 그는 얼른 알코올 십뿌([습포] : 찜질수건)를 가지고 환자의 곁으로 가서 붕대에 손을 대었다. 오빠는 참으로 이런 사람을 위했음인가? 머리가 어찔해지고 손끝이 포들포들 떨린다. 풀리는 붕대에서는 살 썩은 내가 뭉클뭉클 일어난다. 참말 오빠는 사형을 당하였어, 거짓 소리가 아닐까. 손은 환부를 꾹 눌러 누런 고름을 뽑으면서 맘으로는 이리 분주하였다.뻘건 피가 고름에 섞여 주루루 흘러내린다. 그는 손에 힘을 주었다. 퉁퉁 부은 환부에 손이 옴쑥 들어가며 다리뼈 마디에 맞질리운다. 발그레한 손끝에 피와 고름이 선뜻 묻혀진다. 오빠의 얼굴이 선히 떠오른다. 오빠는 목숨까지 바쳤거든 나는 요만 병자를 대하기도 싫어했구나. 눈이 캄캄해지며 형용할 수 없는 감격이 토실히 부은 그의 눈 등에까지 흔흔히 올라오고 있다.
고름은 멈춰지고 피만 흐르매 알콜 십 뿌로 환부를 박박 문지르고 핀셋으로 니바노루 가제를 집어 어웅한 환부 속을 헤치고 깊이 밀어넣은 담에 소독한 가제에다 부로시 십 뿌를 싸서 환부에 덮고 노란 유지를 놓아 붕대해 주었다. 환자는 이마에 흐르는 땀을 손등으로 부비치고 나서 지팡이를 집고 일어나 나간다. 땀내에 머리카락 쉰 내인 듯한 내가 후끈 끼친다. 그는 물러났다. 적삼깃을 쓰적이는 환자의 머리털이며 고름을 이겨 붙여 말린 듯한 잠방이 밑, 저는 필시 부모도 처자도 없는 게로구나, 하고 돌아서서 스팀 곁에 있는 세면기에 손을 넣었다. 나도 단지 어머님뿐만이 아닌가, 크레졸 물이 그의 손에 가볍게 부딪칠 때 이리 생각되었다. 귀밑에 땀이 뽀르르 흘러내린다.
그는 보느라 없이 의사를 보았다. 양미간을 찌푸린 채 책을 보고 있다. 기분이 좋지 못할 때 언제나 저 모양을 한다. 그런 험한 환자가 다녀간 뒤라 그런지 의서 가운데 난해의 문구가 있어 그런지 딱히 집어댈 수는 없었다.그러나 그는 뜻하지 않은 옛일을 문득 회상하고 코웃음치지 않을 수가 없었다.
십 년 전 의사가 이 병원에 갓 부임했을 때는 모든 일에 열과 피가 움직였다. 특히 빈한한 환자에게 한하여는 수술료 같은 것은 반감하였고 또는 사정만 하면 한 푼도 받지 않았다. 그래서 원장과도 말다툼이 잦았으며, 한때는 사직한다는 말까지 있어 시민들까지 우려하였던 것이다.
때는 흘렀다. 거기에 따라 인심도 흐른 것인가, 십년 전 의사와 오늘의 그는 딴 사람인 것처럼 변하여진 것이다. 하필 의사뿐이랴, 오빠가 떠난 후에 영실의 맘과 몸까지도 엄청나게 달라졌다는 것을 비로소 지금 느끼는 것이다.
─ 우리는 없는 놈이니까 같은 없는 놈을 동정하여야 하고 보다도 이러한 생지옥을 벗어나기 위하여는 싸우지 않으면 안 된다, 누이야.─
어떤 날 밤중에 길 떠나면서 매어달리는 그 누이에게 이르던 오빠의 말,
결국 오빠는 그 길에서 돌아오지 못하고 말았다. “오빠 너무 해, 너무해,
어머니는 어쩌구 저 모양이 되어, 온 세상이 우리 모녀를 업수이 보고 해치려는데……”그는 커튼으로 눈을 옮겼다. 정낮 햇볕에 주홍빛으로 물들여진 커튼은 눈물에 어리어 뿌하기도 하고 어찌 보면 캄캄도 하였다.
열두 시를 땅땅 친다. 뒤이어 웅 하고 일어나는 저 사이렌 소리. 병원을 즈르릉 울려 준다. “너의 오빠는 사형당하였단다. 우웅우웅.” 외치는 듯 호소하는 듯 땅을 울리고 하늘에 솟았다 툭 끊어져 버렸다.
의사는 책을 덮어놓고 일변 수건을 내어 얼굴을 씻으면서 일어나 밖으로 나간다. 가죽 슬리퍼 끄는 저 소리, 그는 문득 신발소리를 따라 귀를 세웠음을 발견하고 스스로 조소하지 않을 수가 없다. 이젠 의사는 그를 잊은 지 오래였고 이미 딴 여자와 약혼까지 하지 않았나. 그런데 왜 자신은 그를 잊지 못하고 입 때까지 생각하나. 호! 나오는 한숨을 언제나처럼 꿈쩍 삼키였다가 한참 만에야 가만히 내뿜었다.믿던 사나이도 변하였고, 행여나 나오면 나오게 되면, 하고 주야로 기다리던 오빠마저 영원히 가버리었다. 오빠가 나오면 어머님께도 숨긴 이 비밀을 이야기하여 이 억울함을 설치하고자 했건만 그 희망조차 툭 끊지 않으면 안 되게 되었다. 번득이는 카제관을 바라보자 눈에 핏줄이 따갑게 일어나는 듯해서 눈을 감고 침대에 걸어앉았다. 소매에서 크레졸 내가 솔솔 품기고 있다.“아이 언니, 오빠를 생각하지? 그러지 말아요, 이젠 그리된 것을 아끼라메(체념) 해야지 어쩐다나.”
효숙이가 깨울하여 본다. 눈에 동정의 빛이 짜르르하다. 통통한 볼에 윤기가 돌고 엷은 입술 사이로 담은 담은 한 이가 구슬같이 동글다.
“어서 소지나 해요.”
효숙의 뒤에서 물끄러미 바라보는 나까가와[[중천]]를 보았다.
“너무 슬퍼하지 말아요, 이상.”
머리를 끄떡해 보인다. 그는 한숨을 후 쉬었다. 말로나마 동무들은 이리 위로하여 주건만 정작 위로하여 줄 의사만은 입을 다문 채 오히려 모르는 체한다. 이것이 무엇보다도 괘씸하고 분하여서 그 앞에서는 조금도 슬픈 빛을 띠지 않으려 적심을 다 기울이는 것이다.
효숙이는 영실의 눈이 까스스해지는 것을 보고 돌아서서 바께쓰를 가지고 수도 곁으로 가서 솨르르 수도를 틀어 놓았다. 머리에 꽂힌 모자는 깨울하였고, 그 밑으로 토실한 목덜미가 나부룩한 머리에 덮이었다. 나까가와는 눈을 껌벅이면서 주사기, 핀셋, 존데 같은 기계를 한 줌 쥐고 소독 가마 곁으로 와서 나사를 틀어 놓으니 물이 쏼쏼 끓고 더운 김이 팡팡 기어오른다. 거기에 기계들을 집어넣고 물러난다. 금시코 밑에 땀이 송알송알 맺히었다.영실이는 힘없는 다리를 옮겨서 그의 사무상으로 왔다. 손은 벌써 흐뜨러진 책상 위를 정돈하는 것이다. 누런 뚜껑을 한 의서에서 호르르 오르는 담뱃내와 가오루([훈] : 향기) 내, 그는 의사의 숨결을 문득 볼에 느낀다.
일변 눈을 찌푸리고 생각을 돌리려 효숙의 분주한 양을 바라보았다. 약간 푸른 기를 띤 새하얀 간호 부복에서 또한 의사의 옷갈피를 홀연히 발견하는 것이다. 그는 하는 수 없이 천장을 바라보았다. 오빠는 사형당하였다. 천장에 시커멓게 쓰여지는 것을 또한 보게 된다.
효숙이는 걸레로 마루를 닦고 책상, 의자, 도다나([호붕] : 찬장)를 닦으면서 열심으로 조잘거리고 있다. 머리 까딱이는 몸짓하는 게 나까가와 보니 훨씬 능란한 것 같다. 나까가와는 푸시시한 머리를 소독 가마에서 오르는 김에 뽀얗게 적시우고 서서 기계를 꺼내어 하나하나 탈지면으로 닦으며
“그래” “참말”하고 효숙의 말을 받고 있다. 그들은 아무 걱정도 없어 보인다.
소제가 끝나자 둘이는 머리를 까딱해 보이고 밖으로 통통 뛰어나간다. 이어 점심 종소리가 댕그릉 댕그릉 울려온다. 그는 엊저녁부터 굶었건만 밥 먹고 싶지 않았다. 이십여 일 전 의사가 약혼할 당시부터 굶기 시작한 것이 그 후로 한두 끼니는 예사로 굶게 되는 것이다. 보다도 그때로부터 밥맛을 잃어버렸다.","안녕하세요! 요청하신 소설 **<어둠 1화>**의 내용을 친절하게 요약해 드릴게요.

이 소설은 병원을 배경으로, 상실감과 환멸 속에 살아가는 주인공 '영실'의 복잡한 내면을 다루고 있습니다.

### [소설 요약]

**1. 환자와의 만남, 그리고 오빠에 대한 기억**
병원의 간호 인력으로 보이는 주인공 영실은 비참한 모습의 환자를 치료하던 중, 그 환자의 모습에서 사형당한 자신의 오빠를 떠올립니다. 오빠는 가난하고 소외된 이들을 위해 헌신하며 사회적 불의에 맞서 싸우다 비극적인 죽음을 맞이한 인물이었습니다. 영실은 환자의 상처를 돌보며 오빠의 숭고한 정신을 되새기지만, 동시에 깊은 슬픔과 감격에 휩싸입니다.

**2. 변해버린 의사와 세상에 대한 환멸**
영실은 과거의 의사와 현재의 의사를 대조하며 세상의 변화에 환멸을 느낍니다. 10년 전의 의사는 가난한 환자들을 위해 자신의 이익을 포기할 만큼 열정적이었으나, 지금의 의사는 매우 냉담하고 자기중심적인 인물로 변해버렸습니다. 영실은 믿었던 사람(의사)과 소중한 사람(오빠)이 모두 변하거나 떠나버린 현실에 큰 상실감을 느낍니다.

**3. 고독한 슬픔과 깊어지는 절망**
동료들(효숙, 나카가와)은 영실에게 위로의 말을 건네지만, 영실은 그들의 위로조차 온전히 받아들이지 못한 채 깊은 고독 속에 머뭅니다. 의사의 약혼 소식과 오빠의 죽음이라는 비극이 겹치면서, 영실은 식욕마저 잃은 채 무거운 슬픔과 허무함 속에서 힘겨운 하루를 버텨내고 있습니다.

---

**💡 요약 포인트:**
이 글은 **'오빠의 죽음'**이라는 개인적 비극과 **'변해버린 의사/세상'**이라는 사회적 환멸이 교차하며, 주인공이 느끼는 **지독한 고독과 상실감**을 무겁고 서정적인 문체로 그려내고 있습니다.

내용이 도움이 되었기를 바랍니다! 더 궁금한 점이 있으면 언제든 말씀해 주세요. 😊"
어둠 2화,"그는 복도로 통한 문을 닫고 포켓에 손을 넣었다. 신문이 바스락 만져진다. 몸이 흠칫해지고 솜치가 오스스해진다. 손을 빼어 볼에 대었다. 잘 못 본 것이라면 얼마나 좋을까, 혹시 알 수가 있나, 손은 다시 포켓 속으로 들어간다. 땀이 뿌찐 뿌찐 나고 팔이 후루루 떨린다. 신문을 쥐었다. 놓았다.
망설였다. 살금살금 끌어내었다. 눈에 칼날이 스치는 듯 산득 산득해서 바로 볼 수가 없다. 절반 머그러진 사형수들의 사진 틈에 목이 상큼하게 패인 오빠가 툭 뛰어들었다. 그는 머리를 돌리고 같은 사람도 있지, 이름으로 눈을 옮기자 신문을 와락 접어 던졌다. 순간 철사로 그를 숨쉴 수 없어 꽁꽁 동였음을 느낀다. 아무리 벗어날래야 날 수 없는 그런 철망에 감긴 것을……오빠! 어머님께 뭐라고 하라우! 이때까지는 속여왔지만 이제는 뭐라고……
어제 이맘 때 의사의 손을 거쳐 떨어지던 이 신문 호외! 얼마나 기막힌 소식이었던가. 그는 당장에 기색하였던 것이다. 그때 아주 피어나지 말았던들이 아픈 양은 당하지 않을 것을, 그는 부지 중에 손등을 꽉 물어 떼었다. 피가 봉긋이 솟아오른다. “오빠는 나쁜 사람이야. 그 어머님께 죽음을 뵈어.
너무 해, 너무 해. 어머님께 뭐라고 여쭐까.” 그는 벌떡 일어나 빙빙 돌았다. 어머니만 아니면 약이라도 먹고 금방 이 괴롬을 잊고 싶다. 한데 칠순이 다 된 어머니가 있지 않나. 아들이 나오면 만나보겠다고 눈이 깜해서 기다리는 어머니가 있지 않나.
─ 영실아, 우리가 사형 언도를 받은 것은 신문지상으로 벌써 알았겠구나,
하지만 봐라, 결코 우리는 죽지 않는다. 언제든지 나가서 어머니와 너를 대할 날이 있을 터이니 그때를 기다려라. 어머니께는 당분간 숨겨다오, 누이야 ─
최후심에서 사형 언도를 받는 오빠에게서는 이러한 편지가 왔던 것이다.
온 세상이 뭐라고 떠들든지 그는 오빠의 이 말을 믿고 싶었으며 또 한 믿어지던 것이다. 하나 결국은 사형을 당하고야 말지 않았나, 그는 신문을 와락당기어 올 올이 찢어 창 밖으로 던졌다.
저편 정원엔 한창인 화단이 눈이 시릴 만큼 번거로 왔고, 정원을 둘러싼 비수리나무 울타리는 요새 가지 깎음을 받아 가지런하게 돌아갔다. 거기엔 이제야 봄이 툭툭 쥐어발렸다.참일까, 거짓이지, 오늘이라도 오빠에게서 편지가 올지 모르지. 그는 시계를 쳐다보았다.
물소리가 났다. 누가 편지를 들고 들어오는 것 같아 왁 울음이 나오는 것을 참고 머리를 돌렸다. 의사가 무심히 들어오다가 흠칫 하였으나 태연히 들어와서 의자에 걸어앉는다. 그의 손엔 아무것도 없었다. 일변 담배를 피어 문다.
코끝에까지 울음이 빼듯이 내어민 것을 억지로 삼키려니 자꾸만 입이 비죽거려지고 숨이 가쁘다. 그러나 눈엔 독이 파랗게 서리고 있다. 혀를 꼭 깨물고 책상을 힘껏 붙들었다. 혀끝에서 피가 나는지 간간한 맛이 머리에까지 따끔따끔 느껴지고 있다. 의사는 성큼 일어나더니 도나다 곁으로 가서 담숙 담숙 쌓아논 알코올 십 뿌를 집어 손을 닦고 있다.“점심 먹었어?”
이 물음에 영실의 보풀락한 눈 등은 찢어질 듯이 팽팽하여졌다.
“왜 대답이 없어?”
말 끝에 씩 웃는다. 그의 말버릇이 그렇게만 지금에 있어서는 자신의 처지를 비웃는 웃음 같아 더 참을 수 없는 분이 왈칵 내밀치므로 눈을 쏘아 보았다.
포마드를 발라 넘긴 머리카락은 보기 싫게 흔들거리고 거무틱틱한 눈에 거만함이 숭글숭글 얽히었다. 의사는 그의 시선을 피하여 열심으로 손끝만 보고 부비친다. 전날에 고상해 보이던 그의 인격은 어디로 갔는지 흔적도 찾을 수 없고 머리에서 발끝까지 야비함이 주르르 흘러내린다. 저런 사나이에게 귀한 처녀를 빼앗기었나, 보다도 오빠만을 고이 생각던 누이의 맑은 맘은 송두리째 빼앗기었나, 하니 자신의 어리석음이 기막히게 분하여진다. 그만 달려가서 저 사나이를 푹푹 찔러 죽이고 싶다.
의사는 그의 눈치를 채었음인지 슬금슬금 나가버린다. 그는 의사가 보이지 않도록 쏘아보다가 일어나 위층 쯔메쇼([힐소] : 대기실)로 올라왔다.활짝 열어 제친 창으로 오빠를 잃은 저 하늘이 찰찰 넘쳐 흐르고 책상 위의 두어 송이의 백합이 그 하늘을 갸웃이 바라보고 있다. 그는 의자에 털썩 주저앉아 하늘을 멍하니 바라보노라니 층대를 올라오는 신발소리가 아득히 들린다 의사인가 싶어 휙 . 돌아보니 소사인 김 서방이 바쁘게 올라온다. 울어서 부은 눈을 아무에게도 보이기 싫어서 머리를 돌렸다. 한참 후에 무심히 머리를 돌리니 그의 옆에 김 서방이 우뚝 섰지 않느냐. 그는 와락 반가운 맘이 들어 벌떡 일어났다.
“편지 왔소?”
김서방은 뭣이 들어앉아 쪽 펴지 못하는 그의 굵단 손으로 반백이나 되는 머리를 어색하게 슬슬 어루만지며 차마 영실이를 바라보지 못하고 섰다.
“아니유.”
“오늘은 꼭 편지가 와얄 텐데 어쩌나!”
그는 애처로 이 김서방을 보았다. 입을 중긋중긋 하던 김서방은 눈을 번쩍 떠서 마주 본다. 항상 벙글거리던 그 눈에 웃음이 간 곳 없고 슬픈 빛이 뚝뚝 흘러내린다. 저도 알았구나, 하자 눈물이 핑그르르 돌아 떨어진다. 그는 흐르는 눈물을 씻으려고도 아니하고 눈을 점점 더 크게 떠서 김 서방을 보았다. 얼굴은 캄캄하게 어리우나 왼편으로 깨울히 내려온 흰 수염 끝이 영실의 눈에 가득히 어리운다.
“너무 너무 그렁 마슈.”
김 서방은 발끝을 굽어보고 이렇게 말하였다. 김서방! 하고 힘껏 부르려 했으나 목이 메어 나가지 않았다.
이 병원에서 가장 오랜 연조를 가진 김서방과 자신, 가장 가난한 처지에서 헤매이는 김 서방과 자기, 그래서 의사와 자기 사이도 아는 것 같고 역시 오빠의 죽음에 대하여도 누구보다도 이해가 깊은 것을 깨달은 것이다.밤 아홉 시.
효숙이와 나까가와는 목욕탕에 들어가고 영실만이 쯔메쇼에 남아 있어 체온표에다 입원환자들의 체온과 맥박을 푸르고 붉은 연필로 그리고 있다. 손은 종이 위에서 넘노나 맘은 자꾸만 구 숭숭해 오고 초초했다. 무엇보다도 어머니가 오늘쯤은 어디서 이 소식을 듣고 나한테 쫓아오다가 길에서라도 졸도를 하지 않았는지 하는 불안이 시시각각으로 커가는 때문이다. 마침내 그는 체온표를 철썩 덮어놓았다. 연필이 따르르 떨어진다. 숙직 의사에게 말하고 잠깐 다녀오려니 일일이 사정을 늘어놓아야 할 테고 이해 없는 그들 앞에서 구구한 사정이란 기막히는 노릇이다. 이것들이 웬 목욕을 이리 오래 하누, 하고 층대쪽을 바라보았다. 아래층 당구장에서는 한참 신이 나서 떠들고 있다.
어쩐지 저들과는 너무나 거리가 먼 곳에 있는 자신이라는 것을 새삼스레 느끼면서 두 손을 볼에 대고 한숨을 푹 쉬었다. 오빠가 사형을…… 거짓말이지. 그럼, 아직 감옥 안에 계시어? 숨이 답답해지고 대답이 나오지 않는다. 내일까지 아무 소식이 없으면 휴가를 맡아 가지고 경성 가봐야지, 그래야지 아무러면 오빠가 그리 되었을까, 신문에 난 것은 무어야! 그럼 그는 가슴이 오짝해서 일어나 빙빙 돌았다. 시커먼 사형수들의 사진이 얼씬 얼씬 나타나고 있다. 참말일까? 그는 주위를 두리두리 살피다가 창 앞으로 왔다.
무의식간에 창문을 와르르 열고,
“참말일까요?”
허공을 향하여 소리쳤다. 밖에는 아무도 없었다. 그는 따귀나 얻어맞은 것처럼 얼얼하여 우두커니 섰다. 싸늘한 바람이 그의 머리털에 비웃는 듯 조소하는 듯 팔팔 감기고 있다. 어둠을 뚫고 빛나는 전등불이 여기저기 흩어졌고 거기로부터 달려 오는 긴 빛이 그의 눈가에 수없이 꽂히어 눈물을 가득히 어리우게 한다. 원장의 집 곁에 간호부 기숙사가 있고 그 옆에 부원장인 외과의사의 저택이 유난히도 빛나는 전등을 문전에 달고 어둠 속에 뚜렷이 앉아 있다. 필시 지금쯤은 약혼한 계집이 찾아왔겠군, 불시에 이런 생각이 들자 불뚝 치달아 올라오는 질투심에 얼굴이 화끈 달았다. 그는 머리를 설레설레 흔들었다. 그러고 창을 등지고 서 버렸다.","안녕하세요! 요청하신 소설 **<어둠> 2화**의 내용을 읽고, 주인공의 심리와 주요 사건을 중심으로 친절하게 요약해 드릴게요.

---

### [소설 요약: 어둠 2화]

이 내용은 오빠의 사형 소식을 접하고 깊은 절망과 고통 속에서 방황하는 주인공 **'영실'**의 처절한 심리 상태를 담고 있습니다.

**1. 충격적인 진실과의 마주함**
영실은 신문 호외를 통해 오빠가 사형을 당했다는 사실을 알게 됩니다. 과거 오빠는 편지를 통해 ""결코 죽지 않고 반드시 다시 만나 어머니를 뵙겠다""며 영실에게 비밀로 해달라고 약속했었기에, 영실은 그 말을 믿고 싶어 했습니다. 하지만 신문에 실린 오빠의 사진은 그 믿음을 잔인하게 깨뜨리며 영실에게 감당하기 힘든 충격을 줍니다.

**2. 세상에 대한 분노와 고립감**
극심한 고통 속에서 영실은 주변 인물들에게 복합적인 감정을 느낍니다. 자신의 비극 앞에서도 무심하게 행동하는 의사를 보며 야비함과 혐오감을 느끼고, 세상과 단절된 듯한 지독한 외로움을 경험합니다. 

**3. 슬픔을 공유하는 유일한 존재, 김 서방**
영실은 병원의 오랜 일꾼인 김 서방을 통해 오빠의 소식을 간절히 기다리지만, 결국 아무런 소식도 없다는 사실을 확인하며 절망합니다. 가난하고 힘겨운 처지에 있는 영실과 김 서방은 서로의 슬픈 처지를 말없이 이해하며 짧은 유대감을 나눕니다.

**4. 허공을 향한 절규**
밤늦게까지 병원 업무를 하며 어머니에 대한 걱정과 오빠에 대한 믿음 사이에서 괴로워하던 영실은, 결국 믿기지 않는 현실을 부정하며 창문을 열고 허공을 향해 **""참말일까요?""**라고 외칩니다. 이는 비극적인 현실을 받아들이지 못하는 영실의 처절한 절규이자, 냉혹한 세상에 대한 무력한 항변입니다.

---

**[핵심 주제]**
사랑하는 가족을 잃은 개인의 참혹한 슬픔과, 그 비극을 외면하거나 담담하게 받아들이는 냉혹한 세상 사이의 괴리감을 깊이 있게 그려내고 있습니다.

내용이 도움이 되었기를 바랍니다! 더 궁금한 점이 있으면 언제든 말씀해 주세요. :)"
어둠 3화,"─ 영실이, 나는 그대를 떠나서는 한시도 살 수가 없소. 내 손이 가기 전에 그 부드러운 흰 손이 더러운 환부를 깨끗이 씻어주었고, 그래서만이 내 손은 환부를 꼭 집어 알 수가 있소. 그 손! 그 이쁜 손은 영원히 내 것이요─
이러한 한 구절의 편지가 서늘한 바람을 타고 흘러 들어온다. “악마!”
그는 부지 중에 중얼거렸다. 그리고 창문을 요란스레 닫아버렸다. 이번엔 도다나 속의 수 없는 기계들이 의사의 손! 영실의 손! 하고 속삭이는 듯하다.
그는 머리를 푹 숙이었다. 의사의 손과 그의 손이 합하면 어떠한 대수술도 무난히 돌파하지 않았던가. 나부죽한 손톱을 가진 약간 여윈 듯한 의사의 손! 까딱하면 무엇을 요구하는지를 알았고 또한 무슨 기계와 무슨 약을 들려 줄 것을 이 손이 알지 않았던가. 그는 얼른 손등을 입에 대었다. 그만탁 찍어 버리고 싶다.
내가 미쳤나? 그는 당구장에서 일어나는 환성에 깜짝 놀라 머리를 들었다.
지금 어머니는 어떻게 되었는지 모르면서. “영식아! 영식아!” 오빠를 부르는 어머니의 음성이 금방 들리는 듯하다.“언니 목욕해요.”
효숙이와 나까가와는 층계를 올라오며 이렇게 말하였다. 그들의 얼굴은 빨갛게 상기되었고 하얀 손끝에서는 크림 냄새가 솔솔 풍기었다.
“저 나 잠깐만 집에 다녀올께. 병실에서 오거든 엠직만 하면 선생님께 알리지 말고 둘이서 처리해요. 저기 주사기랑 약이랑 준비 다 했으니, 응.”
영신이는 도다 나를 가리키고 나서 황황히 탈의소로 와서 옷을 갈아입고 층계를 내려 뛰었다. 긴 복도를 지나 병원을 나왔다.
밖은 새까맣다. 하늘엔 별들이 싸늘해 있고 이따금 가로등만이 뽀얀 빛을 땅에 던지고 있다. 웬일인지 발길이 풍풍 빠지는 듯하고 다리 마디가 자꾸만 꺾이려고 하였다. 신발소리만 나면 어머닌가 하여 살피게 되고, 늘 다니던 이 길이건만 어쩐지 처음 가는 골목 같아 한참이나 돌아보곤 하였다. 너무 숨이 차서 가슴을 쥐고 후 하고 숨을 길게 내쉬면 어둠이 새하얀 연기로 변하여 그의 갈 한 목에 휘어감기고 있다.집에 오니 대문은 걸렸다. 얼른 문 사이로 방문을 살피니 불이 희미하다.
어머니가 계시구나…… 맘이 다소 놓여서 대문을 가만히 붙들고 호하고 숨을 몰아쉬었다. 아직까지는 어머니가 모르시는 모양이나 내일이라도 누구에게서 듣고 묻는다면 무어라고 대답할까.
“어머님께서는 당분간 숨겨다 오 누이야!” 그는 부지 중에 털썩 주저앉았다. 비록 오빠가 감옥에 있다 할지라도 모든 일을 이리 가르쳐 주었는데 이제부터는 누구의 지시를 받나! 우선 어머님께는 뭐라구 하나, 오빠 나는 어찌라우. 그는 발버둥쳤다. 어젯밤에도 이리 와서 어머니는 차마 만나지 못하고 간 것이다. 어머니만 뵈오면 울음이 탁 나가서 아무리 숨길래야 숨길 수 없음을 깨달은 것이다. 그렇다고 언제까지나 어머님을 만나지 않을 수는 도저히 없는 일이고 내가 좀 대담해야지, 좀더 침착해야지 하고 가만히 일어났다. 대문을 붙들고 어머니! 하고 부르려니 벌써 눈 등이 무거워지고 목이 꽉 메어 음성이 나가지 않는다. 그는 눈 등을 한번 부비고 얼결에 대문을 쿵 받았다.“누구냐!”
어머니의 음성이 흘러나온다. 그는 얼른 몸을 피하렸으나 울음이 왁 나오면서 픽 쓰러졌다. 아득히 들리는 신발소리. 그는 혀를 꼭 물고 발딱 일어났다. 이제야말로 정신을 차려서 어머니를 대하지 않으면 안 되리라 하였다. 대문이 삐꺽 열리면서 어머니의 흰옷이 새하얗게 보인다. 그는 아뜩하였으나 두 손에 힘을 주어 울타리를 꼭 붙들고
“나! 나야 흑!”
말 끝에 흑 소리가 턱을 차고 내달린다. 얼른 목을 꼭 쥐어 비틀고 섰노라니,
“서울서 소식 없니!”
하고 어머니는 딸의 곁으로 다가선다. 소르르 건너오는 잎 담배 내에 그는 주춤 물러서며 얼굴을 울타리에 돌려대고 힘껏 부비쳤다. 나무판자 울타리에서 뜨끔 찔리는 볼, 그는 볼에 무엇이 들어 박히는 것을 느끼면서도 울음은 자꾸만 쓸어나오려고 한다.“어젯밤 꿈에 네 오빠가 왔기에 오늘은 무슨 소식이 있는가 해서 아까 기숙사에 갔더니 오늘 네가 당번이 되어 몹시 바쁘다고 장 간 호부가 그냥 가라고 하기에 왔다마는, 소식 없니.”
딸의 몸을 어루만지려는 어머니. 비틀 하고 어머니에게로 쏠리려는 것을 그는 울타리를 꼭 붙들고 섰으나 자꾸만 쓸어나오는 울음 땜에 견딜 수 없다. 그래서 그는 휙 돌아서 울타리를 붙들고 걸었다.
“이애야, 너 선생님 헌테 무슨 꾸지람을 들었니, 왜 그러니.”
쫓아오는 어머니에게 그는 아무 말이라도 하여서 안심시켜야 할 것을 느끼었으나 좀처럼 입을 벌릴 수가 없었다. 어머니와 거리가 좀 멀어지자 목을 비틀었던 손을 놓고 입을 벌리고 속을 울었다.
“이애야, 말이나 시원히 하여.”
어둠을 뚫고 들리는 어머니의 음성은 애처로웠다. 휘끈 머리를 돌리고,
“어머니 들어가라우.”
하고 말을 내놓았으나 그 말은 어머니의 귀에까지 들린 것 같지 않았다. 그는 숨을 몰아쉬고 크게 말을 하였으나 울음이 왁 쓸어나온다. 그는 입을 꼭 다물고 섰다. 귀찮게 흐르는 눈물을 씻고 바라보니 대문 앞에 어머니가 그냥 서 있듯 어머니의 흰 옷이 잡힐 것 같다.
“어머니, 어쩔까!”
그는 울음 섞어 이렇게 부르자 와락 어머니에게로 달려가는 발길을 억지로 멈추고 걷다가 돌아보면 어머니는 아직도 섰는 듯, 그만 우두커니 섰다.그러다 어머니가 그를 쫓아 병원으로 오든지 그렇지 않으면 마을이라도 가려나 하는 맘이 자꾸만 들었던 것이다.
그는 살금살금 그의 집을 바라보고 걸었다. 대문 앞에 오니 어머니는 들어가신 듯 아무것도 보이지 않는다. 대문을 더듬더듬 쓸어보고야 다소 안심을 하고 돌아서 걸었다. 한참 오다가 보니 또 어머닌 듯 흰 그림자 어둠 속에 뚜렷하였다. 눈을 아프게 쥐어당기고 다시 한번 와 보리라 하고 뛰어온다.
구두가 자꾸만 엎어지려고 해서 구두를 벗어 들고 그의 대문 앞에 와서 문틈에 눈을 대니 방에는 아까보다 불빛이 환하다. 들어가서 어머니를 안심시킬까 하니 벌써 울음이 다투어 기어나오므로 그는 눈에 손을 대고 엎으러질 듯 돌아섰다.","안녕하세요! 요청하신 소설 <어둠> 3화의 내용을 읽고, 그 안의 복잡한 감정과 사건을 중심으로 요약해 드릴게요.

### [소설 '어둠' 3화 요약]

**1. 주인공의 심리적 혼란과 병원에서의 상황**
소설은 누군가(영실)를 향한 집착이 담긴 서늘한 편지 내용으로 시작됩니다. 주인공(영식/영신)은 이 편지를 보며 '악마'라고 중얼거리며 괴로워합니다. 그는 과거 의사와 함께 수술을 했던 기억과 손에 대한 감각을 떠올리며 극심한 정신적 혼란과 죄책감을 느낍니다. 이후 병원(도다나)에서 업무를 보던 중, 동료들의 지시를 받고 급히 집으로 향합니다.

**2. 어둠 속의 귀가와 무거운 마음**
칠흑 같은 밤, 주인공은 몸이 천근만근 무거운 상태로 집으로 향합니다. 길을 걷는 내내 그는 불안함과 숨 가쁨을 느끼며, 마치 어둠이 자신을 휘감는 듯한 압박감을 경험합니다. 그의 마음을 무겁게 짓누르는 것은 감옥에 있는 오빠의 존재와, 그 사실을 어머니께 숨겨야 한다는 중압감입니다.

**3. 어머니와의 마주침과 갈등**
집에 도착한 주인공은 어머니를 뵙고 싶으면서도, 막상 어머니를 마주하면 울음이 터져 진실을 말하게 될까 봐 두려워하며 대문 밖에서 망설입니다. 이때 어머니가 나와 서울(오빠)의 소식을 묻습니다. 주인공은 어머니의 순수한 걱정과 질문 앞에서 감정이 북받쳐 오르지만, 차마 진실을 말하지 못한 채 울음을 참으며 도망치듯 자리를 피합니다.

**4. 결론적 상태**
주인공은 어머니를 안심시켜 드리고 싶은 마음과, 슬픔을 이기지 못해 무너져 내릴 것 같은 마음 사이에서 처절하게 갈등합니다. 그는 어머니의 흰 옷자락을 보며 안도하면서도, 끝내 다가가지 못하고 어둠 속에서 홀로 괴로워하며 이야기가 이어집니다.

---

**💡 요약 포인트:**
이 장은 **'감옥에 간 오빠의 비밀을 간직한 채, 이를 모르는 어머니를 마주해야 하는 주인공의 처절한 심리적 고통'**을 다루고 있습니다. 어둡고 무거운 분위기 속에서 인물의 불안과 슬픔이 극대화되어 나타나는 것이 특징입니다.

내용이 이해에 도움이 되었기를 바랍니다! 더 궁금한 점이 있으면 언제든 말씀해 주세요. 😊"
어둠 4화,"그가 보통학교 앞에 오니 숨이 차 견딜 수가 없다. 그래 잠깐 멍하니 섰노라니 어둠 속에 시꺼멓게 솟아 있는 중앙학교가 맘에까지 소복히 스며드는 것 같았다. 또다시 가슴이 화끈해지며 오빠와 그가 손을 맞잡고 이 길로 학교 드나들던 것이 어제인 듯 톡 튀어오른다.
노닥노닥 기운 옷에 가방 한 개도 못 가지고 목수건 하나도 없이 어머니가 일본 집에서 얻어온 구멍이 송송 난 메린스 책보를 들고 그 몇 번이나 오르내렸던고.
어머니는 눈만 뜨면 일터로 가기 때문에 그는 언제나 오빠 옆에 붙어 있었다. 오빠에게서 하나 둘을 배웠고 또한 오빠의 등에서 오줌 똥을 싼 것이다. 그러다 자라서 이 학교에 다니게 되니 오빠는 언제나 그의 손을 꼭 잡고 교실에까지 바래다 주고 그의 교실로 들어가던 것이다. 몸이 아파도 오빠에게 하소하였고 동무들과 쌈을 하고도 오빠에게 고하였고 장난하다 손끝이 상하여도 오빠의 입술에 호 함을 받았고. 그렇던 오빠! 오빠! 난 어쩌라우, 그는 어린애같이 발을 동동 굴렀다.어느 날 하학을 하고 나오니 눈이 와서 성 같이 쌓였다. 오빠는 그를 둘러업고 눈 속을 빠져 집으로 온다.
“눈 꼭 감어.”
눈 속을 헤엄치는 오빠는 이렇게 말하고 뛰었다. 눈이 얼굴에 부딪치어서는 녹아 얼굴을 쓰라리게 하고 목덜미에 스며들어 꼭꼭 찌른다. 그는 마침내 앙앙 울었다. 집에 오니 어머니는 아직도 안 돌아왔고 눈 바람에 문풍지가 다 뜯긴 방안은 밖에 보다 더 추운 것 같았다. 오빠는 그의 몸에 눈을 떨어주고 얼굴을 소매로 닦아주면서,
“이제 어머니가 과자 얻어온다. 울지 말아야.”
이렇게 얼리면서도 오빠도 쿨쩍쿨쩍 울고 문만 바라본다. 바람에 문풍지만 울려도 어머닌가, 옆집에서 무슨 소리만 나도 오누이는 달려 일어나,
“어머니.”하고 문을 열어 잡으면 밖에는 눈만 내리고 그는 발악을 하고 어머니를 부르면 오빠는 그를 업고 방안을 빙빙 돌면서 훌적훌쩍 울던 일…… 그는 미친 듯이 일어나 걸었다. 목이 찢어지는 듯 가슴이 막혀서 견딜 수 없었던 것이다. 발길이 느려지면서 이 길 위에 오빠의 신발자국이 어딘가 남아 있을 것 같아 펄썩 주저앉는다. 휘끈 돌아보니 저편에서 사람이 오므로 화닥닥 일어났다. 꼭 어머니인 듯한 여인이 이리로 온다. 그는 서슴지 않고,
“어머니야.”
하고 울면서 쫓아가니 어떤 낯모를 여인이 저즘저즘 하다가 지나친다. 그 여인이 보이지 않도록 바라보면서, 어머니가 지금쯤은 주무실까, 한 번 더 가보고 싶어서 발길을 돌리니 몸이 비틀하고 꼬이면서 집에까지 갔다가 돌아올 수가 없을 것 같았다. 그는 구두를 신었다. 높이 솟은 병원 창문으로 빨갛게 흘러나오는 불빛을 보고 얼른 손에 든 구두 생각이 났고 맨발이 부끄러웠던 것이다.기미년 토벌난에 아버지를 잃어, 또 오빠를 이 모양으로 잃어, 우리 집안은 무슨 못된 운수인가, 그는 돌연 이러한 생각을 하며 병원 현관에 들어서니 병원 안이 떠들썩하였다. 수술 환자가 왔는가 하는 불안이 머리를 아프게 후려치자 두루두루 살피니 저편 수술실에는 전등불이 환하고 수술복을 입은 의사며 조수들 간호부들까지 한참 분주한 가운데 있다. 어쩌나, 그는 잠깐 망설였으나 급히 위층 쯔메쇼로 올라왔다.
“언니! 어서 어서 내려가요, 맹장염 환자가 왔다우, 빨리. 선생님이 자꾸만 부르시어. 우리는 혼났어. 그래서 사실대로 여쭈었더니 아주 성이 났어요, 얼른.”
효숙이는 공중 뛰어와서 영실이를 탈의소로 잡아 끌고 일변 옷을 바꾸어 입히느라 색색거린다. 크림내가 숨결에 따라 몽클몽클 그의 볼에 부딪치고 있다. 그는 맘은 급하지만 몸은 딴 사람의 것같이 임의로 움직여지지를 않는다. 그래서 효숙의 하는 대로 내맡기었다.
효숙이는 그를 끌고 내려와서 수술실 문을 조용히 열고 등을 밀었다. 방안은 화끈하고 더운 김이 그의 머리털까지 훈훈히 서리고 있다. 갑자기 그는 현기증이 칵 일어 앞이 아득해지므로 벽을 붙들고 멍하니 섰다.벌써 환자는 수술대에 높이 뉘어놨고 호히[[포피]]로 푹 덮어 놨으며,
오직 오른편 배만은 장방형으로 나타나게 하였고 그 옆에 의사가 서서 주사를 놓고 있다.
두 사람의 조수가 좌우 옆에 갈라섰고 아래 위로 간호부가 서서 병자를 붙들고 있다. 의사의 바로 옆에 수술복에 새하얀 수건을 쓴 나까가와가 수갑 낀 손에 핀셋을 쥐고 테이블에 늘어 놓은 온갖 기계들을 차례로 섬기고 있다. 그 나머지의 간호부들은 세면기에 물을 떠 가지고 간혹 들어온 불나비를 잡느라 쫓아다니고, 혹 의사의 이마에 흐르는 땀이며 조수들의 땀을 씻어 주고, 발이 시원해지라 냉수를 시멘트 바닥에 주르르하고 붓기도 한다.
저편 구석에 환자의 친족인 듯한 사십 가까와 보이는 중년 부인이 눈이 뒤집히어 입을 헤 벌리고 서 있다.
의사는 영실이를 힐끗 보자 눈이 희뜩 올라가고 푸른 입술에 비웃음을 삐죽히 흘린다. 영실이는 이것을 보자 미안하던 맘이 홀랑 달아나고 어디선지악이 바짝 치달아 온다. 그래서 얼른 세면기 앞으로 와서 브러시로 손을 닦기 시작하였다. 따끔 부딪치는 브러시를 따라 휭휭 돌던 머리가 딱 멈추어지고 맘이 꽁꽁 얼어 붙는 것 같았다.
“아구! 아구!”
환자는 외마디 소리를 냅다 지르고 다리를 함부로 내젓는다.
간호부들은 머리와 다리를 꼭 누르니 환자는 더 죽는 소리를 내었다. 힐끗 돌아보니 의사는 방금 칼로 피부를 갈라 놓았고 흐르는 피 속에 지방이 희뜩희뜩 나타났으며, 혈관을 집은 고히루[[지혈함자]]가 두어 개 꽂히어 영실의 눈을 꼭 찌르는 듯하였다. 눈송이 같은 가제가 나까가와의 손에서 의사의 피묻은 손에 쥐어 있는 핀셋으로 옮아와서 수술처에 들어가자마자 빨갛게 핏덩이가 된다.영실이는 손을 다 씻고 나서 나까가와의 곁으로 갔다.
“미안하게 되었소.”
“이상!”
나까가와는 머리를 돌린다. 이마엔 구슬땀이 방울 방울 맺히었고 얼굴이 빨갛게 되어 영실이를 보자 시원하다는 듯이 핀셋을 내주고 머리를 설렁설렁 들어 땀을 떨구면서 물러났다. 수갑 낀 손에 쥐어지는 이 핀셋! 매끈하고도 듬직한 감을 주며 무엇이나 집고 싶어지는 이 감촉. 손에 기운이 버쩍 나고 흩어진 맘이 바짝 모인다.
눈감고라도 이 핀셋만 쥐면 어떠한 기계라도 능란히 섬길 수가 있는 것이다.“후꾸 마꾸간즈[[복막함자]]!”
의사는 이렇게 부르고 피 묻은 수갑 낀 손을 내밀다가 힐끈 영실이를 보고 눈이 꺼칠해서 나까가와를 돌아보았다.
“왜 물러났어. 누가 시키는 게야.”
소리를 냅다 지르고 영실이가 들어주는 기계를 홱 뿌리치고 나서 손수 테이블에서 기계를 집어 간다. 나까가와는 울상을 하고 영실의 손에서 핀셋을 빼앗다시피 하여 가지고 그를 밀고 테이블 앞에 다가선다.
영원히 그의 손에서 핀셋을 빼앗는 듯한 이 아픔, 손끝에서 짜르르 울리고 뜨끔 찔리어 온 전신에 따깝게 퍼지고 있다. 그는 멍하니 섰다.
의사는 말할 것도 없고 평소에 그를 존경하는 간호부들이며 조수들까지 경멸히 여기는 듯 누구 한 사람 눈여겨 보는 이 없다.
그만 울음이 탁 나오려는 것을 혀를 깨물어 참고 의사를 바라보았다.한참 수술에 열중한 저 의사, 한 손에 칼을 들고 또 한 손에 핀셋을 쥐고 가제를 굴려가며 칼을 움직이는 저 의사, 누구보다도 저를 믿었고 그래서 일생의 의탁코자 아니했던가.
“아쿠! 아쿠!”
살을 지나 뼈를 할퀴는 듯한 환자의 비명에 그는 얼른 머리를 돌렸다.
환자에게서 툭 튀어오르는 오빠! 순간 그 비명이 오빠의 음성 같아 온 몸이 화 딱 달았다. 다음 순간에 착각임을 알았으나 가슴이 뛰고 부르르 떨린다. 그는 얼른 이 방을 나가리라 하고 한 발걸음 옮기었을 때 구역질이 욱하고 내달린다. 입술을 꼭 물었다. 목이 찢어지는 듯하더니 코로 주먹 같은 무엇이 칵 내달리며 아뜩하여진다.그 순간 의사가 쥔 칼이 다음에 번득 빛났다.
그 칼이 오빠를 향하여 살대 같이 날아오는 것을 보았다.
“아이머니! 저놈이 사람을 죽여!”
영실이는 눈을 뒤집고 나는 듯이 의사에게로 달려드니 의사는 얼결에 주춤 물러서다가 발길로 탁 차 버렸다. 영실이는 시멘트 바닥에 자빠졌으니 단숨에 일어나 달려든다. 입술과 코가 터져 온 얼굴은 피투성이가 되어 버렸다.
“이놈 이놈! 오빠를 죽여. 아구 오빠 오빠, 호호호, 저놈.”
간담이 서늘하게 부르짖는다. 방안은 그제서야 영실이가 미친 것을 알았다. 조수는 달려들어 영실의 손을 낚아챘다.
“김서방! 이 미친년 끌어내!”
의사는 발을 구르며 호통하였다. 밖에서 수술자를 담아내려고 들것을 준비하던 김서방은 너무나 큰 소리에 놀라 들 것을 든 채 황황히 달려오다가 조수들에게 끌리어 나오는 영실이를 보고 그만 딱 서버렸다.“미쳤어, 저리 내가, 내가.”
조수 하나가 급급히 소리치고 나서 영실이를 김서방에게 맡겨버리고 수술실 문을 쾅 닫아 버린다. 벽이 쿵쿵 울린다.
김 서방은 어쩔 줄을 몰라 영실이를 뒤집어 업었다. 영실이, 그는 김서방을 쥐어 뜯고 몸부림친다.
“이놈, 오빠, 아구 아구 어머니, 양말만 깁지 말고 빨리 나와요, 하하하저놈이!”
김 서방은 격리 병실로 뛰다가 몇 호실로 가란 말인고 아뜩하여 생각나지 않았다.
이번엔 위층 병실로 뛰어오며 생각하니 역시 아뜩하였다. 그만 다시 수술실 문 앞으로 오다가 그도 모르게 욱 치밀어 오는 감정에 층층 밖으로 뛰어나왔다. 어둡다.","안녕하세요! 요청하신 소설 <어둠> 4화의 내용을 읽고, 그 흐름과 감정을 담아 요약해 드릴게요. 이 내용은 주인공 영실의 깊은 슬픔과 트라우마가 폭발하는 매우 비극적인 장면을 담고 있습니다.

---

### [소설 '어둠' 4화 요약]

**1. 오빠에 대한 그리움과 아픈 과거**
병원으로 향하던 주인공 영실은 과거의 기억에 잠깁니다. 가난하고 추웠던 어린 시절, 일터로 나간 어머니를 대신해 영실의 곁을 지켜주며 의지처가 되어주었던 오빠와의 애틋한 추억이 떠오릅니다. 하지만 토벌난으로 아버지를 잃고, 이어 오빠마저 잃게 된 영실은 가족을 잃은 슬픔과 운명에 대한 원망으로 괴로워합니다.

**2. 긴박한 수술실 상황**
병원에 도착한 영실은 갑작스러운 맹장염 환자의 응급 수술 상황에 투입됩니다. 긴박하고 뜨거운 열기, 피와 기구들이 가득한 수술실의 풍경 속에서 영실은 간호 보조로서 업무를 수행하려 애씁니다. 하지만 의사의 차가운 시선과 수술실의 압박감은 영실의 마음을 짓누릅니다.

**3. 트라우마의 폭발과 정신적 붕괴**
수술이 진행되던 중, 환자가 내지르는 고통스러운 비명은 영실에게 죽은 오빠의 목소리처럼 들리기 시작합니다. 의사가 휘두르는 수술용 칼날이 마치 오빠를 해치는 것처럼 보이는 환각에 빠진 영실은 극심한 정신적 공황 상태에 이릅니다.

**4. 비극적인 결말**
결국 영실은 ""저놈이 오빠를 죽인다""라고 울부짖으며 미친 듯이 소리를 지르고 발작을 일으킵니다. 통제 불능 상태가 된 영실은 수술실에서 강제로 끌려 나가게 되고, 혼란과 비명 속에서 이야기는 어둠 속으로 침잠합니다.

---

**💡 챗봇의 한마디:**
이 내용은 과거의 상처(오빠의 죽음)가 현재의 충격적인 상황(수술실의 비명과 칼날)과 맞물리며 주인공의 정신이 무너져 내리는 과정을 아주 처절하게 묘사하고 있네요. 영실이 겪는 고통이 글 너머로 느껴지는 듯해 마음이 아픈 대목입니다. 

더 궁금한 점이나 다른 도움이 필요하시면 언제든 말씀해 주세요!"
어머니와 딸 1화,"﻿ 1. 번민 부엌 뒷대문을 활짝 열고 나오는 옥의 얼굴은 푸석푸석하니 부었다.
그는 사면으로 기웃기웃하여 호미를 찾아들고 울바자 뒤로 돌아가며 기적 거린 후 박, 호박, 강냉이 씨를 심는다. 그리고 가볍게 밟는다.
눈동이 따끈따끈하자 콧잔등에 땀이 방울방울 맺힌다. 누구인지 옆구리를 톡톡 친다. 휘끈 돌아보니 복술이가 꼬리를 치면 그에게로 달려든다. 까만 눈을 껌벅이면서……
옥은 호미를 던지고,
""복술이 왔니!""
복술의 잔등을 쓰다듬었다. 그리고 멍하니 뒷산을 올려다보았다. 그의 눈과 마주 띄는 이끼 돋은 바위 틈에는 파래진 이름 모를 풀포기가 따뜻한 볕과 맑은 바람결에 흔들리고 있다. 그 옆으로 돌아가며 봄맞이 아이들의 손에 다 꺾인 나뭇가지에는 노랑꽃, 빨강꽃이 송이송이 피었다.
나비 한 마리가 펄펄 날아든다. 그는 가볍게 한숨을 쉬며 높았다 낮아지는 나비를 따라 시선은 달음질쳤다. 눈 깜빡일 사이에 나비는 벌써 산비탈을 넘어 까뭇거린다.
그의 눈은 스스로 감겨지며 볼 위로 눈물 흔적이 보인다.
""무엇 하셔요.""
사립문 밖에서 건너 집 애기 어머니가 자루 같은 젖을 흔들며 발발 기어 달아나는 애기를 잡아 안고 일어선다. 옥은 빙긋 웃으며,
""호박씨 심으러 나왔어요.""
그는 손톱 사이에 낀 흙을 파내고 보니 애기 어머니는 어디로 가버리었다.그는 방문턱 위에 비스듬히 걸터앉아 두 다리를 내려다볼 때 저켠 산 너머 로작은 새소리가 그의 가슴을 한두 번 두드리고 잠잠하여진다. 순간에 떠오른 것은 엊저녁에 받은 남편의 편지다. 그는 한숨을 길게 쉬며 '그가 그렇다니…… 인골을 쓰고야 차마…… 그렇게…… 하는 수야 있나! 어머님의 말씀이 오죽이나 잘 알으시고 하신 말씀이랴! ""믿지 마라! 남자를 믿지 말아라!"" ’ 몇 번인지 되뇌이고 난 그는 눈물이 그득해졌다.
'어머니, 나는 이 일을 어찌 해야 좋아요?’
향하여 정면 위에 걸린 약간 미소를 띤 남편의 사진을 쳐다보았다. 언 제 나 틈만 있으면 이렇게 하는 것이었다.
따라서 일어나는 그의 과거. 시어머니 생전에 자기와 남편이 천진스럽게 놀던 꼴, 그리고 시어머님이 임종시까지도 ""봉준을 잘 길러라. 둘이서 싸우지 말고 잘 살아야 한다. 옥아!"" 어린 옥은 곤한 잠에 들기 전까지는 입 속으로 외우건마는…… 사정없이 잡아뗀 남편의 지독한 편지. 이것이 자기의 정성이 부족함일까, 혹은 남편이 철없는 탓일까를 탓하기 전에 먼저 돌아가신 시어머니에게 대하여는 죄스러웠다. 어쨌든 싸움이었던 것이었다.","안녕하세요! 요청하신 소설 **<어머니와 딸> 1화**의 내용을 친절하게 요약해 드릴게요.

---

### [소설 요약]

**1. 옥의 쓸쓸한 일상**
주인공 '옥'은 부은 얼굴로 부엌 뒷문을 나와 호박씨와 강냉이 씨 등을 심으며 봄맞이 농사일을 합니다. 반려견 '복술이'와 교감하며 잠시 평온을 찾는 듯하지만, 아름다운 자연 풍경을 바라보던 그녀는 이내 깊은 슬픔과 함께 눈물을 흘립니다.

**2. 남편의 편지로 인한 갈등**
옥이 이토록 슬퍼하는 이유는 전날 밤 받은 남편의 편지 때문입니다. 편지에는 옥이 차마 받아들이기 힘든, 남편의 단호한 결정이나 상황이 담겨 있는 것으로 보입니다. 이 편지로 인해 옥의 마음은 큰 혼란에 빠집니다.

**3. 시어머니의 유언과 죄책감**
옥은 과거 시어머니의 모습을 회상합니다. 시어머니는 생전에 ""남자를 믿지 마라""고 경고하기도 하셨지만, 임종 직전에는 ""남편(봉준)과 싸우지 말고 잘 살아야 한다""고 당부하셨습니다. 남편과의 갈등 앞에서 옥은 시어머니의 유언을 지키지 못하는 것 같아 죄스러운 마음을 느끼며 괴로워합니다.

---

### 💡 한 줄 요약
**남편의 갑작스러운 편지로 인해 평온했던 일상이 흔들린 '옥'이, 시어머니의 유언과 남편에 대한 믿음 사이에서 깊은 슬픔과 죄책감을 느끼는 장면입니다.**

---
내용이 도움이 되셨나요? 더 궁금한 점이 있으면 언제든 말씀해 주세요! 😊"
어머니와 딸 2화,"그의 시어머니는 옥에게 무슨 말이든지 부탁할 때에는 두 손을 꼭 잡고 들여다보며,
""옥아, 너는 내 딸이지, 내 말 잘 듣지?""
이렇게 묻고 나서야 뒷말을 계속하시는 것이었다.
옥은 펄썩 주저앉는다. 방바닥은 산뜻한 맛이 있다. 뒤를 이어 보름달 같이 선연히 떠오르는 시어머니의 그 눈, 코, 입 모습, 부지런하기로 댈 데 없는 그의 손발, 어느 것 하나 빼놓지 않고 꼬리에 꼬리를 물고 나타나는 것이다.
책상 앞으로 다가앉아 그는 책을 펼쳐들었다 놓았다. 연필을 쥐고 무엇을 쓰다가 박박 뜯어 두 손으로 꼬깃꼬깃하여 뒷문 밖으로 내쳤다.
말쑥하니 치워놓은 책상 위를 다시 들어내어 먼지를 떤다.
이렇게 뒤질 때 남편이 어려서 읽던 뚜껑 없는 책 몇 권이 나왔다. 책장 떨어진 것, 연필로 죽죽 내려 그은 것, 먹점이 뚝뚝 박힌 것들이다. 따라 남편의 두둑한 손이 보였다. 언제나 흙장난하는 탓으로 손거스러미는 항상 일고 있었다.어린 남편은 학교서 돌아오면 문턱에서 책보를 방안으로 팽개치고 선길 로나 가는 것이었다. 옥은 뒤로 따라서며,
""어디 가?""
그는 휘끈 돌아보고 두말없이 나가고, 혹간,
""저기.""
하고는 도망질치는 것이었다.
옥은 저녁을 퍼놓고 기다리다 못해 사립문까지 나와서 머리를 배움하고 가고 오는 사람들을 남몰래 살펴보았다.
아득 아득할 때 남편은 사립문으로 뛰어들자,
""오마이!""
냅다 치고는 팍 고꾸라지는 것이었다. 가뜩이나 요리조리 궁리하던 옥은 이 소리에 가슴이 찌르르 울리며 시어머님이 죽게 보고 싶었다. 자기네 들을 남기고 먼저 간 시어머님이 원망스러워졌다. 그러나 꾹 참고 남편을 껴안고  방으로 들어가며,
""왜 그래!""
남편은 한층 더 느껴 울며 옥의 무릎 위에 탁 실린다.
""누가 때려?""
""장손이가 여기를 때리지…… ""볼을 가리켰다. 옥은 바투 들여다보고 어루만지며,
""정 나쁜 놈들! 울지 말라오 후일 내 보면 대신 때려주고 욕해 줄게. 어서 밥 먹자오, 응?""
이렇게 말하여 겨우 울음을 그치게 한 그는 상 옆에 마주 앉아 밥을 물에 말아주고 반찬에 가시를 뽑아가며 불룩이는 그의 두 볼을 바라볼 때 대견한 끝에 두 줄기 눈물이 앞을 캄캄케 하는 것이었다.이러한 과거를 돌아볼 때 그나마 옛날이 다시 오지 못할 행복한 날이었음에 그의 가슴은 뻐근하여졌다. 따라서 어머니를 잃은 자기네들의 외로운 신세가 눈앞에 선하니 보인다.
그의 볼은 능금빛으로 타오르고 골치가 들썩들썩 아프기 시작하였다. 그는 횃대에 걸린 수건으로 힘껏 머리를 동인 후 책상 위에 푹 엎드렸다가 벌떡 일어나 아래 윗목으로 왔다갔다 하며 자기의 장래를 어림하여 보았다.
남편은 언제나 자기를 버리고 어떤 말쑥한 여학생과 함께 살 때가 있을 것 같았다. '그러면 나는 어쩔까?’ 이혼을 해주어야 옳을까? 이대로 견뎌 배겨야 할까?’ 그는 한참이나 바람벽을 노려보다가 입술을 꼭 다물고, ' 망설이는 것부터도 벌써 어머니의 유언을 잊은 나다! 견디자! 어머님의 둘도 없는 아들이 아니냐? 그러고 나의 남편인 것이다!’
이렇게 부르짖으며 책상 서랍을 열었다.
그는 봉투 속으로부터 편지를 꺼내어 몇 번이든지 되읽어 본 후 그의 가슴에 꼭 갖다 대었다. 그리고 조심성스러이 남편의 사진을 쳐다보았다.밖에서 신발소리가 났다. 그는 손 재게 편지를 서랍 속에 밀어넣고 얼른 일어났다.
앞문이 열리자 영철 선생이 들어선다.
""어디 아픈가!""
옥은 그제야 머리에 동인 수건을 슬그머니 벗어서 뒤로 감추며,
""아뇨, 언제 오셨나요?""
""지금 오는 길일세. 어디 아픈 것 같은데…… ""자세히 들여다보며 묻는다.
""아니야요.""
""그새 동경서 편지 왔겠지?""
""네, 어제 왔습니다.""
""음, 잘 있다던가?""
""네.""
""다른 말 없어?""
옥은 머리를 숙였다. 갑자기 무엇이라고 대답해야 좋을지 몰랐다.
""왜? 무어랬던가?""
""저…… 아니요.""
그의 입은 굳이 다물어졌다. 그리고 그의 흰 목덜미에 새파란 힘줄이 불끈 일어나는 것이었다. 선생은 그의 입술을 바라보며 무거운 침묵 속에서 그 의 속을 어림하여 보았을 때 가엾음보다도 감복됨이 앞서는 것이었다.""공부에 재미 많지, 어디 얼마나 배웠나 보세.""
선생은 이렇게 화제를 돌려서 그의 긴장된 마음을 풀어주려 하였다. 그는 책보를 당겨서 풀어놓았다. 선생은 다가앉아 그의 가리키는 페이지를 들여다보며,
""그 새 많이 배웠지.""
선생은 빙긋이 웃어 보였다.
""열심으로 공부나 하고 모든 괴로움은 하느님께 바치게나. 세상 사람 치고 근심 없는 사람이 어디 있는 줄 아나. 원체 괴로운 세상이니까. 먼저 깨닫고 달게 받아야 하네.""
옥은 잠잠하여 고름 끈을 만지작거렸다.""이번 공부시키러 가서 자네 어머님 뵈었지.""
""네? 어머님!""
""요새는 영업도 그만두시고 무던한 영감님 얻으셔서 평안히 계시는 모양이야. 장차로는 교회 안으로 들어오시겠다고 하시데. 어머님 위하여 많은 기도 올리게.""
""한 번 오시겠다는 말씀 없어요?""
""오시겠다대.""
시계는 네 시를 땅땅 친다. 선생은 시계를 바라보며 모자를 들고 일어섰다.
""쓸데없는 생각하지 말고 열심으로 공부하게. 그러고 자조자조 기도해.
내일 예배당에 꼭 가지?""
하고 옥을 똑바로 쳐다보았다. 옥은 발부리를 굽 어보며,  ""네.""
선생은 댓돌로 내려서며 저편 구석에 석유 초롱이 반만큼 눈에 띄었다.
""무엇 떨어진 것 없나?""
""아뇨.""
선생은 햇빛을 안고 집 모퉁이로 돌아갔다.
옥은 앞이 허전해지며 머리를 갈래갈래 풀어헤친 어머님의 환영이 떠오르는 것이었다.
어릴 때부터 지금까지 그의 친정어머니에게 대한 인상이란 남자들의 무릎과 무릎 사이로 옮아다니며 갖은 아양을 다 피우다가도 그들의 발길에 툭툭 채여 질질 울고 다니는 꼴이었다.
그러나 오늘에 생각 키운 어머니 ── 그의 과거를 짐작해 볼 때 한 번도 보지 못한 자기 아버지란 사나이가 어딘지 모르게 그리우면서도 안타깝게 미워졌다 ── 어머니의 타락된 원인이 아버지의 소위인 것을 깊이깊이 깨닫게 되었다.
그는 사립문 안으로 들어서자 맨땅에 펄썩 주저앉으며,
""어머니! 당신도 깨끗한 처녀였겠지요. 아부지를 만나기 전에는…… 아 얼마나 쓰림을 당하시다 못해서 곱고 고운 어머니의 그 깨끗한 마음이 흐리어졌습니까? 이제야 비로소 어머님의 쓰라렸던 가슴을 알겠습니다. 괴로움을 잊기 위하여 술을 마시고 울지 않았습니까! 오 그 쓰림은 나에게도 왔습니다! 왔습니다.""
그는 일어났다. 해는 산 밭을 타서 뉘엿뉘엿 넘어가고 멀리 들리는 버들피리 소리는 차츰차츰 가늘어진다.","안녕하세요! 요청하신 소설 **<어머니와 딸> 2화**의 내용을 친절하게 요약해 드릴게요.

이 소설은 주인공 '옥'이 과거를 회상하며 현재의 고뇌와 어머니에 대한 깊은 이해로 나아가는 감정적인 과정을 담고 있습니다.

---

### 📖 소설 내용 요약

**1. 그리운 과거와 남편에 대한 기억**
옥은 돌아가신 시어머니를 떠올립니다. 자신을 친딸처럼 아껴주었던 시어머니를 그리워하며, 남편과 함께했던 소박하고 행복했던 옛 시절을 회상합니다. 어린 시절 상처받았던 남편을 위로해주던 기억을 되새기며, 옥은 그때가 인생에서 가장 행복했던 시간이었음을 깨닫고 가슴 아파합니다.

**2. 미래에 대한 불안과 인내의 다짐**
옥은 남편이 혹시라도 다른 여인을 만나 자신을 떠나지는 않을까 하는 불안감에 휩싸입니다. 하지만 시어머니의 유언과 남편에 대한 마음을 되새기며, 흔들리는 마음을 다잡고 고통을 견뎌내기로 스스로 다짐합니다.

**3. 영철 선생과의 만남과 어머니의 소식**
영철 선생이 옥을 찾아와 그녀의 안색을 살피며 위로를 건넵니다. 선생은 공부에 전념하며 괴로움을 신앙으로 이겨내라고 조언하며, 옥의 친정어머니가 현재는 평안하게 지내고 있다는 소식을 전해줍니다.

**4. 어머니의 삶에 대한 깊은 이해와 공감**
선생이 떠난 후, 옥은 자신의 친정어머니를 떠올립니다. 과거 고달픈 삶을 살며 고통받았던 어머니의 모습을 되짚어보며, 옥은 어머니가 왜 그렇게 살 수밖에 없었는지, 그 이면에 숨겨진 아픔과 타락의 원인이 무엇이었는지를 깊이 깨닫게 됩니다. 옥은 어머니의 깨끗했던 마음이 세상의 풍파에 흐려졌음을 이해하며, 어머니가 느꼈을 쓰라린 고통을 자신의 것으로 받아들이며 깊은 슬픔에 잠깁니다.

---

**💡 요약 포인트:**
이 회차는 옥이 **'시어머니에 대한 그리움'**에서 시작해 **'남편에 대한 불안과 인내'**를 거쳐, 최종적으로는 **'어머니의 고통스러운 삶을 온전히 이해하고 공감하게 되는 정신적 성장과 슬픔'**을 보여주고 있습니다.

내용이 이해에 도움이 되었기를 바라요! 더 궁금한 점이 있으면 언제든 말씀해 주세요. 😊"
어머니와 딸 3화,"2. 추억지루 하나마 옥의 친정어머니 이야기로부터 시작하자.
옥의 어머니는 송화읍에서 은 율목으로 빠지는 막바지에 사는 김창문의 맏딸 이었다.
아버지의 부지런한 탓으로 조밥이나마 배불리 먹고 갈 나무라도 미루어 가면서 뜨뜻이 땠다.
금년 열일곱에 난 창문의 딸은 동네의 자랑거리였다. 바느질 잘하고 얌전하다는 것, 더구나 우선 우선 웃는 듯한 그의 얼굴은 동네의 인기를 끌고도 지나친 것이었다. 그러므로 누구나 그를 대할 때에는 '예쁜이’ 이렇게 불러서 그의 이름은 예쁜이로 되어 버리고 말았다.
아침만 되면 그의 부모들은 네 살 된 세인이를 맡기고 들로 나간다. 예쁜이는 집에 남아 있어 물 길어 밥 짓기, 진흙투성이 된 옷 빨고 바늘 질 하기였다.
그의 동무들은 김 매기를 뽑혀다니었건만 그는 텃밭을 매는 외에 벌김이라고는 매어 보지 못하였다. 그만큼 그의 부모들이 그를 아끼었던 것이다.어느 날 저녁 때 그는 세인을 데리고 물을 길러 갔다. 앞으로 뿔뿔 달아나는 세인이를 보고,
""아가, 세인아"" 하고 불렀다.
세인은 말똥말똥 누이를 쳐다보며 달아난다.
""놀며 가자우, 넘어져, 응.""
몇 걸음 천천히 걷던 세인은 금시로 달음질쳤다. 예쁜이는 따라가서 붙잡고 흘겨보며,
""넘어진 대도?""
세인은 몸을 빼치려고 어깨를 흔들며,
""고기고기나!""
조그만 손을 쏙 내밀었다.
""무엇?""
손길을 통하여 바라다보니 샛노란 망망꽃이 풀포기에 숨어 반만큼 배움하고 있다.
""꺾어 주랴?""
""응.""
그는 가만 가만히 풀숲을 헤치고 꺾어다 주었다. 세인의 얼굴은 한층 더 둥그래 보였다.
파란 풀포기에 숨어 흐르는 흰 물줄기는 쭉 둘러싼 차돌 틈으로 졸졸 흐르고 있었다.예쁜이는 그의 그림자를 물 속에 던지며 바가지를 들여 밀었다. 퐁, 소리 가나자 눈달치들이 하나씩 나타나기 시작한다.
동이에 물을 채우고 나서 예쁜이는 한 모금 마신 후 돌아보며,
""물 안 먹어?""
바가지를 들어 뵈었다. 세인은 그에게로 다가서며,
""감구 감구 ""한다.
휘끈 돌아보다가 번개같이 웬 사람의 시선은 마주쳤다. 그는 머리를 폭 숙이고 얼른 동이를 이었다.
""어서 가!""
겨우 한 마디를 입 속으로 중얼거리고 세인의 손을 잡아끌었다.
저편 사나이 로부터,
""아기 싱아 줄까?""
세인이는 예쁜에게로 칵 달려매며 망망꽃을 공중에 내던지고 울멍울멍하였다. 옥의 두 귀밑은 빨개지며 세인의 손을 홱 잡아 뿌리치고 잦은 걸음으로 달아났다. 세인은 ""으아"" 소리를 치고 두 발을 동동 굴렀다.
이 꼴을 본 사나이는 이편으로 달려와서 그의 손에 싱아를 들려주었다.
""애기 울지 마라.""
세인이는 싱아를 집어내치고 예쁜이를 따라 허방지방 따라오다가 팍 고꾸라졌다. 사나이는 뒤로 와서 그를 부동켜안고 예쁜 네 집 사립문까지 왔다.
""아가, 잘 들어가라. 또 넘어지지 말고, 응?""
세인이는 눈물을 좌우로 씻으며 봉당 대문 사이로 갸웃이 내다보고는 쑥 들어가 버렸다. 사나이는 돌아서서 머리를 푹 숙이고 천천히 걸음을 옮기었다.
부엌에 숨었던 예쁜이는 세인이를 꽉 쓸어안고 문 사이로 사나이의 뒷 맵시를 보았다.
커다란 사나이가 산비탈을 넘어서자 힐끗 돌아보는 것이었다.그 후로는 세인이는 밖에만 갔다 오면 싱앗단이나 과자 봉지를 들고 달려 들어오며,
""이 거 봐, 사탕이야 씨, 너 안 줘."" 하고 빙빙 돌아가며 과자 봉지를 들었다 놓았다 하였다.
예쁜이는 눈을 둥그렇게 뜨고,
""웬 거냐? 누가 사주디?""
세인은 밖을 흘끔흘끔 돌아보며,
""감구, 감구가 사줘.""
예쁜이는 문 밖을 바라보며 어디 숨어서 엿보지나 않는가 하는 생각이 들 때 전신이 오싹해지며 눈앞에 전날 본 사나이의 그 눈매가 무섭게 떠오르는 것이었다. 그는 가는 소리로,
""세인아, 얻어먹으면 거렁뱅이 되어서 못 쓴다. 후 댐에 또 사주거든 우리 집엔 사탕 많아요 하고 받지 말아라 응? 그러면 내가 아부지더러 하얀 돈 많이 달라고 해서 사탕 이만큼 사주마 응?""
그는 손을 벌려 뵈었다. 세인이는 들은 체도 안 하고 사탕만 들여다보는 것이었다. 그는 세인이를 꼭 잡고 들여다보며,
""아가, 남한테 사탕 받아 먹으면 곱다 저고리 해서 너 안 줘.""
그는 사탕을 입에 넣고 예쁜이를 쳐다보았다.
""후일에 감구가 사주면 받아 가지고 올 테냐? 후일에는 안 그렇게 하지?
응, 대답해.""
세인이는 두리번두리번하며 덮어놓고,
""응 ""하였다.
예쁜이는 세인이를 꼭 껴안으며 ""우리 세인이 용치, 정말 용해.""
볼과 볼을 마주댈 때 달콤한 냄새가 구미를 스르르 돌리게 하였다.예쁜의 집 문 앞을 감도는 그 사나이는 송화읍서 한 등 너머 사는 최용 문의 일꾼으로 있는 둘째였다.
그가 예쁜 이를 먼 빛으로 보기는 벌써 여러 번이었으나 이렇게 마주 당해 보기는 처음이었던 것이다.
그 후로부터는 일하다 중턱에도 나뭇짐이나 걸머지고 뻔질나게 읍으로 오는 수가 잦았다. 그리하여 지고 온 나뭇짐을 되는 대로 팔아버리고 예쁜 네 집 주위를 몇 바퀴든지 돌아서 세인이라도 만나보고 나오면 한결 마음이 나았다.
둘째는 어젯밤 비에 와짝 달라진 조밭머리에 앉아 호미를 움직였다. 침묵 속에 몇 이랑을 매고 난 그는 긴 한숨을 후, 쉰 끝에 김내기를 내쳤다. 굽이쳐 올라가는 멜로디는 스러져가는 듯 꺼져가는 듯 삼아 삼아 하였다. 곁에 동무는,
""좋다!""
제 엉덩이를 툭툭 치고 벙글벙글 웃었다. 소리가 끝나자,
""웬일인가? 자네도 소리 할 줄 알아?""
두리번 두리번 쳐다보았다. 그는 픽 웃어 보이고 잠잠하였다.
""한 마디 또 하게.""
밭머리에서는 왁자지껄하였다.
""어서 들어들 가세.""
이편을 향하여 한 사람이 고함친다. 곁에 동무는 일어섰다.
""가세.""
""먼저 가게나.""
동무는 꾸역꾸역 그들의 뒤를 따랐다.둘째는 매던 이랑을 마치고 나서 밭머리로 나왔다. 이 밭 저 밭에서 꾸역꾸역 사람들이 밀려나왔다. 그는 사람들의 지껄이는 소리가 귀찮아서 맨 꽁 무  니에 떨어져서 산비탈 지름길에 들어섰다.
딱 막아선 다방 솔포기 옆에 붙어 앉아 그는 담배를 피워 물었다. 그리고 정신없이 읍등새만 바라보고 있었다.
뒤에서는 잦은 발소리가 차츰차츰 가까워졌다. 그는 무심코 힐끗 돌아보니 새 하얀 손수건으로 귀밑까지 폭 눌러쓴 색시가 노란 바구니를 옆에 끼고 이편을 향하여 오다가 인기척 있음을 알고 피하여 가만가만 저편으로 가는 것 이었다.","안녕하세요! 요청하신 소설 내용을 친절하게 요약해 드릴게요.

이 내용은 옥의 어머니인 **'예쁜이'**를 중심으로, 그녀와 한 사나이 사이의 순수하고 설레는 첫 만남을 다루고 있습니다. 주요 내용은 다음과 같습니다.

**1. 인물 소개: 마을의 자랑거리 '예쁜이'**
옥의 어머니는 마을에서 '예쁜이'라고 불릴 만큼 외모가 출중하고 성품이 얌전한 소녀입니다. 부모님의 극진한 사랑을 받으며 자란 그녀는 동생 세인을 돌보며 집안일을 돕는 성실한 아이였습니다.

**2. 운명적인 만남: 물가에서의 조우**
어느 날 저녁, 예쁜이는 동생 세인을 데리고 물을 길으러 갔다가 한 사나이와 마주칩니다. 사나이는 겁을 먹고 달아나려는 세인에게 '싱아'를 건네며 친절을 베풉니다. 세인이 넘어지자 사나이가 직접 집 앞까지 데려다주기도 합니다. 이 과정에서 예쁜이는 사나이의 시선을 의식하며 수줍어하고 당황하는 모습을 보입니다.

**3. 이어지는 인연과 사나이의 마음**
그날 이후, 동생 세인은 사나이에게서 사탕이나 과자를 받아오기 시작합니다. 예쁜이는 동생에게 남의 것을 함부로 받지 말라고 주의를 주면서도, 문틈으로 사나이의 뒷모습을 살피며 그를 의식하게 됩니다.

**4. 사나이의 정체와 그리움**
이 사나이는 송화읍 최용문의 둘째 아들이었습니다. 그는 예쁜이를 본 후 그녀를 보고 싶은 마음에 나뭇짐을 팔러 읍내에 오는 길에 예쁜이네 집 근처를 자주 서성거리게 됩니다. 사나이는 일하는 중에도 예쁜이를 떠올리며 그녀를 그리워하는 마음을 드러냅니다.

---
**요약하자면:**
이 소설은 아름다운 소녀 **예쁜이**가 동생과 함께 물을 길으러 갔다가 한 **사나이**를 만나게 되고, 그 인연이 사탕과 작은 배려를 통해 두 사람 사이의 설레는 감정으로 이어지는 과정을 서정적으로 그려내고 있습니다.

더 궁금한 점이 있거나 다른 도움이 필요하시면 언제든 말씀해 주세요! 😊"
어머니와 딸 4화,"둘째의 눈은 차차로 둥그래지며 멀어가는 색시의 뒷맵시를 살피는 순간 ' 예쁜이다!’ 이렇게 속으로 부르짖고 벌떡 일어났다. 그의 가슴은 점점 술렁이기 시작하였다.
한참이나 멍하니 바라보던 그는 최후의 용기를 내어 색시의 뒤를 따르기 시작 하였다. 열 눈이 자기 한 몸으로만 쏠린 듯하여 뒷잔등이 오싹오싹 해지며 이마에 식은땀이 흐르는 것이었다.
이 눈치를 챈 색시는 두 팔을 허우적거리며 재게 걸었다. 뒤에 발 소리가 가까워짐을 알자 그는 바구니까지 내치고 달아난다. 일삼아 다듬어가며 뜯어 넣은 풋나물은 길가에 좍 헤지고 바구니는 데굴데굴 구르기 시작했다.
둘째는 구르는 바구니를 붙잡고 헤어진 나물을 주섬주섬 주웠다.
솔밭 속으로 지나치는 색시는 뒤를 돌아보자 수건이 공중 벗겨지며 삼단 같은 머리채가 어깨 위로 미끄러져 빨간 댕기가 나풀거렸다.
둘째는 색시의 눈과 마주치자 머리를 푹 숙일 때.
""아이고 어마이!""
하고 털썩 주저앉았다.
침묵은 계속되었다. 둘째는 겨우 머리를 들어 폭 숙인 그의 얼굴을 옆으로 자세히 보니 틀림없는 예쁜이다. 그리던 예쁜이를 꿈 밖에도, 생각지 않은 곳에서 이렇게 만났으나 무엇이라고 말할는지 감감하였다.
빽빽이 들어선 소나무 새로 그윽한 송진 냄새와 함께 새 속잎에 짙은 뭇 냄새가 그들의 코를 스칠 뿐이었다.둘째는 예쁜이가 숨도 크게 못 내쉬고 바들바들 떠는 것을 내려다보고는 가엾은 생각이 들었다. 그리하여 그만 갈까 하고 발길을 돌렸으나 깍 붙고 떨어지지 않았다. 자기로서도 생각지 못한 어떠한 큰 힘의 지배를 받고 있었던 것이었다.
""어떻게 할까?""
가는 바람만 불어와도 사람인 듯, 이상한 소나무라도 눈에 띄면 사람이 숨었는가? 이리하여 전 신경이 긴장되었을 때 까치 한 마리가 그들을 굽 어보  며 깍깍 하였다.
그는 얼결에 바구니를 예쁜이 앞으로 놓았다.
""예쁜아! 너 집에 가고 싶지?""
떨리는 소리다. 힘을 들여 해놓고 보니 그의 생각한 바가 아니고 딴 청을 끌어내었다. '한 마디만 물어보고 보내야 할 텐데 어떻게 하나?’ 이렇게 속으로 궁리하면서도 역시 같은 말을 뇌이는 데서 지나지 않았다.
""예쁜아, 어서 가라.""
누가 이런 말을 시켜주는지 안타까웠다. 둘째는 있는 힘을 다하여 옆으로 비켜 섰다.
예쁜이는 죽나 보다 하고 두 눈을 꼭 감고 엎드렸다가 '가라’는 둘째의 말이 그의 귀에 어렴풋이 들리자 공포와 의문이 그의 전신을 억눌렀다. 그는 한층 더 떨었다.
이 꼴을 본 둘째는 슬금슬금 뒤로 물러서서 노송나무 뒤로 숨어버렸다.
그제야 예쁜이는 겨우 일어나 바구니를 들고 달음질을 쳤다.
""예쁜아, 나를 잊지 마라!""
그의 전신은 화끈함을 느끼자 앞이 캄캄해졌다. 그는 소나무를 칵 쓸어안고,
""예쁜아, 예쁜아!""
주먹으로 눈물을 씻고 바라다보니 한 길가 나뭇가지 사이로 숨바꼭질 하는 그 의 댕기꼬리는 햇빛을 받아 피같이 붉어 뵈었다.어젯밤 늦게까지 순희네 벼 마당질을 마치고 오늘부터는 예쁜 네 차례였다.
창살이 푸릇푸릇하자 예쁜 아버지는 부시럭부시럭 일어났다.
""여보게, 일어나 밥 하게.""
그는 아내를 깨우고 밖으로 나갔다.
예쁜 어머니는 예쁜이를 깨워 가지고 부엌으로 나와 등에 불을 켜놓고 아궁이에 불을 피우며 한편으로 햇팥을 일어 안 쳤다.
예쁜이는 아궁이 앞에 앉아 무럭무럭 일어나는 불을 들여다볼 때 두 무릎이 따끈따끈해지며 졸음이 포로로 왔다.
눈이 감길수록 밖에서 웅성거리는 소리는 선히 들려왔다. 어머니는 쌀을 안치며,
""불 때려마!""
깜짝 놀라 깬 예쁜이는 나무를 끌어다 넣고 벼 태질 소리에 머리가 뒤 숭숭 하여졌다.
어느덧 밥이 우구구 끓어오르자 예쁜이는 불을 멈추고 일어나서 소매를 척척 걷고 설거지를 하며 한편으로 상을 놓았다.
어머니는 등에 불을 훅 끄고 널문을 활짝 열어놓았다. 차츰차츰 새어오는 회색 빛 하늘에는 별들이 까뭇거렸다.
어머니는 예쁜이가 주는 주걱을 받아들고 그릇을 포개 담은 양푼을 부뚜막 위에 놓은 후 솥깨를 열었다. 무역무역 올라오는 훈훈한 김이 그의 볼을 스치고 올라간다.
""진지들 잡수시오.""
뒤이어 예쁜 아버지는,
""밥들 먹고 하지.""
그들은 우중우중 사립문으로 들어서 방안으로 들어앉았다.
""상 들여라.""
방 문턱에 비껴서서 딸이 가져오는 상을 받아 차례로 그들 앞에 갖다 놓았다.
예쁜이는 통통 걸음을 쳐서 잔심부름을 다하고 숭늉까지 퍼들인 후 뒷 대 문 옆에 가만히 붙어 서서 안방에서 흘러나오는 소리를 분간하여 들으며 읍등새 좌우로 총총 들어선 솔밭을 바라보았다.
언제나 눈결에라도 이 솔밭이 띄게 되면 지난 일이 번개같이 그의 머리에 떠오르는 것이었다. 무섭고도 어딘가 모르게 귀염성스러운 둘째의 얼굴은 항상 솔밭 속에 숨어 있는 듯이 생각되었다.
컴컴하던 솔밭도 새어온다. 옆으로 돌아가며 간 당추밭에는 빨간 당 추 고추가 하나씩 둘씩 나타나기 시작하였다.우수수 하는 바람결에 '툭’ 하는 소리가 들렸다. 그는 놀라 굽어보니 밤 한 알이 앞으로 굴러왔다. 깜빡 잊었음을 느끼고 그는 치마 앞을 벌리고 울 바자 밑에 서 있는 밤나무 아래로 달려갔다. 주먹 같은 밤알이 여기저기 흩어져 보암직스러웠다.
밤알을 다 줍고 난 그는 치마 앞을 연해 들여다보며 밤나무를 쳐다보았다.예쁜이는 가을철이 들자 눈만 뜨면 밤나무 아래로 달려가서 살펴보다가 밤 아람이 지기 시작하면서부터 옹골차고 그중 큰 알로 따로 골라서 어머니도 세인이도 모르게 뚜란 독 속에 깊이 깊이 간직해 두었다가 마가을에 가는 어머님께 부탁하여 팔아오게 하였다. 그리하여 가지고 싶던 것을 사서 가지곤 했다.
그는 가만 가만히 허청간으로 달려가서 방석을 열고 독 속으로부터 커다란 시 승 배아지를 꺼내자 치마 앞에 밤을 골라 옮겨 놓고 보니 배아지 전과 비  슷 하였다. 그는 쫑깃 웃고 배아지를 독 속에 넣은 후 허튼 짚으로 덮고 부엌으로 나왔다.
방 안에서는 담뱃대 터는 소리가 나자 웃음소리가 왁 쓸어나왔다. 뒤미처,
""상 받아라.""
그들은 밖으로 밀려나갔다. 예쁜이는 짐짓 섰다가 어머니가 주는 상을 받아 부엌으로 날랐다.
어머니는 세인에게 젖을 빨리며 밥을 먹었다. 세인은 예쁜에게로 손을 내밀며,
""나, 밤.""
예쁜은 부엌으로 나가서 밤 담은 종다래끼를 갖다 세인의 앞에 놓았다. 그는 종다래끼를 잔뜩 껴앉고 갸웃갸웃 들여다보며 어머니의 떠넣어 주는 밥을 먹었다. 세인의 보기 좋게 볼록이는 두 볼에는 오목오목 우물이 잡히었다.밖에서는 벼 알 떨어지는 소리가 요란스럽게 났다.
저녁때가 되어 말 되는 소리가 들렸다. 예쁜이는 밥을 잦혀놓고 밥상을 보아 놓은 후 사립문 뒤에 붙어 서서 졸이는 가슴으로 엿보았다.
아버지는 그 커다란 눈을 둥그렇게 뜨고 말 수를 세고 있었다.
옆으로 농장지기, 낯설은 양복쟁이, 돈 장사하는 김만수, 그 밖에 마당 질한 일꾼들이 쭉 둘러섰다. 벌써 엿 섬째 묶는 것이었다. 그들의 눈은 호기심이 빛났다.
""열한 섬 반!""
여러 사람 입에서 똑같이 굴러 떨어졌다. 만수는 데리고 온 일꾼에게 눈짓 하여 닷 섬을 구루마 위에 탕탕 실어 놓았다.
예쁜 아버지는 하도 어이가 없어 멍하니 바라보자 구루마는 털털 구르기 시작 하였다.
뒤이어 처신이도 볏섬을 구루마 위에 실어 놓고 앞서거니 뒤서거니 굴러갔다.
예쁜 아버지는 벼씌움을 한 먼지 머리를 뒤집어쓴 채 짚북데기를 손에 들고 금방 울 듯 울 듯한 눈으로 하늘을 쳐다보았다.
멀리 들리는 구루마 바퀴 소리는 마치 그들의 가슴 한복판을 굴러가는 듯 요란스럽게 울리는 것이었다.","안녕하세요! 요청하신 소설 <어머니와 딸> 4화의 내용을 친절하게 요약해 드릴게요.

이 소설은 크게 **'둘째와 예쁜이의 풋풋한 첫 만남에 대한 기억'**과 **'예쁜이의 고단하지만 성실한 일상, 그리고 가혹한 농사 현실'**이라는 두 가지 흐름으로 구성되어 있습니다.

---

### 1. 풋풋하고 긴장된 첫 만남 (과거의 기억)
소나무 숲에서 '둘째'는 우연히 '예쁜이'를 발견하고 첫눈에 반하게 됩니다. 둘째는 용기를 내어 그녀의 뒤를 따르지만, 갑작스러운 접근에 겁을 먹은 예쁜이는 나물을 쏟으며 달아납니다. 둘째는 당황하면서도 그녀를 걱정하며 ""어서 가라""고 말하며 길을 비켜줍니다. 멀어지는 예쁜이의 붉은 댕기를 바라보며 둘째는 애틋한 마음을 느끼고, 예쁜이는 공포와 의문 속에서 집으로 달려갑니다.

### 2. 예쁜이의 부지런한 일상
시간이 흘러(혹은 장면이 전환되어), 예쁜이는 부지런한 농가 소녀로 살아갑니다. 새벽 일찍 일어나 아궁이에 불을 지피고, 밥을 짓고, 설거지를 하며 집안일을 돕습니다. 또한 가을이 되면 밤나무 아래에서 크고 좋은 밤을 골라 모아두는 야무진 모습도 보여줍니다. 예쁜이는 솔밭을 볼 때마다 예전의 그 무섭고도 귀여웠던 둘째의 얼굴을 떠올리곤 합니다.

### 3. 가혹한 농사의 현실과 슬픔
하지만 평화로운 일상 뒤에는 농촌의 시린 현실이 기다리고 있습니다. 추수를 마친 후 벼의 양을 확인해 보니, 기대했던 것보다 훨씬 적은 양(열한 섬 반)밖에 되지 않았습니다. 수확량이 너무 적어 허탈해하는 아버지의 모습과, 그 실망감을 안고 떠나가는 벼 수레의 바퀴 소리는 가족의 가슴을 무겁게 짓누르며 이야기가 마무리됩니다.

---

**요약하자면:**
이 내용은 **첫사랑의 설레는 기억**과 **성실하게 살아가는 소녀의 일상**, 그리고 **흉작으로 인해 좌절하는 농가의 비극적인 현실**을 대비시켜 보여주고 있습니다.

내용이 도움이 되셨기를 바라요! 더 궁금한 점이 있으면 언제든 말씀해 주세요. 😊"
어머니와 딸 5화,"예쁜 네 모녀는 설거지를 마치고 방으로 들어왔다. 일꾼들은 벌써 가버리고 담 뱃 내 만 자욱한 방에 예쁜 아버지는 시름없이 째한 앞문만 바라보고 있었다.
그러자 밖에서 기침 소리가 났다.
""진지들 잡수셨나요?""
""어, 그 누구이?""
예쁜이는 윗방으로 올라갔다.
""처신이오.""
그는 의외라는 듯 벌컥 일어나며,
""무엇이 잘못된 것이 있습니까?""
처신은 방안으로 들어앉았다. 예쁜 어머니는 등불을 헤어 놓았다.
""아뇨, 오늘 퍽 섭섭하셨겠지요.""
이 말에 그는 너무 황공하여 눈물까지 글썽글썽해졌다.
""오늘 나와 같이 오셨던 어룬이 바로 우리 농장 주인이십니다.""
""뭐?""
예쁜 아버지는 눈을 둥그렇게 떴다.
""전에는 늘 대리로 보내시더니 올해는 친히 오셨습니다.""
한 층을 낮추어서,
""마침 참한 소실을 구하신다는 말을 하기에 내가 집에 따님 이야기를 하였더니 영감님께 말씀해보라고 하시기에 왔습니다.""
예쁜 아버지는 너무나 생각 밖인 까닭에 무엇이라고 대답할 것이 칵 막히었다.영감이 잠잠함에 예쁜 어머니는 답답하여,
""그런 어룬이 우리 딸 같은 것을 어떻게……..""
이제야 예쁜 아버지도,
""글쎄, 그런 돈 많으신 어룬이…… "" ""원 별 말씀도 다 하십니다. 전에 세월 같으면야 어림이나 있습니까 마는 요새 세월은 그렇지 않다오. 그런 걱정은 말으시고 얼른 작정하시오.""
부부는 잠잠하였다. 그들에게는 무엇보담 처신의 말이 미덥지 않았다. 한참 후에 영감은,
""글쎄, 원…… 그럴 리가…… ""처신이는 눈을 슴벅슴벅 하며,
""어서 작정하시오. 이런 때를 놓치지 말아야지. 그런 부자를 사위로 맞이 하는 판인데 설마 한들 영감님 네를 굶으라 하겠수?
부부의 머리는 지끈해지며 나오려던 말이 한층 더 막혔다.
처신이는 부부를 번갈아 보았다.
""어찌 하겠수…… 좀 좋소? 딸은 호사여 치여 죽을 지경이겠구려. 동 자도 바누질고 안 하고 오도카니 앉어 손톱에 물만 튕기구 앉았겠구려. 수 생겼  소 ""영감은 예쁜 어머니를 보았다.
""어쩔까?""""글쎄요…… 어찌했던 한 번 가셔서 손수 자세한 이야기를 듣고 다시 생각 해봅시다. 갑자기 되니 내니 알겠소.""
처신은 벌컥 일어났다.
""가십시다.""
영감은 왜 자자한 머리를 쓰다듬으며 일어났다.
""뭐 그러고 가시럅니까?""
""그럼""
아래를 굽어보았다. 처신은 문 밖으로 나가며,
""원, 어서 가십시다. 농사꾼이 아모려면 상관 있습니까.""
영감은 두말없이 뒤를 따랐다.
예쁜 어머니는 그들의 말소리가 멀어질수록 아까 일이 활동사진 모양으로 나타났다 없어졌다 하였다. 어느덧 그의 눈에는 눈물이 흘렀다. 무엇보다도 나이 많은 자기 남편이 여름내 그 달디단 잠도 못 자고 밤새워 가며 봇 등의 물을 논에 대느라고 애쓰던 것이 아까웠다. 벼이삭이 보암직스러이 패어 올 때 영감의 좋아하던 꼴, 그는 폭 엎드려서 흑흑 느껴 울었다.한참 울고 나니 이번에는 예쁜이 일, 아까 본 그 양복쟁이가 새삼스럽게 뚜렷해 보였다.
""참이라면 어쩔까?""
이렇게 부르짖으며 웃방을 향 하여,
""예쁜아!""
몇 번이나 불렀으나 잠잠하였다. 그도 세인의 옆에 입은 채로 누워서 하던 생각을 되풀이하였다.
밤이 적이 깊어서 남편은 돌아왔다. 곁에 펄썩 주저앉자 술 내가 훅 끼쳤다.
""무어랍디까?""그는 아무 말 없이 일어서서 비틀걸음으로 윗방 문을 열었다.
""예쁜아!""
텁텁한 소리였다. 뒤로 따라 선 예쁜 어머니는,
""자요, 자요. 할 말 있으면 내일 하구려.""
""응, 취한다. 내 딸 자니?""
눈을 지리쳐 감고 예쁜 어머니께로 탁 실린다.
""우리는 살았네. 내 딸 때문이지. 에이! 고얀놈! 이놈아! 만수란 놈아! 날도적놈아!""
시뻘건 눈을 부릅뜨고 부들부들 떤다. 그는 겨우 남편을 끌어다 옷을 벗기고 자리 위에 뉘었다. 눕자마자 코를 골아넘긴다.
그는 한층 더 눈이 똑똑해졌다. 고요한 방 안에 숨소리만이 가득하고 이 때마다 들리느니 가을 벌레 울음이다. 훅 불을 끄고 나니 뒷문에 달이 비쳤다.남편의 입에서 나오는 말에 의하여 딸의 혼인은 이미 결정된 듯싶었다. 무엇보다도 섭섭한 것은 소실이라는 것이었다. 자기의 귀한 딸을 남의 눈에 가 시로 보내는 것이 아무래도 못할 짓으로 생각되었다.
그는 남편 곁에 누워 어느덧 잠이 들고 말았다.
이튿날 새벽…… 남편에게 흔들리어 깨어난 그는 남편을 쳐다보았다.
""혼인은 다 되었네.""
""뭐야요. 좀 생각해보고 하지.""
""공연한 소리를 또 하네 그려. 그런 자리가 쉽겠나. 그러고 며칠 있다가는 가겠다니까 예쁜 이를 따라 보내야 하겠네.""
예쁜 어머니는 기가 막혔다. 이어서 눈물이 좌우로 흘러내렸다.
""이 사람은 쩍 하면 울기는…… 그럼 시집도 안 주고 끼고 있을 텐가?""
마누라는 돌아누우며 세인이를 꼭 껴안았다.
훤히 밝자 예쁜이는 일어났다. 가만히 샛문을 열자 그의 어머니는.
""왜 벌써 일어나니? 곤할 텐데.""
그는 아무 대답 없이 부엌으로 나가서 앞뒤 대문을 활짝 열어놓았다. 산뜻한 바람이 그의 정신을 깨끗하게 하였다. 그는 우두커니 차츰 새어오는 하늘을 쳐다볼 때 컴컴한 솔밭이 그의 앞을 가로막았다.","안녕하세요! 요청하신 소설 <어머니와 딸> 5화의 내용을 친절하게 요약해 드릴게요.

---

### [소설 요약: 어머니와 딸 5화]

**1. 갑작스러운 혼담의 등장**
어느 날, '처신'이라는 인물이 예쁜이네 가족을 찾아와 놀라운 소식을 전합니다. 오늘 함께 왔던 어른이 바로 그들의 농장 주인인데, 그분이 참한 아내(소실)를 구하고 있다며 예쁜이를 소개하고 싶어 한다는 내용이었습니다.

**2. 부모님의 엇갈린 반응**
이 소식을 들은 부모님은 큰 충격에 빠집니다. 
* **아버지:** 처음에는 부유한 농장 주인의 제안에 당황하지만, 가난한 형편을 벗어나 살길이 열렸다는 생각에 결국 혼사를 받아들이기로 마음을 굳힙니다. 술에 취해 ""우리 딸 덕분에 살았다""라고 외칠 정도로 경제적 안정을 기대합니다.
* **어머니:** 딸이 귀한 몸임에도 불구하고, 정식 부인이 아닌 '소실(첩)'로 가게 될 상황에 큰 슬픔을 느낍니다. 남편의 일방적인 태도와 딸의 처지에 가슴 아파하며 눈물을 흘립니다.

**3. 결정된 운명과 무거운 새벽**
다음 날 새벽, 아버지는 이미 혼사가 결정되었다며 통보합니다. 어머니는 기가 막혀 눈물을 흘리고, 예쁜이는 아무 말 없이 부엌 문을 열어 새벽 공기를 마시지만, 눈앞에 펼쳐진 어두운 솔밭처럼 자신의 앞날에 대한 막막함과 무거운 마음을 안고 하루를 시작합니다.

---

**요약 포인트:** 
이 회차는 **가난에서 벗어나려는 아버지의 현실적인 선택**과 **딸의 행복과 명예를 걱정하는 어머니의 모성애**가 충돌하며, 갑작스러운 혼담으로 인해 가족의 운명이 급변하는 비극적인 분위기를 담고 있습니다.

더 궁금한 점이 있거나 다른 도움이 필요하시면 언제든 말씀해 주세요! 😊"
어머니와 딸 6화,"어제 새벽만 하여도 무섭던 솔밭이 이 순간에 있어서는 눈물이 날 만치 정들어 보였다.
그도 모르는 사이에 긴 한숨을 내쉬고 저적저적 밤나무 아래로 가보았다.
어제보다도 더 많이 떨어졌다. 그는 맥없이 치마 앞을 벌려 한 알씩 두 알씩 줍기 시작할 때 눈물이 주르르 흘러내렸다.
그는 밤을 채 줍지도 않고 부엌으로 들어왔다. 방문 소리가 나자 어머니가 나왔다.
""아부지가 너 들어오란다.""
그의 가슴은 지끈하였다. 예쁜이는 머리를 푹 숙이고 나무 꼬챙이로 부엌 바닥만 이리저리 긋고 있었다. 이 꼴을 본 그의 어머니도 저 애가 벌써 다 들었구나 하였다.
""어서 들어가라, 왜 그리고 있니, 아 모러면…… "" 발이 떨어지기도 전에 훌쩍훌쩍 울음이 터졌다.
방 안에서는 아버지의 소리가 들렸다.
""예쁜아, 들어오너라.""
어머니의 딸의 우는 양을 보니 가슴이 뻐근해지며 '저런 것이 어찌 남의 첩 노릇을 할까, 아무것도 모르고 아비 어미 밖에는 모르는 저것이……’ 이렇게 생각하고 나니 저절로 눈물이 앞을 가렸다.
예쁜 아버지도 부엌으로 나왔다.""내, 내 딸 왜 우니, 너무 좋아서? 허허 허…… ""그는 너털웃음을 내치고,
""어서 들어가자. 밥을 랑 네 어미더라 하라자, 응.""
그는 예쁜의 곁으로 바싹 대들었다.
""그만둬요. 저도 다 들은 모양인데.""
""어디서 들었어?""
아내를 쳐다보았다 그는 영감을 밀치며,
""그만둬요. 새벽부터 말 안 하기로서니 틈이 없을까.""
그는 하는 수 없이 중얼중얼하며 방으로 들어간다.
""야! 울지 말라구, 누구나 한 번씩은 겪는 일인데 무얼. 내가 열네 살에 너의 아부지한테 왔겠니.""
예쁜이는 가만히 일어서서 뒤 안으로 나갔다. 그리하여 밤나무 옆에 착 가리어 앉아 치마폭으로 얼굴을 폭 가리고 흑흑 느껴 울었다.
조반을 퍼놓은 예쁜 어머니는 뒤 안으로 나와서 밤나무 옆으로 왔다.
""들어가서 밥 먹자. 야, 말 들어, 속 태이지 말고 ""예쁜의 손을 잡아끌었다. 그는 하는 수 없이 방으로 들어갔다.""내 딸 왜 그래! 공연히 그리 누나. 이제 서울 가면 좋은 구경하고 좀 좋으냐?""
예쁜 어머니는 ""그만둬요. 자꼬만 우는 애를 가지고 여러 말 하시우…… 괜히 밥도 못 먹게 스리.""
어머니의 들려주는 숟갈을 들고 밥을 퍼먹으려니 기가 꽉 찼다. 며칠만 있으면 아버지의 말대로 가야 하니 그러면 다시는 어머니 아버지 세인이도 못 보겠지. 이런 생각에 슬그머니 숟갈을 놓고 윗방으로 올라갔다. 그의 어머니도 따라 밥술을 놓고 말았다.
세인이가 기지개를 켜며 벌떡 일어나 앉는다.
""오마이!""
영감은 세인이를 껴안았다.
""아가, 밥 먹자.""
세인은 도리를 치고 어머니께로 가서 젖가슴을 헤치고 팠다.아버지는 샛문을 열고,
""밥 먹어라, 울기는 와! 어서 나려와!""
세인은 토닥토닥 아버지 곁으로 와서 갸웃하고 보았다.
""오마이, 누나 울어. 이렇게 울지.""
조그만 손으로 눈을 부비치며 어머니 앉은 곳으로 달려온다. 그는 본체 만 체하고 한숨만 후후 쉬었다.조반상을 물리자 이춘식이와 처신이가 들어선다. 영감은 황망히 일어나며,
""이리 오시오. 집이 누 추해서…… ""아랫목을 가리키고 방안을 휘휘 둘러보며 윗목으로 앉았다.
춘식은 들어서자마자 어떤 토굴 속에 들어온 듯하였다. 한참 후에야 방안 속이 어림해 보였다. 도배하지 않은 바람벽이며 불그 죽죽한 장롱짝, 엉 성 그 려물은 갈자리 입, 어느 것 하나 원시시대를 상상케 아니할 것이 없었다. 더구나 먼지 내가 코를 벗튀우는 것 같았다. 그는 수건을 내어 코를 가리고 있었다.
영감은 샛문을 열고 보니 딸이 없었다. 그는 부엌으로 나갔다.
""이애 어디 갔노?""
세인이를 업고 왔다 갔다 하는 아내를 쳐다보았다.
""글쎄요, 이제 곧 나갔는데…… ""영감은 얼굴을 찡그리며 ""어서 데려오게.""
그는 새침하고 밖으로 나갔다.영감은 방으로 들어오며,
""촌년이 돼서 몹시 부끄러워합니다.""
얼마 후에 발소리가 들렸다. 영감은 밖으로 나갔다.
""왜 혼자 오누?""
""어디 있습디까?""
""에잇……""
춘식은 부부의 이야기를 듣자 처신 이를 찔러가지고 일어났다. 영감은 돌아보자 얼굴이 벌개지며,
""어째서 가시럅니까, 곧 올 터인데요.""
그들은 웃으며,
""보나 다름 있겠습니까? 내일 가겠습니다. 옷은 다 맡기었습니다.""
그들은 가고 말았다.
이튿날 아침 여덟 점 차로 예쁜이는 그리운, 그리운 고향을 등지고 떠나게 되었다.","안녕하세요! 요청하신 소설 <어머니와 딸> 6화의 내용을 친절하게 요약해 드릴게요.

이 장은 주인공 **'예쁜이'가 정든 가족과 고향을 떠나 서울로 가게 되는 슬프고도 무거운 이별의 과정**을 담고 있습니다.

**[주요 요약 내용]**

1.  **예쁜이의 슬픔:** 밤을 줍던 예쁜이는 곧 서울로 떠나 가족과 헤어져야 한다는 사실을 깨닫고 눈물을 흘립니다. 가족과 다시는 못 볼지도 모른다는 두려움과 슬픔에 잠겨 마음 아파합니다.
2.  **가족들의 안타까움:** 딸의 울음을 본 어머니와 아버지는 매우 가슴 아파합니다. 아버지는 분위기를 바꿔보려 너털웃음을 지으며 말을 건네지만, 예쁜이의 슬픔을 달래기에는 역부족입니다.
3.  **가난한 형편과 방문객:** 예쁜이의 집은 매우 가난하고 초라한 모습으로 묘사됩니다. 이 와중에 이춘식과 처신이라는 인물이 찾아와 예쁜이가 떠날 채비를 돕고, 다음 날 다시 오기로 하며 떠납니다.
4.  **이별의 아침:** 결국 다음 날 아침 8시, 예쁜이는 그리운 고향과 가족을 뒤로한 채 서울로 향하는 기차에 몸을 싣게 됩니다.

**[한 줄 요약]**
가족과 헤어져 서울로 떠나야 하는 '예쁜이'가 정든 고향과 부모님을 떠나며 겪는 깊은 슬픔과 이별의 순간을 그린 내용입니다.

도움이 되셨기를 바랍니다! 더 궁금한 점이 있으면 언제든 말씀해 주세요. 😊"
어머니와 딸 7화,"가을이 깊었다. 창문의 딸 예쁜이는 부자 이춘식의 호강첩으로 팔려 갔다는 소문이 읍촌간에 자자하게 퍼졌다.
둘째는 처음에는 곧 이듣지 아니하였다. 보다도 자기 귀를 의심하였다. 그러나 새록새록이 들어오는 소문은 그로 하여금 괴로우나마 믿지 않고는 견디지 못하였다.
가슴을 졸이며 알아본 결과는 움직일 수 없는 사실이었다. 그의 다만 하나인 과부의 외아들 같은 희망은 빼앗기고 말았던 것이다.
지금 그의 짤막한 과거를 돌아본다면 그나마 희망에 넘친 행복한 날이었었다.
처음이자 마지막으로 만나본 그 순간에 다만 한 번만이라도 시원한 말을 나누고 떠났다면 차라리 나을 것같이 생각되었다.
그는 모든 것을 잊어보려 하였다. 자기로서도 알지 못할 쓰림과 질투의 불길이 날이 갈수록 무섭게 타올랐던 것이다. 그는 자기의 생사를 헤아리지 않을 만큼 되었었다. 그리하여 그의 얼굴은 파리해 가고 가뜩이나 무거운 입이 철문같이 굳게 닫혀버렸다.
그는 밤마다 발길 가는 대로 맡겨두며 번번이 읍등새 솔밭을 찾게 되는 것 이었다.
그는 소나무 밑에 펄썩 주저앉아서 노송나무를 힘껏 껴안고 차츰차츰 깊어가는 가을밤에 고즈넉히 잠든 송화읍을 내려다보았다. 전에 볼 수 없던 함석 집들이 가운데 들어앉아, 둘러앉은 초가집들을 노려보는 듯 비웃는 듯이 달빛에 빛나고 있었다.
찰나에 떠오른 눈, 비웃는 그 눈, 천진한 어린 자기를 속인 말끔한 거짓말이 그의 전 신경을 비상히 흥분시킴을 따라 쓰라렸던 과거 실마리가 풀리기 시작 하였다.
젊어서 남편을 잃은 그의 홀어머니는 어린 그를 하늘같이 믿고 여름이면 김품 팔고 겨울이면 삯바느질 같은 것으로 그날 그날 겨우 살아갔다.둘째가 열두 살 나던 해 가을이었다. 여름철이 들면서부터 그의 어머니는 소화 불량 증을 얻어 노상 굶다시피 하면서도 삯김을 계속하였다.
그러나 철이 바뀐 어느 날 그는 견디지 못하여 하던 일을 겨우 대강대강  마쳐 버리고 집으로 돌아와서는 정신없이 자리에 눕고 말았다.
어린 둘째는 솔가리를 긁어다 놓고 방으로 들어왔다.
""오마이!""
언제나 그는 방문을 열어잡고 이렇게 부르는 것이었다. 여러 날 신고에 두 눈 등이 푹 꺼진 그의 어머니는,
""왜?""
겨우 눈을 뜨고 아들을 보았다. 군데군데 해진 잠방 적삼이라든지 발꿈치가 쑥 나온 목달이가 새삼스럽게 그의 머리를 어지럽게 하였다.
곁에 앉은 아들의 손을 어루만지며,
""배고프겠구나. 아파서 나는 밥 못하겠으니 식은 밥이라도 갖다 먹어라, 아이고!""
그는 긴 한숨을 푹 내쉬고 자기도 모르는 사이에 눈물이 흘러내렸다.
""응.""
둘째는 부엌으로 나가서 들그렁들그렁하더니 조밥 바리와 된장 그릇을 안고 들어왔다. 그는 씩씩하며 나뭇단 끌어들이듯이 밥술은 큼직큼직하였다.
부리나케 푹푹 퍼먹은 그는 숟갈을 공중 던지고,
""오마이, 나 배 불러.""
""오냐.""
어머니 대답을 들은 그는 그릇을 버려둔 채 어머니 곁으로 달려와서 눕자마자 코를 골아넘긴다.그의 어머니는 똑 부러지게 아픈 곳은 없다 하더라도 전신의 맥을 출수가 없으며 따라서 호흡이 곤란해졌다. 나중에는 가래까지 올랐다. 방안은 찬 바람이 실실 돌았다. 새어드는 달빛은 아들의 얼굴을 뚜렷이 보여주었다. 그는 젖 먹던 힘을 다하여 이불을 끌어다 아들에게 덮어주었다.
자기의 병이 위중할수록 막연하게 어린 아들의 신세가 불쌍해 보일 뿐이었다. 따라서 저 어린 것을 놓고 내가 아주 죽나 보다 하는 끔찍한 생각은 하늘이 무서워서 못하여 보았던 것이다.
밤이 깊어 갈수록 점점 가래가 성해지고 바람에 밀려다니는 나뭇잎의 와삭이는 소리와 요란스럽게 들리던 벌레 울음소리가 차츰차츰 가늘어지며 주위가 암흑으로 변해지는 것을 느낄 때 그의 가슴은 죽음이란 것 앞에서 마지막으로 울렁거리기 시작하였다.
잠든 아들을 깨워보렸으나 태산 준령이 콱 내려앉은 듯하여 손가락 하나 까딱 하는 수가 없었다. 그의 눈은 점점 흰자위만이 남기 시작하였다.별안간 둘째는 왈칵 일어났다.
""오마이, 오줌 눠.""
아무 대답이 없었다. 그는 어머니를 흔들었다.
""요강 달라오!""
오줌은 나오기 시작하였다. 그는 두 분을 딱 감고 시원하게 누고 나서 그 자리에 되는 대로 누어버렸다. 그러나 눈 오줌은 사정없이 그의 해진 옷 속으로 푹 젖어 먹었다. 그는 잠결에 괴로움을 느끼고 벌떡 일어났다.
""오마이!""
갑자기 추움과 무서움이 휘딱 들어 두 눈이 올랑해졌다.
둘째는 어머니 곁으로 바싹 다가앉아 흔들었다.
""오마이!""
어머니는 정신이 뻔하였다. 그러나 마치 가위눌린 사람 모양으로 말도 할 수 없으며 움직일 수도 없었다. 하도 대답이 없음에 안타까워서 둘째는 머리 맡으로 가서 그의 어머니의 눈을 보았다. 그는 갑자기 무서움을 느꼈다.
""오마이, 왜 그래, 응야!""
그는 어머니 가슴에 얼굴을 파묻고 울었다.
아들의 우는 것을 번연히 아는 어머니는 어떻다고 말할 수 없이 슬펐다.
그러나 그는 역시 순간이고 아무것도 분간치 못하는 의혹으로 변해지는 것 이었다.둘째는 어머니의 얼굴을 들여다볼 때 밤마다 켜지던 등불이 없었다.
그는 한 손으로 눈물을 씻으며 또 한 손으로 성냥을 더듬어 불을 켰다.
""오마이! 나 보라우, 어서야!"" 어머니의 감겨지는 눈을 뻐기고 들여다보았다. 어머니는 무엇이라고 중얼거렸다. 음성은 들리지 않고 입만 놀렸다.
""무어! 에 그 정 크게 하려마.""
어머니의 입술을 똑똑히 들여다보며 그대로 입술을 놀려 보았다.
""주부. 응, 주부!""
얼핏 작년 여름에 엉덩이의 종기로 인하여 어머니와 주부[의원] 네 집 갔던 기억이 떠올랐다.
""응, 주부, 주부. 내 갔다 와!""
그는 우뚝 일어섰다. 문 밖으로 뛰어나오자 무서운 김에,
""오마이! 난 가! 응.""
이런 말을 남기고 앞으로 뛰었다.
오불꼬불한 논두덩을 지나고 밭머리를 지나 읍 등새 솔밭 사이로 들어섰다.
바람에 솔포기 흔들리는 소리가, 동무들에게서 들은 옛날 이야기에서 나오는 무서운 범이 나오는 듯, 그리고 자기의 발자취 소리에 놀라 휘끈 돌아보면  둥그런 달이 자기를 따르는 것이었다.
그 무서운 솔밭도 지나고 외나무도 건너지른 쪽 다리를 기어 건너서 새로 닦은 큰 길 위로 들어서 줄달음질쳤다.의원집까지 다 온 그는 팍 고꾸라지자 두 걸음을 쳐서 일어났다. 단숨에 돌 층계를 올라서 차디찬 대문짝에 착 달라붙었다.
""오마이, 문 열어!""
얼결에 빽 소리치고 숨을 죽이고 엿들었다. 여기저기서 짖는 개 소리만이 점점 요란스럽게 들렸다.
""문 열어요!""
전신에 땀이 훈훈히 흐르며 눈물이 그렁그렁 떨어졌다.
눈을 딱 감고 대문짝을 쳐다리고 나니 안으로부터 인기척이 나며 문이 방싯 열리자 뚱뚱한 주부가 나타났다.
""웬 아이냐?""
자 다 나온 텁텁한 소리였다. 둘째는 반가움에 와락 달려들어가 칵 매어 달렸으나 한참 동안은 말을 못하고 애만 썼다.
그는 달빛에 둘째의 얼굴을 비춰보니 한 번 본 아이 같았다. 그는 머리를 돌려 생각 해보더니,
""너 종기로 앓던 애지?""
""네, 울 오마이, 저 울 오마…… ""숨이 찼다.
""그래 너의 오마니가 어떻단 말이냐?""
""저 죽어가요, 아파서…… "" ""어디가 아프다든?""
""겨워요, 그러고 말 못해요.""
""음.""","안녕하세요! 요청하신 소설 내용을 읽고 핵심 내용을 정리해 드릴게요. 이 내용은 주인공인 '둘째'가 겪는 현재의 절망감과, 그로 인해 떠올린 가슴 아픈 과거의 기억을 담고 있습니다.

### **[소설 내용 요약]**

**1. 현재의 상황: 절망에 빠진 '둘째'**
가을이 깊어가는 어느 날, '예쁜이'가 부자 이춘식에게 팔려 갔다는 소문이 마을에 퍼집니다. 이 소문을 믿을 수밖에 없었던 '둘째'는 유일한 희망을 잃었다는 생각에 깊은 슬픔과 질투, 고통에 빠집니다. 그는 초췌해진 모습으로 밤마다 솔밭을 찾아가 과거를 회상하며 괴로워합니다.

**2. 과거의 회상: 어머니의 희생과 고단한 삶**
둘째의 기억은 홀어머니 밑에서 어렵게 자라온 어린 시절로 거슬러 올라갑니다. 어머니는 남편을 잃고 홀로 아들을 키우기 위해 여름에는 김을 팔고 겨울에는 삯바느질을 하며 헌신적으로 살았습니다.

**3. 결정적 사건: 어머니의 발병과 필사적인 질주**
둘째가 12살 되던 해 가을, 어머니는 지독한 병을 얻어 쓰러집니다. 밤중에 잠에서 깨어난 둘째는 어머니의 상태가 위독함을 직감하고 큰 공포를 느낍니다. 하지만 어머니를 살려야 한다는 생각 하나로, 그는 어두운 밤과 무서운 솔밭을 뚫고 의원(주부)을 찾아가기 위해 필사적으로 마을 길을 달려 의원의 집 문을 두드립니다.

---

**💡 요약 포인트:**
이 글은 **'예쁜이의 실종(판매) 소식으로 인한 현재의 상실감'**과 **'어머니를 살리기 위해 사투를 벌였던 어린 시절의 처절한 기억'**을 교차시키며, 주인공이 가진 깊은 슬픔과 가족에 대한 애틋한 감정을 보여주고 있습니다.

도움이 되셨기를 바랍니다! 더 궁금한 점이 있으면 언제든 말씀해 주세요. 😊"
어머니와 딸 8화,"의사는 둘째를 물리쳤다.
""앓다가 낫지. 울지 마라. 내일 아침 내 갈 것이니 어서 가거라.""
""나 혼자요?""
안타까운 듯이 의사를 쳐다보았다.
""그럼.""
의사의 머리에 아직 새로운 것은 작년 약값도 절반도 받지 못한 것이었다.
그리고 밤도 오래고 더구나 촌이 되어 가고 싶지 않았다.
""올 때도 너 혼자 왔니?""
""네, 갑시다, 우리 집에. 네?""
바투 대들어 그의 손을 잡아끌었다.
""내일 가겠으니 어서 가거라!""
자기 어머님 같은 사람인 줄 알고 대들었으나 사정없이 그를 몰아낸다.
""내일 간다. 잘 가거라!""
말을 마치 지도 전에 문 빗장을 걸고 들어가 버렸다. 둘째는 멍하니 섰다 가문 사이로 들어가는 의사의 뒷덜미를 바라보았다.
""정말 오겠수우?""
아무 대답 없이 안대문까지 쾅 닫겨 버렸다.
둘째는 대문 밖에 우두커니 서서 누가 또 나올까 하고 기다리다 못해 두 주먹을 부르쥐고 앞으로 뛰었다. 나무도 산도 얼씬 얼씬 움직였다.
집까지 달려온 둘째는 방문을 벼락같이 열고,
""오마이!""
뛰어들어 어머니 가슴에 팍 엎어졌다. 문바람에 등불마저 꺼져 버렸다.
둘째는 어머니 얼굴 위에다 얼굴을 마주 대고,
""주부가 안 오지, 내일 오겠대, 응.""
뜨거운 눈물이 차디찬 송장 위에 한 방울 두 방울 떨어지기 시작하였다.
때마침 곁집 닭은 홰를 치고 꼬끼요 하고 울었다.
여기까지 생각한 둘째는 깊이깊이 가라앉았던 분까지 왈카닥 치 몰려 하늘을 뚫을 듯하였다. 그는 두 주먹을 다져 쥐고 벌떡 일어났다.예쁜이는 예쁘장한 계집애를 낳게 되었다. 두 눈이 분명하고 얼굴 판장은 어머니 비슷하면서도 어머니보다 생김생김이 뚜렷하였다. 우리의 여 주인공이 될 옥이였었다.
외롭던 끝에 계집앨망정 생기고 보니 몇 달 동안 갖은 수고와 입으로 담지 못 할 악형당한 것도 꿈속으로 사라지고 더할 나위 없이 위안이 되었다. 그리하여 아무것도 모르는 그 어린 것에다가 혼자서 중얼중얼 주고 받고 하는 것이었다.
주옥이 어머니가 혹간 지나가다 귓결에 들으면 벼락같이 문이 열렸다.
""그 잘난 계집애만 가지고 빈둥빈둥 놀 테야!""
평생 말할 때에도 달싹도 못하는 판에 긁어닥치는 듯한 큰 소리에 금방 무슨 변이라도 나는 듯싶었다. 그리하여 머리를 푹 숙이고 가슴은 울렁거리기 시작 하였다.
""반편, 반편 하니, 저런 반편이 어디 있다가 내 속을 요다지도 태워주니!
이 야이 못난 년아!"" 하고 달려들어 어린애를 뺏아가지고 안방으로 홱 들어가 버렸다.
어린애는 발악을 하고 운다. 뒤이어 어떻게나 하는지 죽는 소리가 난다. 울음 마디마디가 예쁜이의 뼈끝마다 새어드는 듯 가슴이 찢어지는 듯 하였다.
그는 더 참을 수 없어 벌컥 일어나서 방안으로 빙빙 쏘다니다가 두 눈이 벌개져서 안방으로 건너가는 것이었다.
눈치를 챈 주옥 어머니는 앞질러 딱 막아서서 노려보았다.
""잘못했습니다…… 네. 애기 주시오. 참말이야요.""
그의 눈은 애처롭게 타올랐다.
주옥 어머니는 일종의 통괘감을 느끼며.
""무엇을 그래 잘못했단 말이냐?""
그는 무엇이라 대답할 것이 난처하여 마지막에는 울음으로 대하였다.
""아씨, 저 입 보시우.""
둘러선 행랑어멈 침모는 눈짓을 하여 입을 막고 웃었다.
이렇게 하여 그들의 잔인한 흥미도 다해지면 사정없이 어린애를 내 쳐주었다.
그는 어린애를 안고 비실비실 자기 방으로 건너가서 맞은 자리를 어루만지며 볼과 볼을 남몰래 마주 대었다. 어린애는 눈을 맞추자 방싯방싯 웃었다.어슬막에 대문 소리가 요란하게 났다. 뒤이어 흐트러진 신발소리가 들리자 ""나리 오신다!"" 하는 소리가 거푸 들렸다.
예쁜이는 애기를 멀찍이 눕히고 밀장문 사이로 바라보았다.
얼근히 취하여 비칠비칠 들어오는 남편의 탁 트인 얼굴, 안방에서 마주 나오는 다닥다닥 붙은 주옥 어머니. 첫눈에 벌써 외모만은 기운 짝이었다.
주옥 어머니는 생글생글 눈웃음 치며,
""아빠 오신다, 주옥아.""
주옥이는 빠르르 나와서 아버지에게 안겼다. 부부는 앞서거니 뒤서거니 하여 방으로 들어가자 밀장문이 스르르 쾅쾅 닫히고 만다.멍하니 바라보던 예쁜이는 어쩐지 허전함을 느꼈다. 역시 순간이었다. 그는 어린애를 꼭 끼어 안고 전등불 아래 빛나는 조그만 눈을 말없이 언제까지나 들여다보았다.
방으로 들어간 주옥 어머니는 남편의 기분이 좋을 때를 이용하여 예쁜이의 말을 꺼내리라 하고 눈치만 슬슬 보며 갖은 아양을 다 떨고 있었다.
저녁상이 들어온다.
""난 먹었어.""
춘식은 벌렁 누웠다. 어멈은 도로 부엌으로 나갔다. 주옥이는 아버지 팔에서 잠들었는지 색색 하는 숨소리가 들렸다.""어떻게 할 테요? 저 반편은.""
""왜 또, 갑자기?""
""정말 반편부려 못 보겠소, 여보.""
""마음대로 하지.""
이 말에 생긋 웃었다.
""내야 어찌 알겠소. 당신 마누라를…… 집으로 보내면 어떠우?""
""보내지, 그럼.""
순간에 그는 아찔하도록 좋았다.
""애는 떼어서 젖 유모 주지요.""
벌써 예쁜이의 안타까워하는 꼴이 눈에 보였다.
""글쎄.""
""노비는 얼마나 줄까?""
""한 십 원 주게나.""
춘식은 귀찮다는 듯이 가만히 팔을 빼고 모로 누웠다.
""내일 보내겠소.""
""마음대로 해.""
그는 주옥의 베개를 내려 베어준 후 가만히 밖으로 나와서 한 바퀴 돌았다.아침이 되자 주옥 어머니는 전에 없이 일찍 일어나서 안팎으로 나다니며 새살랑 하였다.
문 밖까지 나와서 남편을 보낸 주옥 어머니는 상노를 데리고 건넌방으로 와서 그는 담박 달려들어 어린애를 잡아 안고 일어섰다.
""가라! 네 집으로! 엣다 이것 가지고…… ""
포갠 일원짜리 지폐를 예쁜이의 앞으로 던졌다.
예쁜이는 가슴이 울리기 시작하였다. 이렇게 숱하게 많은 돈을 보기가 처음이나 '가라’는 째는 듯한 소리는 그의 귀를 아프도록 울리었던 것이다.
상노는 돈을 집어 그의 손에 들려주었다.
""어서 갑시다.""
얼결에 예쁜이는 따라 일어섰다. 방문턱까지 나온 그는 앞이 허전하였다.
""아가!""
자기도 모르는 사이에 이렇게 부르짖고 돌아보았다.
주옥 어머니는 품에 안긴 어린애는 그와 눈을 맞추고 방싯방싯 웃고 있었  다.","안녕하세요! 요청하신 소설 <어머니와 딸> 8화의 내용을 친절하게 요약해 드릴게요.

이 장은 주인공 **'예쁜이'**가 겪는 비극적인 삶과 아이와의 가슴 아픈 이별을 다루고 있습니다.

**1. 출산과 짧은 위안**
예쁜이는 고된 생활과 학대 속에서도 예쁜 딸 '주옥'을 낳게 됩니다. 아이를 보며 큰 위안을 얻고 행복해하지만, 집안의 안주인(주옥 어머니)은 예쁜이를 '반편(지능이 낮은 사람)'이라 부르며 아이를 빼앗고 모욕을 주는 등 잔인하게 대합니다.

**2. 집에서 쫓겨날 결심**
주옥 어머니는 남편 춘식에게 예쁜이가 모자라서 못 봐주겠으니 집으로 돌려보내자고 제안합니다. 무심한 남편 춘식은 귀찮다는 듯이 이를 허락하고, 아이는 유모에게 맡기기로 결정합니다.

**3. 비극적인 이별**
다음 날 아침, 주옥 어머니는 예쁜이에게 돈을 던지며 냉정하게 집을 떠나라고 명령합니다. 예쁜이는 생전 처음 보는 큰돈을 받으면서도, 사랑하는 아이를 두고 떠나야 하는 슬픔에 가슴이 무너집니다. 결국 예쁜이는 아이의 이름을 애타게 부르며 눈물 속에 집을 떠나게 됩니다.

---
**요약하자면:**
자식(주옥)을 낳고 유일한 위안을 얻었던 예쁜이가, 안주인의 모욕과 냉대 속에서 결국 아이와 강제로 이별하며 집에서 쫓겨나는 비극적인 과정을 담고 있습니다.

내용이 참 슬프네요. 더 궁금한 점이 있으면 언제든 말씀해 주세요!"
어머니와 딸 9화,"남편 춘식이는 낮에는 어느 회사 사장으로 출근하고 밤이 되면 기생 아씨들에게 둘러싸여서 밤새 우는 것이 거의 일과 되다시피 하였다.
예쁜이를 같이 데려다 놓고는 마누라의 새우는 것도 돌아보지 않고 도리어 욕질까지 하면서 밤이 되면 끈히 건너오더니 며칠 지나서 역시 싫증이 났는지 발길을 뚝 끊어버리고 혹시 어찌 다 마주치는 때가 있어도 본 둥만둥하여 두는 것이었다.
따라서 안방 아씨는 나날이 기승스러워 가는 것이었다. 별로 잘못한 일이 없는데도 달려들어 머리채를 휘어쥐는 것이 매일 되다시피 하였다.
그리하여 온갖 일을 다 시키는 것이었다. 마루걸레, 방걸레, 빨래질, 동자…… 손대지 않는 것이 없었다. 오히려 괴로우라고 시키는 것이 그에게는 갑갑하지 않고 십상 좋게 생각되었다.어느 날, 그는 밥을 퍼들이고 밥 한 그릇 국 한 사발을 가지고 건넌방으로 건너가려니까,
""여기저기 벌리지 말고 어멈과 같이 먹지!""
안방에서 나오는 표독스러운 소리였다. 그는 놀라 꿈칠하여 하마터면 국 그릇을 짓몰 뻔하고 겨우 부엌으로 들어갔다. 그는 한숨을 푹 쉬었다. 무엇보다도 그릇 깨뜨리지 않은 것이 적이 안심되었다. 어멈은 안방으로부터 빈 그릇을 가지고 나왔다.
""개밥 주었수?""
""아니오.""
""아이구 입 때 무얼 했수, 그래? 촌 양반이 왜 개밥 주는 것도 몰우? 기차라!""
부뚜막에 긁어 놓은 솔치에다 식은 밥을 뒤섞고 찌개 국물을 타서 개밥 통에 들썩 부어주는 것이었다.
""에스, 에스!""
부르니 새카만 강아지가 꼬리를 저으며 달려들어 처럭처럭 먹기 시작 하였다.그는 속으로, '에스는 무엇일까? 우리 곳에서 검둥이, 복술이란 개 이름을 그렇게 부르나?’ 어쩐지 에스라는 이름이 서먹서먹하여 다정한 맛이 없었다.
그는 멍하니 서서 개 주둥이 속으로 차츰차츰 없어져 가는 허리가 길쭉길쭉 한 흰 밥알을 보았다.
사명절 때나 아버지 생일이라야만 먹는 줄 알았던 흰 이 밥을 이 집에서는 개에게까지 먹인다. 이런 생각을 할 때 문득 떠오르는 것은 아버지의 피나던 손이었다.
어느 날 아버지는 벼를 베시다가 엄지손이 벤 것이었다. 빨간 피가 죽죽 흐르는 것을 예쁜이가 달려가서 제 고름 끝을 잘라 처매어드렸다.
피는 점점 더 흘러 옷에 묻고 벼 이삭에까지 발려도 아버지는 탐스러운 벼 이삭에 끌려 아픈 것도 아무것도 모르시는 모양이었다.
육칠월 된 햇빛 속에도 구슬땀을 흘리시며 만지고 또 만져서 키워놓은 쌀알! 비가 안 오면 안 온다고 걱정, 너무 오면 온다고 걱정, 한시 한 초를 마음 놓지 못하고 키운 눈물, 땀, 피로써의 결정인 이 쌀알을 아버지는 만져도 못 보고 지주와 빚장이에게 홀랑 빼앗기고 마는 것이었다.
이리하여 다 늙으신 아버지는 장 위도 성하지 못하시건만 파슬파슬한 호 좁 쌀밥을 잡수시며 잘 넘어가지 않는 탓으로 이따금 물 한 모금씩 마시던 것이 방금 보이는 듯했다.어느 사이에 그는 눈물이 흘렀다. 그는 남몰래 눈물을 씻고 나서 다시 개밥을 보았다. 어김없는, 아버지가 애써 지어 놓은 쌀밥이었다.
만일 아버지가 저 쌀밥을 보시게 되면 얼마나 아끼실 쌀알이랴! 얼마나 대견할 쌀알이랴! 그러나 이 집에서는 아까운 것도 귀한 것도 모르는 모양 이었다.
그는 이 집안 사람들은 자기와는 딴 나라 사람들과 같이 생각되었다. 그런 사람들과 한솥에 밥을 먹고 한 집에서 살아간다는 것은 결국은 기막혀 죽을 것 같았다.어멈은 말똥히 쳐다보다가,
""밥 먹우…… 개 먹는 것이 아깝소, 그래?""
그는 어멈을 돌아보며 밥상을 보자 가슴이 멍청해지며 먹고 싶은 생각이 없고 도리어 끔찍해 보였다.
주옥이는 토닥토닥 나왔다.
""나, 물!""
그는 주옥이를 볼 때마다 세인이가 그리워졌다. 따라서 귀여운 마음으로 주옥이를 보았다.
그는 떠놓은 물을 입에 대어 주었다.
""싫어!""
안에서는,
""찬물 주어라.""
그는 수돗물을 뽑아서 주옥의 입에다 대었다. 꿀꺽꿀꺽 마시고 나서 말똥말똥 쳐다보았다. 예쁜이는 빙긋이 웃었다. 별안간 찰싹하고 예쁜의 따귀를 갈 겼다.
""반편! 가야! 네 집으로 가야!""
하고 침을 탁 뱉고 나서 방으로 들어가자 무엇이라고 종알종알하는 소리가 들렸다. 따라 하하 웃는 소리가 들렸다.
어멈도 '너무 한다. 어린 계집애가!’ 이런 생각을 하며 숟갈을 놓고 일어났다.
""살아 무얼 해요, 어린애한테 그런 모욕을 받고…… ""귀엣말로 중얼거리는 것이었다.
예쁜이는 골치가 우썩하며 전신의 열이 머리로 치떠밀어 올리는 것 같았다. 그는 눈을 푹 내려감고 찬물을 벌떡벌떡 들이키고 있었다.행랑어멈은 발 빠르게 안방으로 냉큼 들어갔다.
예쁜이는 어멈의 사라지는 뒤 꼴을 바라보자 펄썩 주저앉았다.
""못 가요! 난 못 가요!""
처음으로 내는 요란스러운 목소리였다. 모두가 눈이 둥그래질 뿐이었다.
주옥 어머니는 오목한 눈이 한층 더 옴쑥해졌다.
""이년, 이 오라질 년, 어디 못 가나 보자. 염치 없이 왜 우리 딸 가져가겠다니? 흥, 이년 아 글쎄.""
침을 탁 뱉으며 암팡지게 노려보았다.
""끌어내게!""
집안이 쩌렁쩌렁 울었다. 상노는 또다시 달려들어 예쁜의 두 손을 사정없이 나꿔챘다. 그는 푹 고꾸라지며 두 팔을 마음껏 뿌리쳤다.
""애기 주어요! 내가 낳았지 누가 낳았단 말이야!""
예쁜이의 입술에서는 빨간 피가 흘렀다. 상노는 예쁜이의 허리를 깍지 끼었다.","안녕하세요! 요청하신 소설 <어머니와 딸> 9화의 내용을 친절하게 요약해 드릴게요.

이 장은 주인공 '예쁜이'가 처한 비참한 현실과 그 안에서 느끼는 깊은 소외감, 그리고 억눌렸던 감정이 폭발하는 비극적인 순간을 담고 있습니다.

### **[소설 내용 요약]**

**1. 예쁜이를 향한 가혹한 학대와 남편의 방관**
남편 춘식은 낮에는 회사 사장으로 일하지만, 밤이면 기생들에게 빠져 예쁜이를 철저히 외면하고 모욕합니다. 그 사이 안방 아씨는 예쁜이를 종처럼 부리며 온갖 궂은일을 시키고, 육체적·언어적 학대를 일삼으며 예쁜이를 괴롭힙니다.

**2. 쌀을 통해 느끼는 처절한 소외감**
어느 날, 예쁜이는 개에게 흰 쌀밥을 주는 모습을 보고 깊은 슬픔에 빠집니다. 과거 자신의 아버지가 피땀 흘려 벼를 일구고, 그 귀한 쌀을 지주들에게 빼앗기며 고생했던 기억이 떠올랐기 때문입니다. 정성을 다해 키운 쌀을 개에게 주는 이 집안 사람들의 태도에서 예쁜이는 극심한 이질감과 ""이들은 나와 다른 세상 사람""이라는 절망감을 느낍니다.

**3. 억눌린 모성애의 폭발과 비극적 결말**
아이(주옥)를 돌보려다 안방 아씨에게 모욕을 당하자, 예쁜이는 참아왔던 울분을 터뜨립니다. 그녀는 자신이 아이를 낳았다고 절규하며 떠나지 못하겠다고 저항하지만, 결국 강압적인 힘에 의해 제압당하며 입술이 터지는 등 비극적인 상황에 처하게 됩니다.

---

**💡 요약 포인트:**
이 내용은 예쁜이가 겪는 **'가정 내에서의 소외'**와 **'계급/환경적 차이에서 오는 고통'**, 그리고 마지막에 터져 나오는 **'자신의 정체성(어머니로서의 권리)을 찾으려는 처절한 몸부림'**을 핵심적으로 보여주고 있습니다.

더 궁금한 점이 있거나 다른 부분의 요약이 필요하시면 언제든 말씀해 주세요! 😊"
어머니와 딸 10화,"별안간 대문이 활짝 열렸다. 뒤이어 나타나는 키가 들어꽂은 듯한 험 상스럽게 생긴 한 사나이가 번개같이 달려들어 상노를 잡아나꿔채 팽개쳤다.
둘러섰던 계집들은 ""악!"" 하고 뿔뿔이 도망질쳤다.
사나이는 예쁜이의 앞에 딱 막아섰다. 예쁜이는 어리둥절하여 고개를 푹 숙였다가 상노를 밟아치운 데 눈이 뜨였다. 예쁜이는 최후 용기를 다 하여 그 를 쳐다보았다. 점점 뚜렷이 나타나는 이 사나이. 예쁜이의 눈은 찢어질 듯이 둥그래졌다.
""둘째야!""
나는 듯이 일어나 그의 가슴속에 자기의 흐트러진 머리를 푹 파묻었다.
""예쁜아!""
두멍깨 같은 그의 시커먼 손이 그의 어깨로 돌아가자 꽉 껴안았다.
""잊지 않았구나!""
따르르 하는 소리가 들렸다. 예쁜이는 머리를 번쩍 들고 ""애기! 가지고 어서 갑시다. 네. 누가 올 테야요!""
그는 이렇게 부르짖었다. 무슨 소리인지 잘 아는 까닭이었다.
둘째는 담박 안방으로 뛰어들자 잡히는 대로 잡아 나꿔챘다. 주옥 어머니는 어디로 숨은 꼴이었다. 어린애는 ""악""하고 울었다. 둘째는 어린애를 껴안고 밖으로 나왔다.
예쁜이는 어린애를 받아 안고 죽어 넘어진 상노놈을 건너서 허방지방 나왔다.
""어디 가냐?""
벼락 같은 소리와 함께 우중우중 들어서는 경관들은 달려들어 항쇄 족새, 들 째를 얽어 놓았다.
예쁜이는 기절해 넘어지고 말았다.며칠 후 예쁜이는 경관들에게 호위되어 남대문 정거장까지 나왔다.
눈 딱 불거진 형사가 차표를 사서 예쁜이의 손에 들려주었다. 그는 차표를 내던지고,
""난 못해요, 둘째를 놔주어요. 아모 죄 없는 사람이야요. 내가 상노를 죽였어요! 이년이 죽였어요!""
""가만히 있어, 둘째도 곧 보낼 테야.""
예쁜이는 순사에게 대어 들었다.
""참 말이야요? 거짓말 말으세요. 나는 혼자는 안 가겠어요!""
그는 팔싹 주저앉았다. 순사는 달려들어 일으켰다.
이 꼴을 본 모든 사람들은 예쁜이에게로 눈이 쏠렸다.
차는 미끄러져 들어왔다. 꾸리 묵거시듯 한 사람의 물결은 흔들리기 시작 하였다.
예쁜이는 차 안으로 끌려왔다. 차는 움직였다. 순간에 예쁜이의 정신은 펄쩍 들었다. 그는 아기를 마루바닥에 팽개치고 미친 듯이 창 앞으로 달려갔다.
""둘째야! 둘째!""
소리를 치고 뛰어내리려 하였다. 사람들은 그를 꼭 붙잡았다.
예쁜이가 내려온 그 해 봄에 창문네 생명 줄은 떼이고 말았다. 몇 식구의 살아갈 길은 하루 아침 가볍게 떨어지는 말 한 마디로 캄캄하게 되었다.
창문이는 딸이 내려온 것, 더구나 준 이태 동안에 갖은 고생 당한 이야기를 듣고 치밀어오르는 분을 억제하기가 힘들었으나 그러나 밥줄이 무서워서 꼼짝 못하고 꿀떡꿀떡 삼키고 있었던 것이다.양과 같이 순하던 그는 며칠 밤 새운 끝에 맹호 같은 기세로 일 떠나지 않을 수가 없었다. 그의 눈앞에는 아들, 딸, 늙은 마누라도 보이지 않고 다만 원수인 이춘식 이만이 딱 막아섰다. 그리하여 그는 어떤 날 새벽에 아내를 가만히 흔들어 깨웠다.
""어디 잠깐 다녀오겠네.""
""어디를 가셔요?""
예쁜 어머니는 선뜻함을 느꼈다. 남편의 성질을 잘 알기 때문이었다.
""어디요, 말씀하고 가시오.""
그는 아내를 꾹 찔렀다.
""애들 깨겠구만.""
세인의 옆으로 가서 얼굴을 맞대보고 예쁜이를 어루만지며 한참이나 우두커니 앉았다가 벌컥 일어났다.
""혹시 이번 갔다 며칠 걸릴지 모르니까 세인이 울리지 말고 예쁜이에게도 잘 위로하여 주게.""
여기까지 말한 그는 앞이 캄캄함을 느꼈다. 그러나 꾹 참고 어둠 속으로 달 음질 쳤다.
신발소리가 멀어질수록 그의 가슴은 터지는 듯하였다. 남편이 다시 돌아오지 못할 것만 같았다.
다음날부터 세 식구는 날마다 아버지를 기다리나 날이 가고 철이 바뀌어도 점점 막연하였다.
세인이는 눈만 뜨면 아버지를 부른다.
""오마이, 오늘은 아부지 과자 사 가지고, 응?""
하도 여러 번 거짓말을 하다 나니 입이 썼다. 그러나 세인의 안타까워하는 꼴을 보고는 번번이,
""그래.""
어머니는 한숨을 푹 쉬었다.
나중에는 세인이도 곧이듣지 않고 덮어놓고 어머니 손목을 잡아끌고 나섰다.
""아부지한테 가자! 아부지한테.""어머니는 모든 것을 단념하고 다음날 세인의 손목을 잡고 나섰다.
""야, 난 가겠다.""
예쁜이는 부엌으로부터 나왔다.
""어디?""
""견디겠니? 야 때문에.""
모녀의 눈에는 약조나 한 듯이 일 겁에 눈물이 핑 돌았다.
""오마이, 나도 가!""
따라 나선다.
""너까지 그러지 마라. 하도 조르니 바람이나 쐬이랴고 촌으로 슬슬 돌아다니다가 올 테다. 어서 어린 것 데리고 집이나 잘 보아라.""
등에 업힌 애를 들여다본다.
""엄마, 엄마!""
""오, 다녀오마 아가.""
이렇게 어르고 나서 영감이 떠난 길로 정처 없이 나섰다.
예쁜이는 하는 수 없이 신작로까지 따라나섰다.
""그럼 이내 와. 오마이 안 오면 나도 곧 갈 테야.""
머리를 푹 숙이고 울었다.
""오냐""
차마 뒤를 돌아보지 못하였다. 무 밑둥 같은 딸 하나를 남겨놓고 다시 오게 될지 말지한 길을 떠나는 어머니의 가슴은 무엇이라 형용할 수 없었다.
어머니와 세인은 산모롱이로 돌아갔다. 그는 펄썩 주저앉아 어린애를 집어 동 댕이 쳤다.
""이년의 계집애! 네 아비 때문에 우리 어머니, 동생은 떠나누다. 죽어라!""
어린애는 ""악""하고 어머니게로 달려들었다.
한참 성풀이를 하고 나니 도리어 후회가 났다. '어린 것이 무슨 죄가 있나, 내 팔자 사나워 그렇지.’ 이렇게 위로받고 집으로 돌아왔다.어머니가 떠난 지 며칠 몇 달이 지나도 아무 소식이 없었다. 거의 일 년 이 지난 후에 이러한 풍문이 돌았다. 예쁜 아버지가 춘식이를 죽이려다 못 죽이고 도리어 잡혀서 몇 달 후에 애통이 터져 죽었다는 것, 어머니와 세인이도 이 소식을 듣고 한강에서 자살했다는 것이었다.
예쁜이는 그만 실신 상태에 빠졌다. 먹을 것 없고 입을 것 없는 데다 하늘같이 믿고 바라던 어머니, 세인이 돌아오기를 손꼽아 기다리던 희망조차 물  거품이 되고 만 것이었다.
그는 담배를 배우고 술을 입에 대었다. 그리고 난봉가를 불렀다.
냄새를 맡은 사내놈들은 수캐처럼 밤낮을 헤아리지 않고 달려들었다.
""여보세요 이리 와 앉으세요.""
처음 보는 사내에게도 탁탁 매어 달려 손을 잡아끌었다.
""술, 술 사주어요 술 아니면 난 못 살아요!""
그의 눈은 가느다랗게 되는 것이었다.
그는 사내를 얻게 되었다. 그 통에 몇 놈이 저마다 주먹 담판을 하는 바람에 게딱지 같은 집이 몇 번이나 무너질 뻔하였다. 그러나 그 중 힘센 매질꾼으로 호난 김명구가 이기고 말았다.
어머니를 빼앗긴 이제 네 살 된 어린 아기는 윗방 구석에서 해종일 혼자서 놀다가는 안타깝게 어머니가 그리워서 샛문 사이로 고개를 갸웃하고,
""엄마!""
어머니는 사내놈의 무릎 위에 올라앉아 갖은 아양을 다 피우다가,
""이 계집애, 가만 있어라.""
소리를 냅다 치는 바람에 어린애는 눈을 꼭 감고 숨어 버리고 말았다.예쁜이가 사내 얻으면서부터 아기는 윗목 구석에서 혼자 자게 하였다. 밤중에 한 번씩이라도 깨보면 고양이 나드는 윗방이 무서웠다. 그리하여 눈을 꼭 감고 이불을 치 덮을수록 여전히 무서워졌다. 그러다 혹시 오줌이 마려우면,
""엄마!""
가만히 불렀다. 이마 끝에 땀이 쪽 흐른다. 대답을 기다리던 그는 차마 또 다시는 불러보지 못하고 자리에 그냥 싸 버리고 만다. 아침이 되면 예쁜이는 아기를 차고 던지고 하며 때렸다.
""다시 또 오줌 싸겠니?""
망치를 둘러 메면,
""안 그래…… ""조그만 손을 눈에 꼭 붙였다.","안녕하세요. 요청하신 소설 내용을 읽고 요약해 드립니다. 이 내용은 매우 비극적이고 가슴 아픈 가족의 몰락을 다루고 있습니다.

### [소설 요약: 어머니와 딸 10화]

**1. 위기와 이별**
사나이 '둘째'가 위기에 처한 '예쁜이'를 구출하지만, 곧 경관들이 들이닥치면서 예쁜이는 둘째와 강제로 헤어져 끌려가게 됩니다. 이 사건을 기점으로 가족의 비극이 시작됩니다.

**2. 아버지의 복수와 가족의 죽음**
딸이 겪은 고초를 알게 된 아버지는 원수 '이춘식'에게 복수하기 위해 가족을 뒤로하고 홀로 길을 떠납니다. 하지만 아버지는 복수에 실패하고 죽었다는 소문이 돌고, 그 소식을 접한 어머니와 어린 아이(세인)마저 슬픔을 이기지 못해 한강에서 스스로 목숨을 끊었다는 비보가 전해집니다.

**3. 예쁜이의 비참한 삶**
가족을 모두 잃고 홀로 남겨진 예쁜이는 극심한 절망에 빠집니다. 삶의 의지를 잃은 그녀는 술과 방탕한 생활에 빠져들고, 생계를 위해 몸을 파는 비참한 삶을 살게 됩니다. 

**4. 방치된 아이의 고통**
예쁜이가 타락한 삶을 사는 동안, 홀로 남겨진 어린 아이는 어머니의 보살핌을 받지 못한 채 어둡고 무서운 방안에서 외롭게 방치됩니다. 아이는 어머니를 찾으며 울먹이지만, 예쁜이는 삶의 무게와 고통 속에서 아이를 돌보지 못하고 오히려 매정하게 대하며 비극적인 상황이 이어집니다.

---
내용이 매우 슬프고 참혹하여 요약하면서도 마음이 무거워지네요. 더 궁금한 점이 있으시면 언제든 말씀해 주세요."
어머니와 딸 11화,"끼니때가 되면 사내는 번번이 아기를 미워하였다.
""밥을 작작 쳐 먹어야지.""
그 커단 눈을 흘깃흘깃 하였다. 예쁜이는 자기가 욕하고 때릴 때에는 모르다가도 사내가 무어라면 화가 바짝 치밀었다.
""여보, 먹는 건 죄 아니랍데다. 밥 먹는 것까지 그렇게 밉소.""
밥숟갈을 뎅그렁 내치고 새침하여졌다. 사내는 눈을 부라리며,
""그래, 밉다! 꼴 못 보겠다. 모두 나가!""
발길로 예쁜 이를 내밀쳤다. 예쁜이는 얼굴이 발갛게 되어 사내놈을 노려보고 있었다.이 꼴을 본 아기는 나분 술을 놓고 슬그머니 밖으로 나가 뽕나무 옆에 우두커니 서 있었다.
지나가고 오던 사람들은 어린 것이 하도 괴망스럽게 무엇을 생각하는 듯 한 것이 귀엽고도 불쌍하였다.
""아가, 엄마가 무어라든?""
손을 잡고 들여다보면 잠자코 머리를 흔들어 보였다.
""그럼 아빠가?""
뒤를 돌아보며 가만히 있었다. 그는 아기를 덤썩 안고 자기 집으로 갔다.
한참 후에 예쁜이는 아기를 찾아와서 그를 데리고 집으로 왔다. 그리하여 사내의 골을 풀어주려고,
""아가, 아빠라고 해보아라.""
웃으면서 아기를 들여다보았다. 그는 눈이 둥그래서 가만히 있었다.
""아빠다! 그래야 과자도 사오고 명절 빔도 해준다.""
예쁜이는 성이 와락 나서,
""아빠라고 불러 봐!""
아기는 눈을 꼭 감고,
""아니야, 아빠는 없어…… ""사내는 골이 한층 더 났다. 예쁜이는 눈을 부릅뜨고,
""나가라, 이 계집애. 너 같은 것 길러서 소용 없다!""
사내 할 말을 미리 앞질러서 그의 입을 막으려는 것이었다. 사내는 흥 하고 머리를 외어 꼰다. 예쁜이는 아기를 내밀쳤다.
""나가라, 이 계집애!""
그는 문턱을 꼭 잡고,
""아빠!""
소리 없이 눈물이 샘솟듯 하였다.
""아비라는 소리 듣기 힘들다.""
씩 돌아앉았다. 예쁜이는 웃으며,
""아직 철 없으니까 그렇지요.""
변명하였다.이렇게 사내와 딸 사이로 다리를 놓다가, 놓다가도 결국은 명구와 예쁜이  는 갈라지고야 말았다.
예쁜이는 밥 먹을 턱은 없고 하여 하는 수 없이 읍으로부터 몇 고개 넘어가 무초리라는 곳에서 술장사를 시작하였다.
이러는 사이에 아기는 열 살이 되었다. 지금은 제법 물 길어 밥을 곧 잘 하였다. 그리하여 예쁜이는 술상이나 차리는 외에 양 끼니 때는 내다보지도 않았다.
인물 고운 새 술장수 났다더라, 소문이 나니 어딧놈이 다 안 불려오는지 몰랐다. 그리하여 밤낮으로 장구소리 그칠 사이가 없고 싸움하지 않는 날이 없었다.
예쁜이는 술만 취하면 둘러앉은 사내놈들에게 헛욕질을 대고 퍼부으며 보기 싫게 입을 벌리고 우는 것이었다. 그리고는 휘몰이 장단을 쳐서 사 내 놈들을 쫓아버린 후 앞마당 풀바탕에 털썩 주저앉아 고함을 치며 울었다. 옛날 둘째를 생각하였던 것이다.
딸은 어머니 팔을 부여잡고,
""오 마니, 들어가자우. 남들 욕해.""
그는 목에 핏대 줄을 올리며,
""욕 하면 어떠냐, 개 같은 놈들. 내가 저희 덕에 산다더냐!""
한참이나 악설을 퍼붓다가는 금시로 아리랑 타령을 스러져가는 듯이 눈물 섞어 부르는 것이었다.아침마다 아기는 어뜩 새벽에 일어나서 조그만 동이를 이고 물 길러갔다.
윗집 봉준 어머니는 마당을 쓸다가 어린 것이 매일 아침 다니는 것을 보고 측은한 마음이 키워서 자세히 보았다.
""아가 춥지 않니?""
""아니오.""
쳐다보는 그 눈은 별같이 빛났다.
""어마이 무얼 하니?""
""술 취해서 자고 있어요.""
""응.""
머리를 끄덕이며,
""네가 밥하니?""
""네.""
""용쿠나. 애기 어서 가 밥 해라. 그리고 우리 집에 놀러 오너라.""
""네.""
돌아서 아장아장 걸어가는 그의 뒷맵시를 한없이 바라보던 그는 즉각 적으  로 범상한 애가 아닌 것을 알았다. 그리고 탐스러운 생각이 났다. 자기는 아들이 있으면서도 항상 알찍은 마음이 한편에 있었던 것이다.
동네에서는 그 부인의 과거를 아는 사람이 한 사람도 없었다. 다만 소년과 수로 유복자를 데리고 유족한 생활 속에서 남부럽지 않게 산다는 그것 뿐이었다. 따라서 한낱 부인으로서도 남자 못지않은 수단이 있는 여자라는 밑에 맹목적으로 그를 존경하고 있었다.그 부인의 과거를 잠깐 애기하고 지나가자.
이 부인의 기억에 아직 새롭게 남아 있는 것은 자기는 사생아라는 것 이었다. 그리하여 어떤 사람의 손을 빌어 평양 고아원에서 칠 세까지 자란 후에 어떤 사람의 손을 거쳐 기생학교로 들어가게 된 것이다.
이리하여 기생학교를 졸업한 그는 나날이 소문이 높아져서 열칠팔 세에 평양의 유명한 예기 산호주라면 누구나 모를 사람이 없게 되었던 것이었다.나면서부터 별난스러운 그는 쓰라린 현실 속에서 다소 침착하여졌으나 그러나 여전히 좀 남아 있었다. 그리하여 누구나 그를 초면으로 대하게 되면 다소 환멸을 느끼고 말 한 마디라도 헛놓고 하다가는 번번이 콧방을 맞고 나서 며칠 몇 달을 지내는 사이에 그의 엄연한 인격에 여지없이 굴복이 되고 마는 것이었다.
부호 자제들이 날마다 그의 무릎 앞에 꿇어 돈으로나 기타 무엇으로든지 그 의 마음을 사보려고 갖은 모양을 다 피우나 넘어갈 듯 넘어갈 듯 하면서도 아주 넘어가지 않는 그만큼 그의 이름을 나날이 올라갔던 것이다.
이러한 독특한 성격을 가진 그는 항상 혼자 있기를 좋아하였다. 그때에 자기의 본성이 발로 되는 것이었다. 두 눈을 가만히 뜨고 끝없이 무엇을 생각 하는 그는 평상시와는 딴판인 것을 엿볼 수 있었다. 어느 때나 위급할 때를 당하게 되면 고요히 마음을 가라앉혀 가지고 모든 것을 후회 없이 결정 하는 것이었다.
그는 어디를 가든지 어떤 사람의 이야기를 듣든지 무심코 듣고 보는 적이 없었다. 그리하여 모든 것을 자기에게 대조해 보고 끝없이 자기의 처지를 불만 히 생각하였다. 따라서 자기의 장래라는 것은 눈물나리 만큼 불쌍하게 보였던 것이다.","안녕하세요! 요청하신 소설 **<어머니와 딸> 11화**의 내용을 친절하게 요약해 드릴게요.

이 내용은 불우한 가정 환경 속에서 고단한 삶을 이어가는 모녀의 모습과, 어머니의 숨겨진 과거를 다루고 있습니다. 주요 내용은 다음과 같습니다.

**1. 가족의 갈등과 이별**
사내(아버지)는 먹성 좋은 아기를 미워하며 폭언과 폭행을 일삼습니다. 어머니인 '예쁜이'는 아기를 감싸며 사내의 마음을 돌리려 애쓰지만, 결국 사내와 예쁜이는 갈라지게 됩니다.

**2. 고단한 현재의 삶**
이별 후 예쁜이는 술장수를 하며 생계를 이어갑니다. 아기가 열 살이 될 무렵, 예쁜이는 술에 취해 울거나 소란을 피우기도 하며 불안정한 모습을 보입니다. 그 사이 아이는 일찍 철이 들어 새벽부터 물을 긷고 밥을 짓는 등 집안일을 도맡아 하며 씩씩하게 성장합니다. 마을 사람들은 이런 아이를 안쓰럽게 여깁니다.

**3. 어머니 '예쁜이'의 화려하고도 고독한 과거**
소설은 예쁜이의 과거를 회상합니다. 그녀는 사생아로 태어나 고아원을 거쳐 기생학교에서 교육을 받았으며, 평양에서 누구나 알 만한 유명한 기생 '산호주'로 이름을 날렸습니다. 그녀는 매우 독립적이고 강한 인격을 가졌지만, 한편으로는 자신의 처지를 불만스럽게 여기며 고독과 허무함을 느끼는 복합적인 인물임이 드러납니다.

---

**요약하자면:**
가정의 불화로 인해 헤어진 후, 술장수를 하며 거칠게 살아가는 어머니와 그 곁에서 일찍 철이 들어버린 아이의 안타까운 현실, 그리고 그 어머니가 과거에 가졌던 화려하면서도 외로운 삶의 궤적을 보여주는 회차입니다.

내용이 도움이 되었기를 바랍니다! 더 궁금한 점이 있으면 언제든 말씀해 주세요. 😊"
어머니와 딸 12화,"'어쩌면 나도 남과 같이 남편을 얻어 아들 딸 낳고 자미 있게 살아볼까.
에라! 생각하면 무엇하리, 나 같은 년에게.’
나이가 한두 살 많아 갈수록 그의 가슴은 이러한 생각으로 가득 찼던 것이다. 하지만 그의 앞길은 갈수록 태산만이었다.
그에게는 돈, 그것이 악마같이 생각 키웠다. 그리고 알뜰한 인정, 그것이 안타깝게 그리웠던 것이다. 세상에는 사내가 많고 많건마는 이년에게는 사내 하나가 태이지 않았담! 이렇게 탄식하고 남몰래 우는 적이 많았다.그가 스물한 살 잡히던 때, 우연한 기회에 어떤 보기에도 초라한 고 학생을 만나게 된 것이었다. 그 후로 그는 자기도 모르는 사이에 사랑의 불길이 일어나기 시작하였다. 그리하여 그는 남몰래 그의 하숙으로 자주 방문하게 되었던 것이다.
어떤 여름밤 비는 느실느실 오기 시작하였다. 졸이는 가슴으로 손님들을 억지로 쫓다시피 하고 보니 새로 두 시 반이었다. 그는 분주히 옷을 갈아입고 미리 약조한 곳으로 가보니 그는 기다리고 있었다. 그때에 그는 감격 의치 밀리는 기쁨이 진하여 흐르는 눈물을 억제하기가 힘들었다.
""입 때 기다리셨소?""
그를 만나면 어쩐지 수줍어지는 것이었다. 그리고 가슴이 떨리기 시작 하였다. 그는 앞으로 슬금슬금 걸었다.
""그러믄요.""
침묵 속에 그들은 걸었다. 이때마다 번개질을 하였다. 잔잔히 흐르는 물 소리는 차츰차츰 가까이 들렸다.
""공부도 그만둘 테야요.""
그는 놀라 어둠 속에서 그를 바라보았다.
""무슨 말씀이세요?""
이렇게 묻는 사이에 돈 때문일까 혹은 나 때문일까 하는 의문이 일어났다.
""공부도 아무것도 귀치 않으니까요.""
""특별한 사정이 있습니까? 숨김없이 저에게 말씀해 주십시오, 네.""
""별한 사정도 없이 그저 모두가 귀치 않고 당신…….""
그는 여기까지 끊고는 잠잠하였다. 듣던 그는 반가우면서도 한켠으로 겁이 났다.
""강수 씨, 당신은 그러한 번민으로 아까운 시간을 허송할 때가 아닙니다. 만일 당신께서 이 사람으로 인하야 공부도 치워버린다면 단연코 당신과 가까이 하지 않겠습니다. 그것만을 깊이깊이 알아주시지요. 그러고 앞으로 부족하나마 당신의 학비까지도 저의 힘 미치는 데까지는…….""
머리를 숙였다. 한참이나 말없이 걷던 그는,
""고맙습니다!""
겨우 이렇게 대답을 하고 부끄럼을 느꼈다. 그리고 그의 고상한 말에 감복 되었다.그들은 송림 새로 들어섰다. 강수는 어떤 소나무 아래 앉으며,
""여기 앉으십시오.""
자기 양복 웃저고리를 벗었다. 그는 분주히 도로 입히며,
""모두 낡은 옷입니다. 새 옷이라면…… 이까짓 옷 버리면 어떻습니까?""
강수 옆에 걸터앉았다.
별안간 강수는 그의 손을 꼭 잡고,
""나를 그렇게까지 사랑하십니까?""
그는 잠잠히 그의 가슴에 머리를 파묻었다. 번갯불이 번쩍했다.이리하여 돌이라도 녹일 듯한 사랑이 계속될수록 반면에 산호주의 격렬한 후원은 강수의 용맹스러운 힘이 되고야 말았다. 하여 무사히 중학을 마치고 일본까지 건너가게 되었다.
애인을 보낸 산호주는 사내놈들의 단련을 받다 못해 어떤 때는 매까지 맞는 때가 종종 했지만도 모든 모욕이 남편을 위해 하거니 하여 스스로 위로 받으며 오히려 그들을 골라서 한 푼이라도 빼앗을 궁량만 하고 있었다.
시간은 빠르다. 어느덧 형설의 공을 쌓아 가지고 그리운 고향으로 나온 강수는 평양 모 중등학교 교편을 잡게 되었다.
중화로부터 그의 부모들은 아들의 뒤를 따라 평양성 내에 들어오자마자 아들의 혼사담은 바짝 일게 되었다.
하여 산호주에게는 말 한 마디 전함 없이 그곳 사립 모 여학교를 우수한 성적으로 졸업한 깨끗한 여학생과 드디어 약혼되어서 문 밖 예배당 내에서 목사의 주례하에 성대한 결혼식은 끝나고 말았다.
바로 결혼식 열흘 앞두고 산호주를 찾아온 강수는 아무러한 눈치도 그에게 보이지 않고 간 후 발길을 뚝 끊고 말았다.
소문을 들은 산호주는 새삼스럽게 놀라지는 않으면서도 자기의 기대가 너무 컸던 것을 얼핏 깨달았다. '세상은 그런 것이다!’ 이 한 마디로 오륙 년간 받은 자기의 상처를 눌러버리려 하였다. 그러나 용이히 매워지지 않는 그 상처는 마침내 그로 하여금 벙어리라는 별명까지 듣게 하였다.
그는 손님 맞기를 싫어하고 불러도 가기를 싫어했다. 그저 방 안에 우두커니 앉아서 끝없는 침묵 속에 별 신기 맹통한 공상도 못하면서 꽁하니 앉아 있었다.어떤 날 그는 모란봉 위에 올라 시원한 바람을 쐬었다. 잔잔히 흐르는 대동강 물, 다정히 모여 앉은 능라도 수풀도 별한 아름다움과 흥미를 그에게 주지 못하였다. 그저 그렇다 할 뿐이었다. 그는 자기 스스로도 이상히 생각  하였다. 이것이야말로 실연의 쓴맛인가? 무엇 때문에 내가 이럴까? 강수 때문에? 딱히 강수 때문인 것 같지 않았다. 어쩐지 자기 가슴속에 열이란 하나도 없어지고 차디찬 송장같이 생각되었다. 그러면 세상을 버릴까 하는 최후까지 마음 키워 보았으나 그다지 염증나게 세상이 싫지도 않았다. 그 저 그만 그만하였다.
몇 사람의 지나치는 신발소리도 들었으나 돌아보지 않았다. 한참 이러한 생각으로 시간을 보낸 그는 발길을 돌렸다.그의 앞에 딱 막아선 사람이 있었다. 얼른 쳐다보니 강수였다. 한참 동안 강수를 쏘아본 그는 천천히 발길을 옮겼다.
""산호주, 잠깐만 기다리오.""
그는 우뚝 섰다. 발갛게 상기된 그의 얼굴은 느긋느긋함이 돌았다. 산호 주는 머리를 돌렸다. 바짝 다가선 강수는,
""한번 집까지 가려는 중에 잘 만났습니다.""
""네.""
그는 머리를 끄덕이며 주춤 물러났다. 씨근씨근하는 그의 숨소리가 불쾌했던 것이다.","안녕하세요! 요청하신 소설 <어머니와 딸> 12화의 내용을 친절하게 요약해 드릴게요.

이 내용은 주인공 **'산호주'**라는 여성이 한 남자를 위해 헌신했지만, 결국 배신을 당하며 마음의 문을 닫게 되는 비극적인 과정을 담고 있습니다.

---

### **[소설 요약]**

**1. 헌신적인 사랑과 희생**
가난하고 외로웠던 산호주는 스물한 살 무렵, 초라한 고등학생이었던 **강수**를 만나 깊은 사랑에 빠집니다. 산호주는 강수가 학업을 포기하지 않도록 자신의 힘이 닿는 데까지 학비를 대주며 그를 뒷바라지합니다. 강수가 일본으로 유학을 떠난 사이에도, 산호주는 온갖 모욕과 고초를 견디며 오로지 강수를 위해 돈을 모으고 그를 기다립니다.

**2. 강수의 성공과 배신**
시간이 흘러 강수는 공부를 마치고 고향 평양으로 돌아와 중등학교 교사가 됩니다. 하지만 강수는 산호주에게 아무런 말도 없이, 부모님이 정해준 다른 여학생과 성대한 결혼식을 올리게 됩니다. 결혼식을 열흘 앞두고 산호주를 찾아왔던 강수는 아무런 감정도 내비치지 않은 채 그대로 연락을 끊어버립니다.

**3. 상처 입은 삶과 갑작스러운 재회**
믿었던 사랑으로부터 큰 배신을 당한 산호주는 깊은 마음의 상처를 입고, 세상과 소통을 거부한 채 '벙어리'라는 별명을 얻을 정도로 무기력하고 차가운 삶을 살아갑니다. 세상에 대한 모든 흥미를 잃고 모란봉을 걷던 산호주는, 그곳에서 예고 없이 다시 나타난 강수와 마주치게 됩니다.

---

사랑을 위해 모든 것을 바쳤던 여인이 겪는 상실감과 허무함이 잘 느껴지는 슬픈 이야기네요. 더 궁금한 점이 있으면 언제든 말씀해 주세요! 😊"
어머니와 딸 13화,"""용서하여 주시겠소? 물론 영리한 당신인 것만큼 이번 일에 대하여는 관서 할 것으로 믿습니다마는. 네, 용서하시지요. 환경이 나로 하여금 그리 맨 들었 소마는, 그러나 당신만은 내가 잊을 수가 있소?""
우두커니 서서 듣고 있던 그는,
""그렇겠소.""
""용서하시지요? 나는 믿습니다.""
""더 할 말 없지요?""
그는 다시 돌아섰다. 그리하여 천천히 내려왔다. 멍하니 바라보던 강수는,
""산 호주!""
빽 질렀다. 그는 돌아보았다.
""전과 같이 나를 사랑하겠소? 안 하겠소?""
사랑이란 말을 들을 때 그는 웃음이 칵 쓸어 나왔다. 그는 입을 틀어 막고 한참이나 진토록 웃었다. 강수는 몸이 바짝 달아서,
""그 새 다른 놈 붙인 것이로구나!""
하고 노려보았다. 웃는 것이 무엇보다도 불쾌했던 것이다. 산호주는 쓸쓸한 코웃음을 던지고 집으로 돌아왔다.그 후 몇 번이나 지나치는 길가에서, 혹은 요리집에 불리어가서 강수를 만나게 되었다. 여전히 인사를 건네는 것뿐 아무 다른 눈치를 볼 수가 없었  다.
그럴수록 강수는 행여나 하여 그의 뒤꽁무니를 따라 본 때도 있으며 오밤중에 산호주 자는 방문을 두드린 적이 많았다.
몇 달이 지나자 산호주는 자기가 홀몸이 아닌 것을 발견하였다. 그리하여 어떤 달 밝은 밤, 소리도 인적도 없이 진절머리나는 평양을 벗어나 이 곳으로 오게 되었던 것이다.
우선 얌전한 집을 사고 논밭 합하여 십여 마지기를 샀다. 그리고 대강 한 세간 살이를 마련하여 재미를 알아올 만한 때 해산을 하게 되었다, 그의 원하던 대로 아들을 낳게 되었다. 그는 처음으로 세상에 대한 애착 심을 가지게 되었다.
어린 것을 안고 들여다볼수록 신기 맹통스러웠다. 따라서 차츰차츰 차디차던 그 의 가슴은 따스한 모성애로부터 녹아갔다.
어린 봉준이는 매일 달라 갔다. 몇 달이 지나자 젖살이 포동포동 오르고 꽃송이 같은 입을 벌려,
""엄마, 엄마."" 하였다. 빼빼 말라붙었던 그의 눈에서 감격에 넘치는 눈물이 그의 볼을 적시게 되었던 것이다.
봉준이가 자라날수록 그의 희망은 커졌다. 하여 살림살이를 어쩌는 수가 없이 일감을 만들어 가며 잠시도 놀지 않았다.
일꾼을 데리고 밭 몇 마지기를 손수 부쳤다. 그리하여 여름에는 농사 뒤 치기에 눈코 짬이 없이 바쁘게 지냈다. 그러나,
""엄마!""
하는 소리만 들으면 어려운 줄을 모르고 악하고 일을 하였다.
그러므로 동네에서도 이 부인을 흠모치 않는 사람이 없었다. 비록 농사 하는 집일망정 깨끗하여 먼지 있는 것을 볼 수 없으며 심지어 뜰 앞 구석에 박혀 있는 돌 한 개라도 사람의 발부리에 채이지 않도록 자기를 잡아놓는 일이며, 항상 손부리에서 노는 호미, 괭이, 걸레, 비, 화로, 성냥갑, 바느질 그릇, 암질러 잃어버리지 않도록 급한 때 얼른 찾도록 교묘히 정돈해 두는 것이었다. 그러므로 성냥 한 개비를 무단히 없애지 않고 실 한 바람을 유효하게 썼다. 하여 점점 늘어가는 그의 가세는 매해 달라갔다.그러는 사이에 봉준의 나이 일곱 살이 되었다. 그는 분주히 그곳 예수교 학교에 아들을 입학시켰다.
그 후부터는 아침이 되면 봉준이가 책보를 들고 학교로 달아나는 것이었다.
그는 말없이 아들의 가는 뒤 꼴을 물끄러미 바라보며 '저것을 사람을 맨들  어놔야 할 텐데……’ 이렇게 생각할 때 어머니란 책임이 무겁고도 막연함을 깨달았다.동네 새 술장 수집이 생긴 후로 잠잠하던 촌동네가 뒤숭숭하게 되었다. 그러므로 어떤 사람은 내어 쫓자는 사람으로, 덮어놓고 욕질하는 사람으로, 한 동안은 그에게로 부산히 문안 겸 노친네 젊은 부인네들이 저녁이 되면 모여들었다.
그는 언제나 말없는 웃음으로 그들을 대해 주면서 밤낮으로 우는 예쁜 이의 정형이 불쌍하였다. 따라서 그의 앞으로 매일같이 지나다니는 그의 어린 딸은 연중에 탐스러웠다. 무엇보다도 꼭 다문 입술, 사려 깊은 듯한 그의 눈은 장래가 있다는 것을 그로 하여금 상상케 하였다.
이렇게 생각이 들수록 예쁜이에게서 이 아이를 자기에게로 뺏아올 마음이 들었다. 자기가 예쁜이 보다 어머니로서의 모든 책임 이행이 낫다 해서 그렇다는 것보다도 영업이 영업인 것만큼 그 어린 천진한 것에게 벌써부터 술 냄새와 사내놈들의 꼴을 보이는 것이 자기 경험을 미루어 가엾은 생각이 들었던 것이다.이리하여 그가 마당에 나왔다가도 아기만 뵈면 손짓을 하여 손목을 꼭 잡고 자기 집으로 데리고 가서 밥이든지 무엇이든지 먹여 보내곤 하였다.
아기는 눈만 뜨면 봉준 어머니가 보고 싶었다. 언제나 고요히 웃는 눈, 항상 쓰다듬어 주는 그의 흰 손, 그리고 가늘고도 부드러운 그의 음성이었다. 더구나 봉준의 고운 옷감을 끊어다 손수 만드는 것이 무엇보다도 아기의 눈에 띄었던 것이다.
아기는 가만히 자기 어머니를 생각해 보았다. 구석구석이 때 묻은 옷을 내버려 두는 것, 그리고 술이나 마시고 마시고, 해종일 마시고는 사 내 놈들의 무릎과 무릎 사이로 옮아다니는 꼴이었다. 그는 울고 싶었다. 아니 남몰래 우는 적이 많았다. 그는 쓰라린 현실로부터 그의 이지는 엉뚱나게 발달 되었던 것이다.아기는 틈만 있으면 봉준네 집으로 달려갔다.
""아가, 밥 먹었니?""
""네.""
""더 먹지?""
""싫어요.""
봉준이는 공부한다고 책을 벌려 놓고 읽기도 하고 쓰기도 한다. 그는 옆구리로 다가앉아 물끄러미 들여다보았다. 봉준이 어머니는,
""아기도 공부하고 싶으니?""
그는 머리를 폭 숙였다.
""학교 가고 싶어?""
손으로 그의 머리를 쓰다듬었다. 그는 애기의 대답이 없음에 '아마도 아직 공부가 무엇인지 모르니까 그러나 보다’ 하고 생각하였다.
아기의 눈물이 봉준 어머니 손에 떨어졌다. 그는 놀라 아기를 들여다보았다.
""어째 우니?""
그는 아무 대답이 없었다.
""어머니한테 꾸지람 들었니?""
봉준 어머니는 너무 안타까움에 그의 목을 얼싸안고 들여다보았다. 봉준이도 멀거니 바라보았다.","안녕하세요! 요청하신 소설 《어머니와 딸》 13화의 내용을 정성껏 읽고 요약해 드립니다. 이 내용은 한 여성이 과거의 아픔을 뒤로하고 어머니로서 새로운 삶을 일궈나가는 과정, 그리고 그 과정에서 만난 불우한 아이와의 교감을 담고 있습니다.

---

### [소설 요약: 어머니와 딸 13화]

**1. 과거와의 결별과 새로운 시작**
산호주는 연인인 강수와의 관계를 정리하고, 임신 사실을 알게 되자 과거의 기억이 있는 평양을 떠나 새로운 곳으로 이주합니다. 그녀는 낯선 곳에서 정착하여 농사를 지으며 홀로 아이를 키우기 위한 기반을 닦습니다.

**2. 모성애로 피어난 성실한 삶**
아들 봉준을 낳은 산호주는 차가웠던 마음이 모성애로 녹아내리며 삶의 새로운 의지를 갖게 됩니다. 그녀는 아들을 위해 밤낮없이 일하며 매우 성실하고 깔끔하게 살림을 꾸려나갔고, 마을 사람들에게 존경받는 부인으로 성장합니다. 아들 봉준이 학교에 다니며 올바르게 자라가는 모습은 그녀의 가장 큰 희망이 됩니다.

**3. 불우한 환경의 아이와의 만남**
마을에 술집이 들어서면서, 술집 주인(예쁜이)의 어린 딸이 산호주의 눈에 들어옵니다. 산호주는 술과 사내들에게 둘러싸인 비참한 환경에서 자라는 아이를 보며 깊은 연민을 느낍니다. 그녀는 아이가 자신처럼 힘든 삶을 살지 않기를 바라는 마음으로 아이를 따뜻하게 챙겨줍니다.

**4. 아이의 눈물과 교감**
아이 역시 산호주의 따뜻한 손길과 봉준의 평범하고도 밝은 삶(공부하는 모습 등)에 이끌려 그녀의 집을 자주 찾습니다. 아이는 봉준이 공부하는 모습을 곁에서 지켜보다가, 자신의 비참한 현실과 대비되는 평화로운 풍경 앞에서 참았던 눈물을 터뜨립니다. 산호주는 그런 아이를 안아주며 안타까운 마음을 공유합니다.

---

**요약 포인트:** 
이 에피소드는 **'과거를 극복한 어머니의 숭고한 삶'**과 **'그 따뜻함이 불우한 환경에 처한 아이에게 전달되는 과정'**을 통해 모성애와 인간애를 보여주고 있습니다.

도움이 되셨기를 바랍니다! 더 궁금한 점이 있으면 언제든 말씀해 주세요. 😊"
어머니와 딸 14화,"""아가, 말해라. 웅?""
""학교 가고 싶어…… ""울음 섞어 말하였다. 순간에 봉준 어머니의 가슴은 쾅 하고 내려앉음을 느꼈다.
""오냐, 너도 물론 배우고 싶었을 테다. 내가 어리석게 네 마음을 몰랐구나!""
그의 눈에도 눈물이 괴었다. 그렇게 알뜰한 것을 공부를 못 시켜 주나, 배우지 못함에 그 어린 가슴이 얼마나 안타까웠으랴, 이렇게 생각하였다.
""아가, 내일부터 학교 가라. 어머니 보고 물어보고 학비는 내가 물어주마. 응?""
그는 금시로 눈물 괸 눈에 웃음이 돌았다.
""어머니가 못 가게 하면…… ""애처롭게 그를 쳐다보았다.
""오냐, 내 말하마.""그 후부터 아기는 봉준의 집으로 아주 옮아오고 예쁜이는 사내놈을 달고 멀리 뛰어버렸다.
봉준 어머니는 아기의 이름을 옥이라고 지었다. 십여 살이나 먹도록 이름 없는 한낱 생명이었던 것이다.
봉준 어머니가 옥이를 데려다 놓고 가지각색 옷을 맵시 있게 꽃다대 처럼 해서는 입히곤 하였다.
따라서 옥이도 나간 어머님 생각은 아주 잊어버리고 말았다. 그러나 이따금 봉준이가 툭 부러지게,
""가아, 너의 엄마한테로 가야.""
이런 소리를 듣고 나면 어린 가슴이 찌르르 울리는 것이었다. 봉준 어머니는,
""봉준아, 나는 너의 엄마는 아니고 옥이 엄마다! 네가 나가라.""
웃지도 않고 가만히 쳐다보면,
""아니야 엄마.""
그에게로 와서 안기려면 물리치며, 봉준이는 눈물이 글썽글썽해지면 잠잠하였다.
""안 그러지, 봉준아. 옥이도 이리 온.""
두 아이를 무릎 위에 올려놓고 옛날 영웅 이야기 같은 것으로 짤막한 동화 같은 것을 하여 들이곤 하였다.옥이 열네 살 잡히고 봉준이는 열한 살 나던 해 가을, 그의 어머니는 감기에 걸려 십여 일 꼿꼿이 앓은 결과로 아주 세상을 떠나게 되었다. 그는 마지막까지 봉준과 옥이 손을 붙잡고 차마 눈을 감지 못한 채 가고 말았던 것이다.
바로 임종시에 애들의 선생인 김영철이를 데려다 놓고 불쌍한 두 어린 것 들의 장래를 부탁하였던 것이다.
피가 흐르는 듯한 어머니의 간절한 부탁으로 무거운 짐을 한 어깨에 짊 어진 영철 선생은 그 둘이 아플세라, 혹은 공부를 잘 못할 세라 안팎으로 마음을 졸여가며 무럭무럭 자라나는 그들을 보고 기뻐하였다.
유언을 따라 옥이 스무 살 잡히던 해에 그곳 예배당 내에서 그들의 혼례식은 끝이 났다.
시어머님은 본을 따라 옥이는 세간 살림을 나무랄 여지가 없이 잘하였다.
남편인 봉준이는 곧 평양으로 공부 보내고 혼자서 농사 뒤를 쳐가며 남편의 학비를 보냈다. 이리하여 동네에서는 입 든 이마다 ""나 어린 것이 용해 ""
이렇게 일컬음을 듣곤 하였다.봉준이가 평양서 공부를 마치고 일본으로 건너가자 영철 선생의 권으로 옥이는 읍으로 이사를 하게 되었다. 무엇보다도 송화읍 내에 예수교 안으로 경영하는 청년학원에 그를 입학시키고자 함이었다.
그가 학교에 다니면서부터 공부에 재미를 붙여 밤잠을 못 자고서라도 남에게 떨어지려고는 하지 않았다. 그럼으로 인해서 학교 선생들까지 옥이를 사랑하고 학생들한테까지 질투심을 받게 되었다.3. 남편 남편이 동경으로 간 후부터는 행동이 수상쩍은 일이 한둘이 아니었으나 이러한 편지를 하기 전까지는 차마 그에게 대하여 의심을 하지 못하였다. 그러나 역시 편지가 온 후에라도 제가 셈이 없어 그러거니, 철만 들면 어머니를 생각하기로서니 설마 그렇게까지 하랴, 이러한 위로로 스스로 마음을 가라앉혔다.
하나 며칠에 한 번씩 온다는 편지는 돈 보내라는 것 외에는 어서 이혼 하고 당신도 다른 남편 얻어가라는 충고 비슷한 형식을 취하여 협박을 하는 것 이었다.여기에서 좋게만 해석하던 옥이도 마음이 흔들리기 시작하였다. 하여 그 잘 하던 공부도 차츰차츰 뒤로 물러가며 따라 밤이면 꼬박 일어 앉아 새우는 밤이 점증하였다. 자기를 생각하여서 그러는 것보다도 나 어린 남편의 장래를 위하여 어쩌면 그로 하여금 편하게 마음대로 해주는 동시에 일생을 행복스럽게 만들어줄까, 자기의 신세를 마쳐 버리게 된다더라도 남편에게 행복함이 된다면 어떠한 일이라도 감행할 것 같았다.
옥이는 바느질그릇을 앞으로 당겨 놓고 일감을 들었다. 그러나 바늘은 거의 무의식적으로 움직일 뿐이고 벌써 왔어야 할 남편이 아직 아무런 기별 없이 잠잠하니 기막힐 노릇이었다. 하여, 혹은 중로에서 무슨 남다른 일이나 만나지 않았나, 또는 동무집에 중참을 하지 않았나, 이런 생각으로 머리가 뒤숭숭하여졌다.
바라보니 조그만 거미 한 마리가 옥이 앞으로 조루루 내려와서 바느질 그릇 위에 떨어지더니 또다시 줄을 거두어 가지고 천장으로 올라간다. 그는 물끄러미 쳐다보며, '거미가 내려오면 반가운 손님이 온다는데……’ 이런 생각을 하며 일어났다.
뜰 앞 포플러나무 가지 위에서는 매미 소리가 요란스럽게 난다. 옥이는 가만히 가만히 밖으로 나가서 나뭇가지를 살펴보았다. 매미는 푸르릉 하고 날아갔다. 숨이 답답하도록 햇빛이 내리눌렀다.","안녕하세요! 요청하신 소설 <어머니와 딸> 14화의 내용을 친절하게 요약해 드릴게요. 😊

이 내용은 주인공 **'옥이'**가 역경을 딛고 성장해 나가지만, 믿었던 남편으로부터 예상치 못한 시련을 겪게 되는 과정을 담고 있습니다. 크게 세 부분으로 나누어 요약할 수 있습니다.

**1. 옥이의 성장과 봉준 어머니의 사랑**
배움에 대한 갈망이 컸던 어린 옥이는 봉준의 어머니의 따뜻한 보살핌을 받으며 '옥이'라는 이름을 얻고 그 집에서 자라게 됩니다. 비록 친어머니는 아니었지만, 봉준의 어머니는 옥이를 지극정성으로 돌보았습니다. 이후 봉준의 어머니가 갑작스럽게 세상을 떠나게 되자, 그녀는 선생인 김영철에게 두 아이의 앞날을 부탁하며 눈을 감습니다.

**2. 봉준과의 결혼과 헌신적인 뒷바라지**
김영철 선생의 보살핌 속에서 건강하게 자란 옥이는 스무 살 무렵 봉준과 결혼합니다. 옥이는 시어머니를 본받아 살림을 완벽하게 해냈을 뿐만 아니라, 남편 봉준이 평양에서 공부할 수 있도록 홀로 농사를 지으며 학비를 대는 등 매우 헌신적인 아내의 모습을 보여줍니다.

**3. 옥이의 학업과 남편의 배신**
봉준이 일본으로 떠난 후, 옥이는 권유를 받아 읍내의 학원에서 공부를 시작하며 배움의 즐거움을 깨닫습니다. 하지만 행복도 잠시, 일본에 있는 남편 봉준으로부터 충격적인 편지들이 날아옵니다. 편지에는 돈을 보내라는 요구와 함께, 차라리 이혼하고 다른 남편을 얻으라는 식의 협박 섞인 내용이 담겨 있었습니다. 옥이는 남편을 믿고 싶어 하며 스스로를 다독여보려 하지만, 남편의 변심으로 인해 깊은 정신적 고통과 불안에 빠지게 됩니다.

---
**요약하자면:** 
어려운 환경 속에서도 헌신과 노력으로 삶을 일궈온 옥이가, 남편의 학업을 뒷바라지하며 자신도 배움을 이어가던 중 **남편의 배신과 경제적 요구라는 커다란 시련을 맞이하게 되는 가슴 아픈 상황**을 보여주고 있습니다.

내용이 이해에 도움이 되었기를 바랍니다! 더 궁금한 점이 있으면 언제든 말씀해 주세요. 🌸"
어머니와 딸 15화,"옥이는 골방 문 앞으로 왔다.
""나무 또 하러 가겠나?""
""가지요.""
기성이는 일어났다.
""그만두게. 그러고 차부에 나가보게.""
""오늘은 꼭 오시나요?""
매일같이 냄새나는 차부에 우두커니 나가 섰기가 열쩍었던 것이다.
""글쎄, 나가 보게나. 늘 나가다가 오늘따라 없이 안 나가는 날 마침 오늘 오신다면 여지 나가던 보람이 없어지지 않나?""
그는 마지못하여 옷을 툭툭 털고 어 정어정 걸어나갔다. 그리 댐치 않은 꼴이었다.
""어서 빨리 가보게!""
소리치고 나서 안방으로 들어왔다.
밖으로부터 기성이가 가방은 들고 뛰어 들어온다. 순간에 그의 가슴은 쿵, 하는 소리가 자기 귀에도 확실히 들렸다.
""주인님 오십니다.""
기성이는 아까와는 딴판으로 엉덩춤을 추며 지게를 얻어 지고 밖으로 나간다.
그는 몸둘 곳을 알지 못하여 두루두루 보다가 부엌으로 나왔다.
어쩐지 가슴이 둘렁둘렁하기 시작하였다.
'행여나 오늘 온다면 어쩔까, 어쩌기는 무엇을 어째?’
이렇게 생각하며 픽 웃었다. 그러나 여전히 뒤숭숭하였다. 그의 앞에는 아무 것도 보이지 않았다. 똑딱똑딱 시계를 따라 점점 가슴이 답답해 질 뿐이었다. 그는 땅이 꺼지도록 한숨을 내쉰 후 가만히 일어났다.구둣소리가 나자 남편이 들어왔다. 성큼 올라서서 방안을 들여다보며,
""옥씨, 어디 가셨소?""
부엌 뒷문에 비껴선 옥이는 두 눈이 캄캄해지면 땅 속으로도 퐁당 들어가면 좋은 것 같았다. 이때처럼 자신이 무겁고 귀찮을 때는 처음이었다.
기성이는 지고 온 고리짝을 내려놓고 땀을 씻으며 부엌으로 들어왔다.
""뎜심 어떻게 하나요.""
옥이는 머리를 돌렸다.
""한 그릇 시켜 오게.""
말소리가 들리자 봉준은 부엌 샛문을 열고 들여다보았다.
""옥씨, 안녕하시댔소?""
그의 얼굴빛은 아주 담홍빛으로 되었다. 기성이는 옥이를 한 번 더 쳐다보고는 빙긋이 웃고 밖으로 나갔다.""어서 이리 들어와요. 왜 그러고만 있소? 반갑지 않아요?""
묻는 말에는 그리 탐탁히 굴지 않던 사람이 이번에는 아주 딴판이었다. 그럴수록 옥의 가슴은 점점 더 의문으로 꽉 채워졌다.
국수 그릇이 들어오자 상을 차려 기성이를 주었다. 그는 받아 가지고 안으로 들어갔다. 뒤이어 남편은 나왔다.
""여보 옥씨, 들어와요.""
옥의 등을 밀었다. 그는 안타깝게 얼굴이 확 확 달았다.
""어서 들어가세요.""
그는 벙글벙글 웃으며,
""같이 들어가야 합니다.""
하는 수 없이 방으로 들어갔다.
남편은 상을 들어 옥의 앞에 갖다 놓고,
""기성이, 공기 들여 오게. 빈 그릇이라야 잘 알아듣겠군. 여보게, 빈 그릇 들여다주게.""
빈 그릇을 받아 놓고 국수를 덜어 자기 앞에 놓았다.
""같이 먹읍세다, 우리.""
저를 들어주었다.
""금방 금방 먹었어요.""
""먹기는 나도 먹었소. 하 권할 때 못 이기는 것처럼 하고 들구려.""
옥이는 그의 하는 대로 내버려두었다. 입은 꽤 꽤 썼다. 남편은 얼른 먹고 저 를 놓았다.
""잘 먹었습니다, 옥씨.""
그도 따라 저를 놓았다.
""요새 방학했지요. 당신네 학교에서도!""
""네.""
""공부 자미나요?""
""그렇지요, 뭐.""
""김 선생님 늘 오셨소?""
""네.""남편은 벌컥 일어나서 양복을 훌훌 벗고,
""기성이, 고리 끌르게!""
그는 분주히 달려가서 고리짝을 벗기고 가로세로 줄진 하오리를 내어 입었다.
멍하니 바라보던 옥이는 '저것은 또 무엔고’ 어쨌든 남편이 하는 것은 다 좋아 보였다.
남편은 꺽둑이를 신고 마당으로 나갔다.
""여보게 기성이, 자네 다락 지을 줄 아나?""
그는 이상하다는 듯이 주인을 자세히 훑어보았다.
""글쎄요, 지으면 짓겠지요.""
""그렇지, 자네쯤 해서 다락 못 짓겠나?""
그는 벙글벙글 웃으며 포플러나무 아래로 왔다.
""여기다 짓게. 빨리 지어야 하네 정, 울짱 있나?""
""좀 있지요.""
""잘 되었네. 어디 있나?""
복술이는 밖으로부터 들어오자 컹컹 짖었다. 그는 복술이를 어루만졌다.
""강아지가 이렇게 컸나?""
마루에서 고리를 뒤지고 있는 옥이를 쳐다보았다.
밤낮으로 쓰다듬어 기른 복술이를 어루만질 때 옥의 가슴은 오싹해짐을 느꼈다.기성이는 울짱을 한 아름 안고 뜰 안목캐로 나왔다. 그리하여 구렁을 파고 기둥 네 개를 세웠다. 기성이가 땀을 씻는 동안 봉준은 괭이를 둘러메고 헛괭이질을 하였다.
""것도 못하겠네 그려. 자네 용허이.""
기성이는 허허 웃었다.
이리하여 봉준은 잔심부름 뻔뜩케 하여 해질녘에 겨우 다락을 지어놓았다.
""수고 단단히 했네. 고맙네.""
부엌으로 뛰어들자 개숫물에 손을 씻으며,
""저 봐요, 옥씨!""
옥이도 따라 웃었다.
""좋지요, 기세는 밥 많이 주.""
기성이를 쳐다보고 빙긋이 웃었다.
그들은 어리둥절해졌다. 따라 어림상은 없어지고 떨리던 옥의 가슴도 적이 가라앉았다.저녁을 물린 그들은 봉준의 권으로 다락 위에 올라앉았다. 그는 자기 손끝에 노는 기구를 전부 다락으로 옮겼다. 그들은 멍하니 바라볼 뿐이었다.
남편은 바이올린을 내어 뜯었다. 무슨 곡조인지는 몰라도 어쩐지 처량하게 들렸다. 그도 시원치 않은지 이번에는 하모니카를 내어 불었다. 어깨까지 들썩들썩 하였다.
모든 것에 능통한 남편을 쳐다보는 옥이는 속으로 '어머님이 계셨더라면 얼마 기뻐하시랴’ 남모르게 눈물이 흐르는 것이었다.
기성이는 두 분을 똑바로 뜨고 봉준이의 몸세 놀리는 대로 따라 움직였다. 하모니카도 싫증이 난 봉준은,
""자리 올려다 주우.""
이제야 기성이는 제정신이 들었던지 후닥닥 일어나 내려왔다. 뒤를 이어 옥이도 내려와서 자리를 올려주었다.
""옥씨, 편안히 주무시오 나 위해 오늘 수고 많이 하였소.""
늦게 일어난 남편은 다락문을 열고 부시시 나왔다. 미리 떠다 놓은 세 숫물에 세수를 하고 다락으로 올라가서 한참 후에 나오는 그의 얼굴은 한층 더 환해졌다. 그는 밥상을 마주 앉으며,
""옥씨도 잡수어야지요?""
""먹었습니다.""
몇 술을 뜨는 듯하더니 상을 물리었다.","안녕하세요! 요청하신 소설 《어머니와 딸》 15화의 내용을 친절하게 요약해 드릴게요.

**[소설 내용 요약]**

이 장면은 남편의 귀가를 기다리는 **옥이**의 초조한 마음과, 평소와 다르게 활기찬 모습으로 돌아온 남편 **봉준**의 행동을 중심으로 전개됩니다.

1.  **남편을 기다리는 불안함:** 옥이는 남편 봉준이 언제 올지 몰라 무척 초조하고 불안해하며 기다립니다. 남편이 오면 어떻게 대해야 할지 몰라 마음이 뒤숭숭하고 답답해합니다.
2.  **봉준의 뜻밖의 변화:** 마침내 돌아온 봉준은 평소와 달리 매우 밝고 다정한 모습입니다. 그는 옥이에게 다정하게 인사를 건네고, 함께 국수를 먹자고 권하며 평소와는 딴판인 친절한 태도를 보입니다.
3.  **다락 만들기:** 봉준은 갑자기 마당의 포플러나무 아래에 다락을 짓겠다고 선언합니다. 그는 일꾼 기성이와 함께 직접 괭이질을 하며 열심히 일했고, 해질녘이 되어서야 다락을 완성합니다.
4.  **평화로운 저녁과 옥이의 회상:** 완성된 다락 위에서 봉준은 바이올린과 하모니카를 연주하며 즐거운 시간을 보냅니다. 그 평화롭고 활기찬 모습을 지켜보던 옥이는 문득 돌아가신 어머니를 떠올리며, 어머니가 계셨더라면 얼마나 기뻐하셨을까 하는 생각에 남몰래 눈물을 흘립니다.

**요약하자면,** 남편의 귀가를 불안하게 기다리던 옥이가, 평소와 달리 매우 활기차고 다정하게 다락까지 지으며 음악을 즐기는 남편의 모습을 보며 복합적인 감정(기쁨과 그리움)을 느끼는 장면입니다.

내용 이해에 도움이 되었기를 바랍니다! 더 궁금한 점이 있으면 언제든 말씀해 주세요. 😊"
어머니와 딸 16화,"""오늘 주일 날이지요?""
""네.""
남편은 양복을 바꾸어 입고 연해 면경 속으로 자기를 비춰보았다.
""기성이, 다락에서 솔 들여다 주게.""
가져오는 솔을 받아 위에서부터 내려 쓸었다. 햇빛에 일어나는 먼지는 오색으로 빛났다.
""예배당에 갑시다. 당신 예수 잘 믿지요 그래서 나 위해 기도 많이 하신 댔지요.""
옥의 얼굴은 빨개졌다. 오밤중에 일어나 눈물 먹어 쓴 편지 일면이 그 의 앞에 빤히 나타나는 것이었다.
""그래서 나도 예수를 진실히 믿게 되었지요그려.""
빙긋 웃으며 밖으로 나갔다.
남편이 나가는 뒤 꼴을 물끄러미 바라본 그는 '빠른 것은 세월이다!’ 하고 생각하였다.
재종 소리에 놀란 그는 분주히 옷을 갈아입고 밖으로 나와서 부엌 대문을 걸고 사랑문을 들여다보며 기성이에게,
""집 잘 보게.""
하고 사립문을 지치고 골목 새로 빠졌다. 복술이는 뒤를 따랐다.예배당 가까이 오자 우렁차게 울려나오는 찬미 소리가 들렸다. 문안을 들어서며 '참으로 남편이 왔을까? 하는 호기심으로 남자 방을 힐끔 쳐다보았다.
""왜 언니 늦게 오시우?""
옥의 손을 꼭 잡아 제 곁에 끌어앉히는 학생을 바라보니 상애였다. 따라 학생들은 눈으로 옥에게 인사를 건네었다.
그가 자리에 앉자마자 상애는,
""숙희라는 여자 왔어.""
가만히 말하였다.
""어디?""
그의 가슴은 호기심에 들떴다.
""언니 뒤, 네 사람 건너서.""
이번엔 입을 막고 말하였다.
그는 조심히 돌아보았다. 트레머리 한 얌전한 처녀들이 가지런히 앉았다. 순간에 그는 일종의 질투 비슷한 감정이 떠올랐다.
""어때?""
""곱구나""
""곱기는 무어 고와? 그렇게 치장해서 안 고울 년이 어디 있담 정, 신랑도 왔겠시다리?""
""응.""
""반가와?""
""그렇지.""
그는 의미 있는 웃음을 웃고 나서 찬송을 불렀다.
예배 다 마치기까지 옥은 불편함을 느꼈다. 그리고 남편과 숙희가 번갈아 떠올랐다. 따라 점점 자신은 아무것으로도 생각되지 않았다.' 그들은 많이 알고 쓰기도 잘 할 터이지. 나도 배우면 되겠지.’ 이리하여 겨우 가라앉히는 사이에 벌써 예배는 끝났다.욱욱 밀려나가는 사람들 틈에 섞여 두 여자의 가는 뒷맵시를 바라보았다. 날씬한 허리, 알맞은 키와 샛노란 구두, 하얀 팔뚝 속으로 비치는 손시계.
등을 툭 치매 돌아보니 기순이었다.
""언니 남편도 왔구려.""
저켠을 바라보았다.
남편은 두 여자의 가는 뒷맵시만을 눈이 뚫어지도록 바라보는 것이었다. 순간에 그의 얼굴은 화끈 달았다.' 그렇겠지!’ 이렇게 속으로 부르짖었다. 남편이 어째서 이곳까지 오게 된 것을 잘 알게 되었다. 따라 그의 전 신의 맥은 탁 풀리고 앞이 캄캄하였다.
""언니, 오후에 또 오지.""
""글쎄.""
이렇게 맥없이 대답하고 집으로 돌아왔다. 벌써 복술이는 앞장섰다. ' 나에게는 복술이 밖에 없다.’ 하고 눈물이 쑥 비어졌다.""얼마나 기쁘나?""
남편과 영철 선생이 마주 앉았다.
""방학하고 곧 내려오지 무엇하기 여직껏 있었담. 옥이는 얼마나 기다렸는지 모른다네.""
빙긋이 웃어 보였다.
""글쎄올시다. 동무 집에서 붙잡아서…… ""옥이는 윗방으로 가서 옷을 갈아입은 후 부엌으로 나갔다.
""자네 이번 학비는 전보담 많이 썼지. 될 수 있는 데까지는 절약해 쓰게.""
돈 이야기를 꺼내면 언제나 그는 듣기 싫었다.
""조선과 달라서…… """"음, 그런 줄은 잘 아네마는…… 내 장골 논을 또 팔아야겠네.""
""팔지요.""
선생을 쳐다보았다.
""지금 곧 팔게 하지요.""
철없이 덤벙대는 봉준이를 물끄러미 바라본 선생은 난처하게 생각되었다.
""아무 때나 팔겠나, 내일 모레 벼를 비게 되었는데…… 늦은 가을쯤 가서 내어놓겠네. 아껴 쓰도록 하게.그는 벌컥 일어나 왔다갔다 하며 마루로 나왔다. 그의 발 밑은 산뜻한 쾌감을 느끼며,
""무얼 하시우?""
옥의 이마 끝에는 땀이 방울 방울 맺히고 불빛에 두 볼이 빨개졌다. 첫 눈에 ' 과연 미인이다.’ 하고 봉준은 속으로 중얼대었다.
옥은 땀을 씻으며,
""점심 하지요.""
""여보 그만두. 더운데 시원하게 국수나 사다 먹고 말지. 어서 들어오우.""점심을 먹은 봉준은 방에 앉았기가 어째서 불쾌하였다. 그는 모자를 들고 일어났다.
""참, 지독히 덥군.""
이렇게 혼잣말로 중얼거린 후,
""저는 놀러 나갑니다.""
하고 나가 버렸다.
""이번은 좀 나아진 것 같으네. 자네께 구는 것이.""
옥이는 잠잠히 머리를 숙였다.
""그렇지 않나, 말하는 것이나?""
숙인 그의 얼굴을 쳐다보았다. 그의 두 볼은 붉어짐으로 대할 뿐이었다.","안녕하세요! 요청하신 소설 <어머니와 딸> 16화의 내용을 친절하게 요약해 드릴게요.

이 내용은 크게 **'교회에서의 심리적 갈등'**과 **'집으로 돌아온 후의 경제적·관계적 상황'** 두 부분으로 나눌 수 있습니다.

---

### 1. 교회에서의 질투와 상처
주일 아침, 남편 봉준은 예배를 가기 위해 채비를 하고 옥(아내)과 함께 교회로 향합니다. 교회에 도착한 옥은 '숙희'라는 여자가 왔다는 소식을 듣고 묘한 호기심과 질투심을 느낍니다. 

예배가 끝난 후, 옥은 남편 봉준이 세련된 차림의 다른 여성들(숙희와 그 일행)의 뒷모습을 넋을 잃고 바라보는 모습을 목격합니다. 이 장면을 본 옥은 남편의 마음이 딴 곳에 있다는 사실을 직감하며, 깊은 소외감과 절망감을 느끼고 맥없이 집으로 돌아옵니다.

### 2. 현실적인 문제와 부부의 거리감
집으로 돌아온 봉준은 영철 선생과 함께 나타납니다. 두 사람은 학비 문제 등 경제적인 어려움에 대해 이야기를 나눕니다. 봉준은 교육비를 마련하기 위해 장골 논을 팔아야 하는 상황에 처해 있습니다.

봉준은 잠시 옥의 미모를 보고 ""과연 미인이다""라고 속으로 생각하기도 하지만, 집안의 분위기나 상황이 어딘지 모르게 불편한 듯 금세 ""덥다""는 핑계를 대며 밖으로 나가버립니다. 옥은 그런 남편 앞에서 그저 얼굴을 붉히며 침묵할 뿐입니다.

---

### 💡 요약 포인트
* **심리적 갈등:** 남편의 시선이 다른 여자에게 향하는 것을 본 옥의 질투와 상처.
* **경제적 상황:** 학비를 마련하기 위해 땅을 팔아야 하는 집안의 현실적 고충.
* **부부 관계:** 외적인 미모에 대한 짧은 감탄은 있으나, 정서적으로는 서로 멀어져 있고 대화가 겉도는 부부의 모습.

내용이 도움이 되셨기를 바랍니다! 더 궁금한 점이 있으면 언제든 말씀해 주세요. 😊"
어머니와 딸 17화,"""논은 팔기로 되었네. 봉준이까지 팔라니까.""
""네? 팔라고 합데까?
감추었던 설움이 왈 쓸어 나왔다. 선생은 한숨을 쉬며,
""돈을 들이면 돈이 나오겠지. 그렇지 않나? 어쨌든 하던 공부는 마쳐야겠으니까…… ""
언지를 못 얻어 잔뜩 들이켰던 눈물은 좍 쏟아졌다. 선생도 마음이 언짢아졌다. 한창이나 묵묵하니 앉았던 그는,
""우는 것으로 일 치우겠나. 그런데 봉준의 말을 들으니 오는 봄에는 자네도 서울로 다리고 가겠다대.""
그의 귀는 번쩍 띄었다.
""내 생각에는 그것만은 잘 생각했다고 하였네. 이곳에 박혀 앉아 있다가는 결국은 자네만 속을 일일세.""
옥이도 그렇다고 생각되었다. 따라서 그가 어떻게 자기까지 공부시킬 마음을 먹었을까? 여기에서 실낱 같은 희망이 붙었다. 그러나 점점 패하여 들어갈 자기네 가세 형편이 무엇보다도 감감하여졌다.
""하나 공부하기도 어려운 판에 저까지 올라가면 아주 못 살게 되게요.""
""하여간 가는 데까지 가보세구만. 몇 해 후에 제가 졸업을 할 터이니 그때에는 무슨 수가 나겠지.""
선생도 이렇게 쓸어치고 말았으나 역시 걱정 아닌 것은 아니었다. 그렇다고 옥이를 이곳에서 살림살이나 맡아 가지고 엄벙덤벙 지나가다 공부 없다고 차던지든지 하면 그 역시 난처한 일이었다. 그러므로 우선두를 다 내세워 가지고 공부를 시킨 후 나중 문제는 자기네들끼리 해결하더라도 우선은 옥이로 하여금 여한이나 없게 하자는 것이었다.
선생은 일어섰다.
""자네의 한 번 생각에 달린 것일세. 몇 달 동안 꾸준히 생각해 두게.""
그도 따라 문 밖까지 나왔다. 높았다 낮아지는 잠자리 지처귀 소리가 은은히 들렸다.밤이 되면 옥이는 한잠도 못 잤다. 전에는 남편이 오면 낫겠거니 하고 기다렸더니, 남편이 막상 오고 보니 말 못할 새 설움이 한 가락 더해졌다.
남편 역시 번민을 하는 모양이었다. 낮이나 밤이나 오래오래 쏘다니다 가는 얼근히 취하여 벼락치듯 다락으로 기어올라가서는 목을 놓고 종종 우는 때가 있었다. 그리하여 옥이는 까닭도 모르고 다락 주위로 빙빙 다니다가  는,
""어째 우시우?""
떨리는 손으로 다락문을 열었다.
그는 문을 쿡 닫으며,
""당신 참견할 일 아니오!""
그는 부끄러움과 노여움이 일시에 폭발이 되어 가슴을 짓 모으는 것 같았다.
그는 몇 번이나 발길을 돌렸다가도,
""에라! 아직 철없어 그리는 것이겠지. 돌아가신 어머님을 생각하고 참자!""
이렇게 중얼거리고 방안으로 뛰어들어갔다.
뒷문 사이로 흐르는 차디찬 달빛은 옥의 얼굴을 한층 더 새하얗게 만들어주었다. 그는 애꿏은 뒷문을 발길로 차 던지고 발을 늘였다.
울바자 울짱과 울짱 사이로 걸린 거미줄은 달빛에 빛났다. 길같이 들어선 감탕나무, 칡넝쿨같이 엉킨 호박줄기, 별같이 빛나는 박꽃, 이 모든 것이 고요히 잠든 듯하였다.그는 벌떡 일어나 밖으로 튀어나왔다. 그리하여 마루 위에 털썩 주저 앉았다. 방보다 훨씬 시원한 맛이 있었다.
몇 시간 후에 다락문이 열리자 남편이 셔츠 바람으로 기어나왔다. 그는 전신에 냉수를 끼얹은 듯한 쾌감을 느끼며 부끄러움이 앞을 칵 막아쳤다.
나 막신 끄는 소리가 들렸다. 이리로 향하여 오는 것만 같았다. 한참 후에 또 신발소리는 났다. 뒤이어 다락문 여는 소리가 들렸다. 그는 최후 용기를 다 하여 바라보는 순간 남편의 흰 발목이 천천히 다락 속으로 들어갔다. 그는 얼결에 우뚝 일어섰다. 미친 듯이 마루 기둥을 얼싸안고 돌아갔다.
한참이나 정신없이 돌아가던 그는 나중에는 기운이 진하여 마룻바닥에 쿵 하고 엎어졌다. 갈갈이 흩어진 삼단 같은 그의 머리카락 속으로 빛나는 그의 흰 볼이 아담스러웠다.
잠꼬대에 낑낑하던 복술이는 쿵 소리에 놀라 툭툭 털고 일어났다.
한참 후에 선뜩 선뜩함을 느끼자 가만히 정신을 차려 보니 복술이가 자기 얼굴을 내려 핥고 치 핥으며 낑낑하였다. 순간에 흰 발이 문득 떠올랐다. 그는 이를 부드득 갈고 일어났다. 그래 복술이를 껴안고 멍하니 하늘을 쳐다보았다.
달이 포플러나무 가지에 비스듬히 걸려 샐 쪽샐 쪽 웃는 듯하였다.
그는 머리를 푹 숙이고 복술이를 놓아주었다. 산뜻한 바람이 그의 볼을 스  치자 전신이 산뜻함을 느꼈다. 그는 일어서 방으로 들어서자 매시하니 잠이 푹 들었다.옥이가 며칠 전에 빨래질한 남편의 셔츠, 칼라, 넥타이, 양말들을 차곡차곡 얌전히 꿰맬 것을 꿰매고 하여 고리에 개어 넣었다.
""언니, 무얼 하시우?""
발을 들치는 소리가 들렸다. 그는 바라보니 기순이었다.
""올라오너라. 용히 우리 집에를 오는구나. 어서 올라와.""
""아무도 없지?""
""그래, 누가 우리 집에 있겠니?""
""그런데 다락은 언제 지었소?""
""요즘 지었다. 좋지?
빙긋이 웃었다. 기순이는 마루로 올라앉았다.
""언니, 숙제 다 했소?""
방으로 들어가자 책상 밑으로 갔다.
""야, 숙제가 다 무어냐, 넌 다 했겠구나.""
""언니두…… 나 같은 것이 벌써 숙제를 다 했으면…… 정말 공부 잘 한다고 하게? 언니 신랑도 쉬이 가겠구려?""
""글쎄 가겠지.""
옥이는 밖으로 나가더니 바구니를 들고 들어온다.
""어제 십 전 어치 산 것인데 퍽 달더라.""
""이제 점심 먹고 왔어요.""
노란 참외를 들고 껍질을 벗긴다. 기순이는 혼자서 상긋상긋 웃더니,""언니, 이번 숙희라는 여자 자세히 보았지?""
옥이 주는 참 외 쪽을 받아든다.
""보았지.""
말만 들어도 가슴이 선뜻하였다.
""왜?""
그를 쳐다보았다.
""무슨 말 들은 것 있는데 말할까 말까.""
남편에 관한 것임을 직감하자 호기심에 간질간질하였다.
""말하렴.""
""언니, 골 안 낼 테야?""
""왜, 무슨 말이기 그러니?""
""그만두겠소.""
그리고 참외를 깨물었다. 옥이는 바짝 대어들었다.
""어서 하려무나. 조롱만 하고 마니? 내 언제 골내는 것 보았니?""
""그래두……""
그를 똑똑히 쏘아보았다. 그리고 자주 자주 밖을 내어다보았다.
""이따 저녁에 나 온다. 마음 놓고 놀라우.""
""언니야 뭐, 미리 알겠지.""
""무슨 말인지 하려무나.""
그는 음성을 낮추었다.""숙희라는 여자의 뒤를 늘 따라다니며 매일 편지하다시피 한대. 그래서 이번도 동경서 오기는 벌써 인데 서울서 따라다니느라고 그렇게 늦게 왔다 두 만.""
말끄러미 옥이를 쳐다보았다. 그의 예측한 바와 비슷이 들어맞았다.
""누가 그러던?""
""언니두, 누가 그러던 것까지 내가 말할 것 같애?""
""말하면 어떠냐?""
""그래, 숙희가 이리로 왔더니 분주히 따라왔다지.""
이 말에는 그는 불쾌함을 느꼈다. 그는 약간 미소를 띠워 언짢은 빛을 가리려 하였다.
""알 수 없지. 아내인 내가 눈치를 모르는데 다른 사람이 어찌 알꼬.""
""그래 어느 날 몰래 떠나겠다는 소리를 들었어. 너무 따라다니는 게 귀 치 않아서.""
싸고도는 옥이가 미웠다.
""숙희란 여자가 얼마나 잘났는지는 몰라도 우리 그가 그렇게까지는 아니 할 게다. 그건 다 너희들 수작이지.""
남편을 깎아 누르는 것이 곧 싫어졌다. 기순이는 웃으며,
""보아, 저렇게 성을 내니까 내가 얼른 말할 수가 있나.""
그도 따라 웃으며,
""성이 아니라 글쎄, 들을 세 짐작이 아니냐.""
""무얼 언니두, 너무 싸고 돌지 말아요.""
그는 참외꼭지를 바구니에 던지고 나서 수건으로 입을 씻는다.
""에, 배불러.""
책상을 뒤적거려 과제장을 내어놓고 벌컥벌컥 뒤져본 후 일어섰다.
""어째서 일어나니?""
""내일 과제 장 가지고 와. 어디 가던 길이야.""
기순이를 보낸 그는 기운없이 앉아 있었다. 모든 것이 사실일 것이라고 생각 되었다. 그리고 생각하니 남편이 그지없이 불쌍하여졌다.","안녕하세요! 요청하신 소설 《어머니와 딸》 17화의 내용을 친절하게 요약해 드릴게요.

이 회차는 주인공 **옥이 겪는 경제적 고난, 남편과의 심리적 거리감, 그리고 남편의 외도 의혹**이라는 세 가지 주요 흐름을 담고 있습니다.

---

### 1. 경제적 위기와 공부에 대한 희망
가문의 경제 상황이 급격히 악화되어 논을 팔아야 할 처지에 놓입니다. 선생은 옥이 이곳에 머물며 고생하기보다 서울로 올라가 공부를 계속하기를 권유합니다. 옥은 가세가 기울어가는 현실에 막막함을 느끼면서도, 공부를 계속할 수 있을지도 모른다는 실낱같은 희망을 품게 됩니다.

### 2. 남편과의 깊어지는 갈등과 외로움
남편은 가난과 현실의 무게를 이기지 못해 술을 마시고 밤마다 다락에서 울음을 터뜨리는 등 심리적으로 매우 불안정한 모습을 보입니다. 옥은 그런 남편을 걱정하며 다가가려 하지만, 남편은 오히려 부끄러움과 노여움을 폭발시키며 옥을 밀어냅니다. 이 과정에서 두 사람 사이에는 말할 수 없는 설움과 정서적 거리감이 생겨납니다.

### 3. 남편의 외도 의혹과 옥의 슬픔
어느 날, 기순은 옥에게 남편이 '숙희'라는 여자에게 편지를 쓰고 그녀를 따라다니느라 서울에서 늦게 온 것이라는 소문을 전합니다. 옥은 남편을 두둔하며 애써 담담한 척 미소를 지어 보이지만, 속으로는 남편에 대한 불쾌함과 배신감을 느낍니다. 결국 기순이 떠난 뒤, 옥은 그 소문이 사실일 것이라 직감하며 남편을 향한 원망보다는 오히려 그가 가엾게 느껴지는 복잡하고 슬픈 심경에 빠집니다.

---

**요약하자면:**
가정의 경제적 몰락 속에서 공부를 통해 삶을 바꾸고 싶어 하는 **옥의 희망**과, 술과 외도로 방황하는 **남편의 무너진 모습**, 그리고 그 사이에서 진실을 마주하며 고통받는 **옥의 쓸쓸한 내면**을 보여주는 회차입니다.

내용이 이해에 도움이 되었기를 바랍니다! 더 궁금한 점이 있으면 언제든 말씀해 주세요. 😊"
어머니와 딸 18화,"저녁을 먹고 나간 남편은 아홉 시쯤 하여 뛰어들어오자 휘휘 둘러보더니,
""기성이!""
찾으나 대답이 없었다. 그는 부엌으로 나가더니 새끼를 한 아름 안고 들어와서 구석구석에 놓인 고리를 끌어당겨 꽁꽁 매었다.
물끄러미 바라본 옥이는 내일이나 가려나 부다 하고 생각될 때 울음이 칵 쓸어 나왔다.
다 동인 고리를 가지고 밖으로 나가자 자전거 위에다 실어 놓았다. 그리고 다락으로 들어가 한참이나 버석버석하더니 얼른 양복으로 갈아입고 나왔다.
""옥씨, 난 갑니다.""
뒤이어 자전거 소리가 들렸다.
옥이는 전신이 메스근해지며 정신이 까뭇해지는 것 같았다. 그는 용기를 다 하여 따랐다.
""어디, 어디 가셔요?""
""동경 가지요.""
여름 내 참았던 분이 바짝 치밀었다. 하여 남편에게 매달렸다.
""여보소, 당신 몸에 해롭습니다. 당신은 어머님의 외아들이 아닙니까.""
봉준이는 사정없이 옥이를 밀쳐버리고 자전거에 올라 바퀴를 스르르 굴렸다.
옥이는 미친 듯이 그의 뒤를 따르다 기진하여 풀숲에 푹 고꾸라졌다.4. 세 친구 재일은 늦게 일어났다. 하여 세수도 하기 전에 원선의 하숙을 찾았다. 그는 새로 깐 다다미 위에 비스듬히 책상켠을 의지하여 책을 보고 있었다. 아침 산뜻한 햇빛에 그의 얼굴은 한층 더 윤택해 보였다.
""여보게, 벌써 책인가?""
그는 빙긋이 웃으며 아까보다도 줄을 빨리 타내려갔다.
""그만두게, 밤낮 책만 들고…… ""
책을 뺏으려 하였다. 그는 책 든 손을 물리며,
""마자 보아야겠네. 잠깐만 기다리게.""
재일은 후다닥 일어났다.
""가겠네.""
그제야 책을 놓고 눈을 부비치고 바라보았다.
""놀다 가게나.""
""아니, 나 밥 안 먹었어. 봉준 군과 놀러오게나. 재미있는 일이 있어.""
어차피 잘 되었다 하고 책을 들었다. 예정한 페이지까지 보고 난 그는 책을 덮고 기지개를 하였다. 그리고 어젯밤 봉준에게서 들은 말을 다시금 되풀이 하여 보았다. 따라 자기의 막연한 장래가 새삼스럽게 걱정이 되었다.
""난처한 노릇이지!""
그는 천장을 쳐다보며 이렇게 외쳤다. 봉준의 처지에 있어서는 딱히 이혼하라 고도 못하겠고 하지 말라지도 못할 형편이었다. 이것이야말로 자신이 스스로 해결짓기 전에는 제 삼자로서는 어림도 해보지 못할 것 같았다.
신발소리가 들렸다.그는 누구인지 뻔히 알고 이때껏 하던 생각은 치워 버렸다.
""칩지 않은가?""
벌떡 일어나 앉으며 문을 닫았다.
""앉게.""
그는 맥없이 주저앉았다.
""편지가 또 왔네그려.""
팡팡한 누런 편지를 원선에게로 내쳤다. 그는 받아들었다.
""보았나?""
묻고 나서 편지를 꺼내어 읽기 시작하였다.
다 보고 난 그는 한숨을 푹 쉬었다.
""불쌍하지?
원선을 쳐다보았다. 그는 한참이나 묵묵히 있었다.
""난처하지, 세상 일이 왜 그런가?""
봉준이는 머리를 숙이며 눈물을 글썽글썽해졌다. 이런 편지를 받아쥘 때마다 동정하지 않을 수가 없었던 것이다.
차라리 옥이가 먼발로 친족관계가 된다든지 하면 얼마나 다정할 사이일 는지 몰랐다. 그러나 자기의 사랑하는 사람으로서는 도저히 못할 일이었다.
""내 누님이라면 얼마나 좋겠나?""
외로운 것만큼 누님이라는 명사에 눈물이 날 만큼 감격되었다.
원선이는 봉준의 안타까워하는 모양을 바라보면서도 무엇이라고 위로할 말이 생각나지 않았다.""숙희, 오, 숙희 씨! 나는 숙희 씨가 없이는 못살 것만 같애!""
봉준의 눈은 불이 붙었다.
""너무 감상적으로 나가지 말고 이왕이면 좀 더 자네 마음을 기다려보게. 행여 나중에 사이 좋은 부부가 될는지 누가 아나?""
그는 머리를 흔들어 보았다.
""그리 된다면 나는 좋겠네마는…… 어림도 없는 소리.""
봉준이는 문켠을 향하여 무슨 생각을 하는 듯 하더니,
""자네 숙희 씨와 친한 사이라지?""
""친하다는 것보담두 그저 아는 사이지.""
원선은 편지를 도로 돌렸다.
""불쌍하네, 옥씨가.""
그저 아는 사이지. 이렇게 쓸어치는 원선이가 능글능글해 보였다. 차라리 솔직히 말하여 주었으면 어떨는지 몰랐다.
""그렇게 진심으로 불쌍히 생각하나? 다만 한 마디를 하더라도 참으로 하여 주게, 참으로!""
원선이는 어이가 없어 아무 말도 나가지 않았다.
""여러 소리 말고 재일군한테나 가보세.""
""흥! 혼자 가게나!""
그는 벌떡 일어났다. 원선이도 따라 일어났다.
""왜 또 그러나?""
봉준의 손을 잡았다. 따뜻하였다.
""자네 요새 바짝 더해졌네 그려. 병원에라도 가보아야 하겠네.""
근심스러운 듯이 들여다보았다.
""자네 가고 싶은 곳으로 가세구만. 그리 역정낼 것이 무언가?""
봉준이도 실은 재일이를 찾고 싶지 않은 것은 아니나 치밀리는 감정으로 인하여 이렇게 말하였던 것이다. 하나 그의 따뜻한 손맛으로부터 절반 너머 골이 풀렸던 데다가 이렇게 다정스러이 말하는 것을 듣고 홱 풀리고 말았다.
""가세, 재일 군한테.""
눈물 고인 눈에 웃음이 돌았다. 원선이도 따라 웃고 밖으로 나섰다.
골목을 돌아서는 봉준은,
""여보게! 저기 오는 것이 숙희 아닌가?""
손짓을 통하여 바라보았다. 조선 여학생 둘이서 가지런히 걸어갔다.
""아닐세, 원…… ""
숙희면 서도 자기에게는 숨기는 것 같았다. 그는 분주히 앞서가서 알아보고야 안심이 되어 돌아왔다.
""아니데.""
번번이 그를 의심하다가도 곧 돌리어 난처한 자기를 도리어 불쌍하게 보았다.그들이 재일의 하숙 문을 열었을 때 첫눈에 책상 위에 놓인 파란 꽃 봉투가 보였다.
그들이 앉자마자,
""편지 보게. 우리 숙희한테서 자네한테 한 것일세.""
원선에게로 편지를 던졌다. 번연히 봉준이를 놀리려고 하는 줄 알면서도 다소 가슴이 울렁거렸다.
""쓸데없는 소리 말아!""
정색을 하여 보였다. 재일은 슬쩍 웃으며 봉투 속으로부터 사진을 꺼냈다.
""편지 보기 싫으면 사진이나 보게.""
원선에게로 내어주었다. 그는 사진을 받아 들고 한참이나 보더니,
""올해는 더 부해졌네그려.""
봉준에게로 돌렸다. 그는 사진을 받아들자 얼굴이 빨개졌다.
""아내 있는 사람은 처녀의 사진이 필요치 않을걸?""
봉준은 못 들은 체하고 언제까지나 사진을 들여다보았다.
숙희를 사모한 지 근 몇 해 동안에 사진이나마 이렇게 보게 되기도 처음 이었던 것이다.
숙희에게 보내는 편지마다 '사진이라도 한 장 보내주시오’ 하고 애걸 하다 시피 한 구절이 생각 키우며 눈물이 핑 돌았다.
""허, 남의 처녀 사진을 보고 울면 쓰나, 이리 내게!""
봉준의 손에서 사진을 빼앗았다. 원선이는 재일에게로 달려들었다,
""그까짓 사진이 무엇하는 건가, 자네도 그만해 두게!""
그는 사진을 빼앗아서 봉준에게로 던졌다.
""옛네! 실물은 마음대로 못 보나 그래 사진이나 못 가져 보겠나.""
성이 날 줄 알았던 재일은 허허 웃었다.
""매우들 잘 논다. 상당한 극일세 그려. 응 자네들도 배우 노릇 상당히 하겠네.""
눈을 슴벅슴 벅하였다. 그들도 따라 웃었다.재일은 눈을 실쭉하니 뜨고,
""자네, 그 사진 가지고 가만히 있어서는 안 되어. 중매를 해달라는 말이야. 중매하겠나, 못 하겠나? 말하게.""
""나 같은 것이 중매자의 자격이 있는가?""
""어, 없다면 사진 도루 내게. 소용이 무어람. 자네가 총각이니 연애할 생각을 감히 먹어 보겠나, 어떤 이유하에서 가지느냐 말이야? 단단히 대답 하게. 그렇지 않으면 사진 내놔!""
그는 눈을 딱 부릅뜨고 대들었다. 봉준이도 처음에는 웃는 소리거니 하고 사진 있는 것만 기뻐하였으나 그가 이유를 붙여 가며 대어드는 것을 보니 가슴이 멍청해졌다.
이 꼴을 본 원선이는,
""자네 누이가 그렇게 시집 가고 싶어 등이 달았다면 내 중매하지.""
그의 말문을 막으려고 이런 말을 하였다.
""응 자네가 중매하겠어?""
봉준에게서 사진을 빼앗았다.
""옛 네. 자네가 중매하겠다지? 이 사진 가지겠다는 말이야? 응, 옳지. 자네는 총각이니 만치 아조 가지고 말게나. 총각이 처녀의 사진 가지는 것만큼 떳떳한 일이지. 거리에 나가서 지나오고 가는 사람들에게 물어보게. 내 말을 믿지 않으면 말이야. 봉준 군도 잘 생각해 보게. 원선 군한테 온 사진을 왜 자네가 어림없이 가지겠다는 말이야? 그렇지 않아? 응?""
그는 돌아앉았다.
""살아가면 별꼴들 다 보겠네. 언제는 사진 청해 달라고 매일 조르다시피 하더니 막상 부쳐오니 시치미를 떼어! 이거 뭐 누구를 놀리는 셈인가, 어쩐 일이야!""
원선이를 노려보았다. 그는 웃으며,
""쓸데없는 소리 말아, 자네는 너무 허튼 소리 해서 재미없데.""","안녕하세요! 요청하신 소설 《어머니와 딸》 18화의 내용을 친절하게 요약해 드릴게요.

이 에피소드는 주인공 **봉준**을 중심으로, 그를 둘러싼 아내 **옥이**와의 갈등, 그리고 그가 마음속에 품고 있는 **숙희**를 향한 애틋한 감정이 대비되며 전개됩니다.

---

### 📝 소설 내용 요약

**1. 봉준과 옥이의 갈등과 이별**
봉준은 늦은 밤 집으로 돌아와 아이를 돌본 뒤, 아무런 예고 없이 동경(도쿄)으로 떠날 채비를 합니다. 아내 옥이는 그의 갑작스러운 결정에 큰 슬픔을 느끼며, 그의 건강과 도리를 걱정하며 매달리지만 봉준은 냉정하게 그녀를 밀쳐내고 자전거를 타고 떠나버립니다. 옥이는 절망하며 그를 뒤쫓다 결국 쓰러지고 맙니다.

**2. 친구들과의 만남과 봉준의 복잡한 심경**
이후 장면은 친구인 재일과 원선의 하숙집으로 전환됩니다. 봉준은 친구들을 만나지만, 아내 옥이에 대한 미안함과 죄책감, 그리고 자신의 처지에 대한 난처함 때문에 매우 괴로워하며 눈물을 보입니다. 그는 옥이를 차마 외면할 수 없으면서도, 자신의 마음은 다른 곳을 향하고 있는 모순적인 상황에 괴로워합니다.

**3. 숙희를 향한 그리움과 친구들의 장난**
봉준의 마음을 채우고 있는 것은 바로 '숙희'라는 여인입니다. 친구 재일은 숙희가 보낸 편지와 사진을 봉준에게 보여줍니다. 봉준은 숙희의 사진을 보고 벅찬 감동을 느끼며 아이처럼 기뻐합니다. 이 과정에서 친구들(재일, 원선)은 봉준을 놀리기도 하고, 중매를 언급하며 장난을 치기도 합니다. 무거운 분위기 속에서도 숙희의 사진을 매개로 친구들 사이에는 잠시나마 유쾌한 분위기가 형성됩니다.

---

### 💡 핵심 포인트
* **주요 갈등:** 아내 옥이에 대한 책임감/미안함 vs 숙희를 향한 순수한 사랑 사이에서 방황하는 봉준의 심리.
* **대조적 분위기:** 옥이와의 이별 장면은 매우 비극적이고 무겁게 그려지는 반면, 친구들과 숙희의 사진을 보는 장면은 다소 가볍고 장난스러운 분위기로 전환됩니다.

내용 이해에 도움이 되었기를 바랍니다! 더 궁금한 점이 있으면 언제든 말씀해 주세요. 😊"
어머니와 딸 19화,"봉준이는 더 참을 수 없었다.
""가겠네.""
벌컥 일어났다. 그의 가슴은 무섭게 떨렸다. 그리하여 벼락같이 문을 열었다.
""제 이막! 어때?""
원선이를 바라보았다. 그는 너무 어이가 없었다.
""그 왜 그 모양이야. 가뜩이나 요새는 신경병으로 고민하는 판에 위로 는 못하나 그렇게 지나치게 놀린 담. 아주 재미없어! 후일에는 그런 일 말게, 여보게!""
""아침에 내가 무어라든가? 재미나는 일이 있다고 했지? 그 좀 재미있나? 그래 심심한데 더러 농삼아 그리면 어떻다는 말인가?""
""아 글쎄. 성한 사람 같은 면야 무슨 일 있겠나마는 봉준 군은 병자니 만큼  삼가 달라는 말일세.""
원선은 일어났다. 재일도 그의 뒤를 따라 일어섰다. 한참이나 말없이 섰던 원선이는 돌아보았다.
""봉준 군이 아 모래도 이혼은 해놓을 것이니까 숙희 씨에게 권고하여 보게. 자네도 보는 바라 어디 되겠나? 점점 더하여 가니.""
""글쎄 딱하기는 하지만 그 애가 말을 들어주어야지.’
""물어는 보았나?""
가만히 생각해보니 말도 해볼 것 같이 않았다. 그러나 이미 낸 것이라,
""응, 한 번 붙여보았네.""
재일은 어느덧 앞섰다. 그의 다리 마디는 길쭉길쭉하여 언제나 겅중겅중 거려서 남보다 훨씬 앞서 걸었다.
""장래성 있는 청년일세, 봉준 군이. 두고 보면 자연 알 것이니까 어쨌든 힘써 보게.""
""참 말인가?""
""여보게, 자네처럼 극이나 꾸밀 줄은 모르네.""
""응, 좋은 친구야, 봉준 군이.""
아까 문 차고 나가던 꼴을 생각하고 빙글빙글 웃었다.
앞으로 지나가는 여학생을 보고,
""스타일 좋다!""
하고 웃었다.5. 짝사랑 모 여학교 이년급 시험을 치르고 난 옥이는 낙제냐 급제냐의 두 의문으로 가슴을 졸이고 있었다.
주인집 학생이 나왔다.
""어제 같이 오셨던 이가 누구야요?""
옥의 곁으로 앉았다. 입 속으로,
""남편이야 요.""
""네.""
""그 학교서 낙제가 된다면 다른 학교에 가서 시험 쳐 볼 수도 있겠지요?""
근심스러운 듯이 물었다.
""붙으시겠지요. 염려 마세요.""
""저 같은 것이 어찌 붙기를 바라겠습니까?""
문편을 향하여 바라보았다.
""왜 일학년 시험을 치루어 보시지요, 아무래도 좀…… ""이 말을 듣자 더욱 안타까왔다. 차라리 이 학생의 말과 같이 일년급 시험을 보았더면 하는 후회가 났다.
""글쎄요.""
만일 낙제가 되면 무엇보다도 남편 보기가 난처하였다. '어쩔까?’ 낙제만 되었다면 두말없이 고향으로 내려가서 한 해 더 배워 가지고 오지!’ 겨우 이렇게 가라앉혔다. 그러나 가슴이 울울하였다.
""일본 가서 공부하신다지요?""
""네.""
""무슨 학교야요?""
그는 한참 생각하였다.
""와세다라든지요?""
옥의 얼굴은 빨개졌다. 얼마나 똑똑하면 남편 다니는 학교 이름도 자세히 모르나 할 것 같았다.
""네""
대답하는 소리를 듣자 안심되었다. 어쩐지 자기 입으로 학교명을 부르고 나니 별로 서투르게 생각되었던 것이다.
""그의 친구들도 많두 먼요.""
""글쎄요.""
""이 방에 들어왔을 때 세 분인가 네 분인가 욱욱 밀려왔더군요.""
빙그레 웃어 보였다.
""그 중에 내 동무 숙희 오빠도 오구요.""그는 가슴이 찌끈하였다. 벌써 우리 그가 숙희를 따라다니는 줄 이 곳 서도 아는가? 그리하여 내 속을 떠보느라고 저렇게 말하지 않는가? 그는 다소 물어보고 싶은 것이 많지마는 이 말 끝에 쑥 들어가 버리고 말았다.
""숙희 아셔요?""
""몰라요.""
""연희는 아시겠지요? 같은 고향이라지요?""
""네. 말은 못해 봤어도 낯만은 여러 번 보았지요.""
""숙희도 늘 놀러 가던데요, 방학 때면.""
""글쎄요, 자세히 모르겠습니다.""
요리조리 묻는 것이 귀찮았다.구둣소리가 나자 방문이 열렸다. 영실은 얼른 일어났다. 그리하여 안방으로 들어갔다.
봉준이는 마루 구석에 피하여 섰다가 방으로 들어섰다. 옥이는 잠잠히 일어섰다.
""평안히 주무셨소?""
이렇게 묻고 나서 신문지 속에 들어 있는 노랑 구두를 꺼냈다.
""신어 보시오.""
그는 가슴이 두근두근하였다. 그리고 발 내놓을 것이 무엇보다도 난처하였다. 그는 포켓에서 살색 양말을 꺼냈다.
""이것 신고 신어 보시오.""
그의 얼굴은 빨개졌다.
""어서 신어 봐요.""
""후일 신지요.""
""공연한 소리만 하는구려.""
봉준은 얼굴을 찡그렸다. 그리고 속으로 '시골 여자는 할 수 없어’ 하였다.
그는 남편의 좋지 못한 기색을 보고는 그만 아무 말 없이 돌아앉아서 양말을 신었다. 봉준은 양말 대님을 내어주었다.""다 신었소? 자.""
구두를 들어 옥의 발에다 신겨주었다.
""일어나 보시오 ""
그는 아찔해지며 방안이 휭 돌아 겨우 바람벽을 의지하여 일어났다. 한참이나 들여다본 그는 웃음을 띠우고,
""됐소이다. 제법 여학생이구려.""
""그러고 학교에 갈 때에나 안 갈 때에나 저 분 발라요 크림도 베니도 네, 그래야 합니다.""
책상 위에 벌여 놓아 준 분병들을 가리켰다.
처음으로 남편의 다정한 말을 듣는 그는 너무 지나쳐서 어쩔 줄을 몰랐다.
""그러고 저녁에 우리 친구 몇몇을 데리고 올 테야요. 우물쭈물하지 말고 묻는 대답도 얼른 얼른 해요, 네? 오늘 분 안 발랐구려. 저녁 먹고 세수 하고 분 바르시오, 네.""
얼굴을 말끄러미 들여다보았다. 옥은 확확 다는 그의 얼굴을 푹 숙이고 말았다.
""내 말대로 하시오.""
이렇게 재삼 다 지고 나서 일어섰다.그는 따라 일어서서 그의 뒷맵시를 바라보며 ' 나도 남편이 있구나!’ 이렇게 부르짖었다.
뒤이어 영실이가 웃음을 띠우고 들어왔다.
""무얼 다 사오 셌어요?""
책상 아래 놓인 구두를 들고 들여다보았다.
""구두 사오셌소, 벌써부터…… ""요리조리 굽어 보더니,
""꼭 맞아요?""
""네.""
옥의 기뻐하는 것을 한 번 더 쳐다보았다. 영실 어머니도 웃으며 들어왔다.
""아이구머니, 곱구먼요.""
딸이 주는 구두를 받아들고 보았다.
""얼마 주었대요?""
""글쎄요, 자세히 묻지 못했어요.""
그들의 부러워하는 모양을 바라보며 앞에 놓인 구두를 볼 때 눈물이 날 만큼 감격되었다.
그는 속으로 '어머니도 기뻐해 주세요!’ 이렇게 중얼거렸다.
남편의 말을 외우고 있던 그는 저녁 먹기 전에 새로 사온 향내 나는 비누로 말끔히 얼굴을 씻은 후 곱게 곱게 단장을 하고 저녁상을 받았다.
밥상을 들고 나온 영실이는 피어오르는 듯한 그의 맑고 웃는 듯한 얼굴에 도취 되어 몇 번이나 그를 쳐다보고 마음속 깊이 부러워하였다. 과연 남편의 사랑을 받은 만하다 하는 것을 당장 깨달았다. 그리하여 이 부부의 짝은 기울지 않다는 것을 무엇보다도 부럽게 생각하였다.
""같이 잡숩시다.""
밥깨를 여는 그는 영실이를 쳐다보았다.
""어서 먼저 자셔요.""
밥상으로부터 가는 김이 곡선을 그리며 올라갔다.
밥상을 물린 그는 어떤 불안에 잠긴 사람 모양으로 긴장되어 있었다.","안녕하세요! 요청하신 소설 **<어머니와 딸> 19화**의 내용을 친절하게 요약해 드릴게요.

이 회차는 주인공 봉준의 불안정한 심리 상태와, 그와 아내 옥이 사이의 미묘하고도 따뜻한 감정 변화를 중심으로 전개됩니다.

### [주요 내용 요약]

**1. 봉준의 불안정한 상태와 주변의 조언**
봉준은 현재 신경병으로 인해 심리적으로 매우 불안정한 상태입니다. 친구인 원선과 재일은 봉준의 돌발적인 행동에 당황하면서도, 그의 앞날과 이혼 문제, 그리고 숙희와의 관계 등을 언급하며 봉준을 걱정하고 조언합니다.

**2. 옥이의 불안과 고민**
한편, 옥이는 학교 시험 결과(낙제 여부)에 대해 깊은 불안감을 느끼고 있습니다. 자신의 부족함 때문에 남편에게 실망을 줄까 봐 걱정하며, 남편의 학업이나 주변 인물(숙희 등)에 대한 이야기를 나누며 소외감과 긴장감을 동시에 느낍니다.

**3. 봉준의 다정한 선물과 두 사람의 교감**
분위기가 반전되는 지점은 봉준이 옥이에게 새 구두와 양말을 선물하는 장면입니다. 평소와 달리 봉준은 옥이에게 직접 구두를 신겨주는 등 매우 다정하고 세심한 모습을 보입니다. 그는 옥이에게 화장품을 바르며 예쁘게 꾸미라고 권하기도 합니다.

**4. 옥이의 감동과 행복**
남편의 예상치 못한 다정함에 옥이는 큰 감동을 받습니다. '나도 남편이 있구나'라고 느끼며 남편의 사랑을 실감한 옥이는, 정성껏 몸을 단장하며 행복한 마음으로 저녁 식사를 준비합니다. 이를 지켜보는 영실과 어머니 역시 두 사람의 관계를 부러워하며 옥이의 변화를 긍정적으로 바라봅니다.

**5. 미묘한 긴장감 속의 마무리**
행복한 저녁 식사 시간이 시작되지만, 봉준은 어딘가 불안하고 긴장된 모습으로 밥상을 마주하며 이야기가 마무리됩니다.

---

**💡 요약 포인트:**
이 에피소드는 **봉준의 정서적 불안함**과 **옥이가 느끼는 심리적 위축**이 **'구두 선물'이라는 매개체를 통해 '사랑과 유대감'으로 변화하는 과정**을 섬세하게 보여주고 있습니다. 하지만 봉준의 내면에 여전히 불안함이 남아있음을 암시하며 긴장감을 유지하고 있네요.

더 궁금한 점이 있으면 언제든 말씀해 주세요! 😊"
어머니와 딸 20화,"불이 반짝 커졌다. 그는 가슴이 울렁울렁하였다. 그리하여 그는 가만히 일어나서 마루로 나왔다.
변소간으로 나오는 영 실은,
""우리 방으로 들어가십시다.""
옥이는 방문턱에서 기웃기웃하여 아무 거리낌 없을 것을 알고 들어섰다. 향 하여 바른편 쪽으로 책상이 놓이고 왼편으로 고리짝 두 개가 겹놓였을 뿐 별다른 가구를 발견치 못하였다.
""앉으세요.""
주인 마누라는 웃음으로 대하여 주었다.대문 소리가 나자 구둣소리가 거푸 들렸다. 옥이는 숨을 죽이고 두 귀 밑 이 화끈 달았다. 무엇보다도 그들과 서로 인사할 것이 난처하였다.
가만히 듣던 영 실은,
""여러 사람이 오나 봐요.""
방문 여는 소리가 나자 이쪽으로 향하여 오는 발소리가 들렸다.
""여기 안 들어왔나요?""
영실 어머니는 문을 열었다.
""여기 있습니다. 들어오세요.""
""아니요, 좋습니다. 여보, 어서 나오시오.""
옥이는 난처하였다. 봉준은 전등불 아래 부끄러움을 먹고 앉았는 그를 바라볼 때 알지 못하는 사이에 기쁨이 흘렀다. 무엇보다도 어서 빨리 그들 앞에 보이어 자랑하고 싶었다. 언제나 아내인 옥이를 대할 때에는 친구나 같은 그런 느낌으로 대하게 되는 것이었다.
""어서 나와요!""
그는 마지못하여 일어는 섰지만 건넌방까지 갈 것이 여간 난처한 것이 아니었다. 가슴에서 맞방망이를 치고 다리가 사시나무 떨리듯 하였다.
""학생도 같이 가면…… ""영 실을 내려다보았다. 영실 어머니는,
""그럼, 너도 동무해서 잠깐 갔다 오너라.""
말이 끝나자 영 실은,
""그럼 먼저 나가세요.""
옥이를 쳐다보았다. 그는 도로 앉았다.
""같이 가요.""
이 꼴을 본 봉준이는,
""그럼, 같이 나오시면 대단히 고맙겠습니다.""
건너방으로 갔다. 영실은 책상을 마주 안고 화장을 시작 하였다 ""부끄럽지요?""
옥이를 바라보며 영실 어머니는 웃었다.
""처음이니까요.""
머리를 숙였다.
화장을 마친 영실은 새 옷을 갈아입고 앞장섰다. 옥이는 죽으러 가는 소 모양으로 안타깝게 떨렸다.
영실은 조심성스럽게 문을 열었다. 봉준은 벌컥 일어났다.
""들어오십시오.""
""오셨습니까.""
재일을 향하여 머리 숙여 보였다.그들의 눈은 일시에 옥에게로 쏠렸다. 옥이는 가만히 영실 옆에 앉았다.
봉준이는 차례로 소개하였다. 옥이는 머리 숙여 그들에게 보였다.
""자네들, 왜 이리 점잖은가?""
이 방안의 인기가 옥에게로 쏠림을 알자 그는 견딜 수 없이 기뻤다. 그는 빙글빙글 웃었다.
""집 주인부터 점잖으니…… ""
재일은 봉준이를 보았다.
원선이는 벽에 기대어 앉아 재일의 어깨로 한쪽 눈을 가리고 옥이를 뜯어 보았다. 눈, 코, 입술, 살빛, 몸집 어느 것 하나 흠잡을 것이 없었다. 그러나 양미간을 약간 찡긴 것을 보아 그의 쓰라린 과거를 알리웠다.
몇 해를 두고 의문의 주인공인 옥이는 이름과 같은 옥 같은 여자였다. 그는 스르르 눈을 감고 옥이 쓴 편지 일절을 생각해 보았다. 따라서 봉준이가 곧장 부러워졌다.""숙희도 데리고 오시지요, 왜?""
봉준이와 옥이는 일시에 가슴이 찌르르하였다.
""왜 모시고 오지?""
봉준이는 동을 달았다.
""잊었습니다. 후일에는 같이 오지요. 옥씨도 사랑해 주십시오.""
어느 좌석에서나 빈정대는 그가 갑자기 여기서만은 점잔을 빼었다.
""당신, 집에 온 손님들을 대접할 줄도 모르시오?""
봉준은 웃는 눈으로 옥이를 보았다.
""그런 소리 말게. 우리가 경성 사는 것만큼 주인은 우리들이 아닌가, 여보게.""
원선이를 돌아보았다.
""이 사람은 벌써 조으네. 그럼 어디로든지 가십시다.""
휘 둘러보았다.
봉준은 속으로 '이놈이 벌써 미쳤나’ 하면 일종의 승리의 쾌감을 느꼈  다.
""나가십시다. 처음이니만큼 구경도 하시구요.""
재일은 옥이를 보았다.재일의 꼴을 본 영실은 더 앉았기가 퍽 괴로웠다. 그리하여 살짝 일어났다. 옥이는 그의 치마 귀를 맘껏 잡았다.
""놓으세요.""
그들은 영실을 보았다.
""앉으셔요.""
뒤를 이어 이런 말이 거푸 떨어졌다. 그러나 그는 기어코 뿌리치고 나갔다. 혼자 된 옥이는 아까보다 더 안타깝고 머리를 들 수가 없었다. 원선은 재일을 꾹 찔렀다.
""가세.""
옥의 모양을 보고 더 앉았을 수가 없었던 것이다. 재일은 밑이 떨어지지를 않았다. 옥의 수줍어하는 것을 볼수록 더한층 아리따웠다.
""어디로 갈까.""
재일은 일어나는 원선이를 쳐다보았다.
""일어나게나, 어디로 가든지.""
그는 문 밖으로 나섰다. 재일과 봉준이도 하는 수 없이 따라 일어났다.""어디 가든지 밑자리는 제일 무거웠는데 오늘은 웬일이야?""
봉준이는 문 밖을 나서자 원선이를 쳐다보며 이렇게 말했다.
""글쎄.""
재일이는 방문을 배움히 열고,
""안녕히 지무십시오.""
옥이는 머리를 숙인 채 일어섰다.
대문 밖을 나서자 재일은 봉준의 어깨를 가볍게 쳤다.
""과연 드문 미인인걸!""
""그럴까? 하지만 숙희 씨만은 못하지 않어.""
""허, 미친 말이야. 못한 게 무언가? 그렇게 미치더람 한 번 말해 볼까, 숙희에게?""
봉준은 앞이 캄캄하도록 가슴이 두근거렸다. 그리고 이때가 그의 다만 한 때인 기회같이 생각되었다.
""참 말인가?""
""이 사람, 또 귀가 바짝 당기는 모양이지?""
웃음으로 쓸어쳤다. 자기로서도 오늘에 한하여만 갑자기 전과 달리 말 하기  가 좀 점직했던 것이다.
봉준도 이 눈치를 알고 더 채치고 싶지만 원선이가 꺼리어서 잠잠하고 말았다.
""어째서 이야기가 중단이 되나? 마자 마치지?""
봉준이는 슬쩍 화제를 돌렸다.
""자네 전부터 영실이를 알았던가?""
""응, 숙희와 동무라네. 그래서 몇 번 우리 집에 놀러 왔어. 그 통에 나도 알게 되었지.""
""누이 있는 사람들은 수 나겠네.""
""그럴지도 몰라.""
둘이는 웃었다. 원선이는 멍하니 앞길만 바라보고 수굿수굿 그들의 뒤를 따랐다.","안녕하세요! 요청하신 소설 <어머니와 딸> 20화의 내용을 친절하게 요약해 드릴게요. 😊

---

### 📖 소설 내용 요약

이번 장은 **봉준과 옥이 부부가 손님들을 맞이하며 겪는 긴장감과 묘한 분위기**를 다루고 있습니다.

**1. 옥이의 수줍음과 긴장감**
손님들이 오기 전, 옥이는 낯선 사람들을 마주해야 한다는 사실에 무척 긴장하고 수줍어합니다. 봉준은 그런 옥이를 자랑스럽게 여기면서도, 한편으로는 그녀가 부끄러워하는 모습에 기쁨을 느낍니다. 영실 또한 외출을 위해 옷을 갈아입으며 준비를 합니다.

**2. 손님들의 등장과 옥이에 대한 시선**
재일과 원선이 손님으로 방문합니다. 모든 사람의 시선이 옥이에게 쏠리는데, 옥이는 극도로 수줍어하며 고개를 들지 못합니다. 손님인 원선은 옥이의 외모가 매우 아름답다고 느끼지만, 동시에 그녀의 눈빛에서 말로 다 할 수 없는 **'쓰라린 과거'**를 읽어내며 묘한 연민을 느낍니다.

**3. '숙희'라는 이름과 흐르는 긴장감**
대화 도중 '숙희'라는 인물의 이름이 언급되자, 봉준과 옥이는 동시에 가슴이 철렁하며 당황하는 모습을 보입니다. 이 이름은 두 사람 사이의 어떤 사연이나 긴장감을 암시하며 분위기를 미묘하게 만듭니다.

**4. 함께 떠나는 외출**
결국 일행은 함께 밖으로 나들이를 떠나기로 합니다. 재일은 옥이를 두고 ""과연 드문 미인""이라며 감탄하고, 봉준은 숙희와 옥이를 비교하는 재일의 말에 가슴을 졸이면서도 대화를 이어갑니다.

---

**✨ 요약 포인트:**
이 에피소드는 옥이라는 인물의 **아름다움과 그 뒤에 숨겨진 슬픈 과거**, 그리고 **'숙희'라는 인물과 관련된 인물들 간의 미묘한 심리적 긴장감**이 핵심입니다.

더 궁금한 점이 있거나 다른 부분의 요약이 필요하면 언제든 말씀해 주세요! 🌸"
어머니와 딸 21화,"""여보게, 옥씨가 과연 미인이지! 자네는 어떻게 보았나?""
재일이는 뒤를 돌아보며 멈칫 섰다. 봉준이도 돌아보았다.
""글쎄.""
""똑똑한 대답을 해 버릇하게. 밤낮 글쎄가 무어야!""
봉준이는 안타까움에 이런 말을 하였다.
쌀쌀한 바람이 그들의 몸으로 스며들었다.
""어디로들 또 가겠나?""
둘이는 씩 돌아보았다.
""무어 좀 먹고 헤지세. 어디로 갈까?""
언제나 먹는 말은 재일이가 먼저 꺼내었다.
""그만두지, 가랴면 자네들끼리나 가보게.""
""얼른 같이 갔다 가세나.""
""곤해서 못 견디겠네.""
봉준이를 보았다.
""늙으니까 다르다니까.""
전차가 앞으로 지나간다. 그들은 한참 동안이나 잠잠하였다.""자, 난 가겠네.""
원선이는 청진동 골목으로 빠졌다. 전신이 오싹해지며 따뜻한 방이 그리워졌던 것이다.
""잘 가게.""
둘이는 말없이 걸었다. 어쩐지 적적함을 느꼈다.
재일은 옥의 얼굴을 머리에 그려보았다. 따라서 이때까지의 그의 눈으로  본 많은 여자들을 되풀이하여 보았다. 숙희 때문에 여학생들도 퍽이나 알았고 화류계 여자들은 그 수를 헤일 수 없으리 만큼이었다. 그러나 자기로서 흡족히 생각한 여자는 없었다. 그저 그렇고 그렇고 하였다.하나 오늘 저녁 옥이를 보자 세상에 저런 여자도 있는가 하고 놀랄 만큼 이었다. 그럴수록 숙희를 미끼삼아 반드시 옥이는 자기 것으로 만들리라는 결심을 하게 되었다. 처녀, 부인을 가릴 사이 없이 얼굴만 고우면 그만으로 생각 되었다.
""이혼은 집어치우게.""
그의 심중을 떠보려 하였다. 봉준이 역시 옥이를 미끼삼아 숙희를 놓치지 않으려 하였다.
""숙희 씨 같은 여자는 없으니까 어쩌겠나. 내 스스로도 이상히 아는 적이 많았 네마는…… 물론 옥에게 대하여 동정하지 않는 배는 아니야. 그러나 사랑이 안 가는 데야 어쩌란 말인가?""
""음, 그렇지. 사랑이 없는 데야 동정한들 어쩌겠나? 나도 전부터 자네 마음을 모르는 배 아니고 따라 숙희를 연모하는 것까지도 대강은 짐작하였네. 그래서 그 애를 만나면 자네 말을 늘 하다시피 하였네. 어찌했든 이혼만 하게나.""
""고맙네.""
봉준이는 눈물이 쑥 비어졌다. 그리고 가슴이 두근거리기 시작하였다.
한참 후에 그는,
""자네만 믿네!""
재일은 담배를 피워 물었다.
""옥씨가 불쌍하지 않아? 그렇게 된다면…… ""
봉준이를 보았다.옥이는 아침을 먹고 머리를 풀어놓았다. 얼빗으로 슬슬 가리며 면경 속으로 비치는 가지 얼굴을 들여다보고 쫑긋 웃었다. 어젯밤 남편의 좋아하던 꼴이 눈에 보이는 듯하였다. '어떻게 붙었을까?’ 그 많은 사람이 시험 쳤는데 아무래도 선생들이 내 이름을 잘못 불렀지!’ 이런 생각을 할 때 가슴 이 선뜻 하였다.
영실이가 들어왔다.
""머리도 숱하기는 해요.""
그는 얼빗을 빼앗아 가지고 몇 번 가리운 후에 두 갈래로 꽁꽁 땋아 가지고 곱 슬하게 틀어놨다.
""고운데요, 어쩌면 그리 고울까.""
앞으로 와서 말똥히 들여다본다. 그는 가쁜함을 느끼며 두 귀 밑이 빨개졌다.
""그런 소리 말아요.""
얼굴을 돌리며 웃었다.
""웃으니까 더 곱네. 여자로 태어날 바에는 저렇게 고와야지, 무얼!""며칠 전날 밤 재일의 꼴이 나타났다.
""학생도 그만큼 고왔으면 됐지요, 나 같은 것이 무엇이기.""
그는 머리칼을 일삼아 주워 뭉쳐 가지고 밖으로 나갔다. 영실 어머니도 부엌에서 고개를 갸웃하고 내다본다.
""꽃송이 같애요.""
옥이는 이런 말은 귓등으로도 안 들리고 내가 참으로 붙었는지? 이런 의문으로 가슴이 꽉 채웠다, 그는 손을 씻고 방으로 들어왔다.
""참으로 붙었을까요?""
영실은 면경 속으로 자기 얼굴을 비춰보다가 살짝 비켜 앉았다.
""그럼 학교서 거짓말할까요?""
너무 좋아하는 꼴이 밉살스러웠다.
""거짓말 보담도 혹시 이름이 나와 비슷한 사람이 또 있는가 해서 하는 말이지요.
""글쎄요, 그것까지는 모르지요.""
영실은 일어났다.
""어서 학교나 가십시다. 잔 걱정 말고요.""
옥이는 검정치마 흰 저고리로 갈아입었다. 그리고 책상 아래 놓인 구두를 꺼내어 놓고 한참이나 망설이다가 신었다.
안방문 소리가 나자 영실은 나왔다.
""어서 나와요.""
이러고 나가기가 퍽이나 부끄러웠다. 어쩐지 옛날 자기와는 딴판이 된 듯한 느낌이 생겼다. 그때에 떠오르는 것은 숙희와 연희였다.
그는 남빛 책보를 들고 영실의 뒤를 따랐다. 다리가 휘청휘청하는 것이 좀 폐로웠다.
""재미나요, 이렇게 언니와 내가 함께 다니면 오작이나 좋아요.""
쫑긋 웃어 보였다. 그는 숨이 차도록 답답함을 느꼈다. 지나는 사람들은 자기만 보는 듯싶었다.
""오늘 저녁, 원선인가 그이는 떠나 신댔지요?""
""네.""
가까워오는 학교는 빨간 벽돌집으로 점점 높아가고 있었다.개학식을 마치고 돌아오는 그들은 집으로 오자 옷을 벗고 낡은 옷으로 갈아입었다.
옥이는 이때껏 지리쳐 두었던 한숨을 푹 내쉬었다. 그리고 교장 선생의 말이 다시금 그의 귀를 울려 주었다. 그리고 뒤를 따라 나타나는 얼굴 흰 여선생들은 하늘같이 높아 보였다.
점심상을 들고 영실은 들어왔다. 그는 얼른 일어나 받아놓았다.
""어서 먹읍시다.""
영실은 저를 들고 마주 앉았다. 권하는 바람에, 더구나 다정스러이 마주 앉는 김에 숟갈을 들었으나 밥은 먹고 싶지 않았다. 그저 가슴이 울울하여서 좋은 것도 언짢은 것도 판단할 여지없이 어림터분하였다.
상을 물린 옥이는 책상 곁으로 다가앉아 '나도 이제부터는 여학생인가? 숙희와 연희와 같은……’ 맘에 떠오르는 것은 영철 선생이었다. '그가 이 소식을 알면 얼마나 기뻐하실까.’ 이런 생각을 하고 나니 물 먹고 싶듯이 그리워졌다. 같이 있을 때는 그만 그만하여 무던한 줄만 알았더니 이렇게 뚝 떠나고 보니 돌아가신 어머님이나 못지않게 보고 싶었다. 보다도 자기의 달라진 옷 맵시, 시험 쳐서 입격된 것을 그에게 자랑 겸 친히 눈에 보이고 싶었다.
그는 붓을 들었다. 영철 선생에게 장문의 편지를 쓰기 시작하였다.","안녕하세요! 요청하신 소설 <어머니와 딸> 21화의 내용을 친절하게 요약해 드릴게요. 😊

---

### 📖 소설 내용 요약

이번 화는 **'옥'이라는 인물의 눈부신 미모를 둘러싼 남성들의 복잡한 심리**와, **새로운 신분(학생/교사)을 얻게 된 옥의 설레고도 불안한 마음**을 중심으로 전개됩니다.

**1. 재일과 봉준의 대화: 욕망과 사랑**
재일과 봉준은 옥의 빼어난 미모에 대해 이야기를 나눕니다. 재일은 옥의 아름다움에 크게 매료되어, 그녀를 이용해 자신이 원하는 '숙희'를 얻으려는 계산적인 속내를 드러냅니다. 한편, 봉준은 숙희를 향한 깊은 연모의 감정 때문에 괴로워하며, 재일에게 자신의 복잡한 상황(이혼 문제 등)을 털어놓고 의지합니다.

**2. 옥의 설렘과 불안: 새로운 시작**
옥은 최근 치른 시험에 합격했다는 사실에 기뻐하면서도, 혹시나 이름이 잘못 불린 것은 아닐까 하는 불안감을 동시에 느낍니다. 영실의 도움을 받아 머리를 매만지고 옷을 갖춰 입으며, 옥은 예전의 자신과는 달라진 듯한 묘한 기분을 느낍니다. 학교에 다녀온 후, 옥은 자신이 이제 '여학생(혹은 교사)'이라는 새로운 신분이 되었다는 사실을 실감하며 벅찬 감정에 휩싸입니다.

**3. 그리움과 편지**
새로운 환경에 놓인 옥의 마음속에는 평소 깊이 존경하고 그리워하던 '영철 선생'에 대한 생각이 가득합니다. 옥은 자신의 합격 소식을 그에게 자랑하고 싶은 마음과 보고 싶은 그리움을 담아, 영철 선생에게 정성 어린 긴 편지를 쓰기 시작하며 이야기가 마무리됩니다.

---

**요약 포인트:**
* **인물 관계:** 옥의 미모를 이용하려는 재일, 사랑 때문에 고민하는 봉준, 그리고 새로운 삶을 시작하는 옥.
* **주요 감정:** 옥의 설렘, 불안, 그리고 영철 선생을 향한 간절한 그리움.
* **핵심 사건:** 옥의 시험 합격과 그로 인한 신분 변화 및 편지 쓰기.

내용이 도움이 되었기를 바랍니다! 더 궁금한 점이 있으면 언제든 말씀해 주세요. 🌸"
어머니와 딸 22화,"저녁이 되자 옥이는 화장을 하고 새 옷을 갈아입은 후 책상 앞에 마주 앉아 갓 사 온 책들을 들여다보고 있었다. 어느 사이에 모든 잡생각은 잊고 책 속으로 정신이 폭 잦아 들어갔다.
""여보, 옥씨!""
깜짝 놀라 휘휘 돌아보며 뒤미쳐 일어났다.
""나와요.""
뒤 창문 곁에서 남편의 소리가 났다. 그는 몸 돌아볼 여지없이 밖으로 나갔다.
큰 대문을 나선 옥이는 창문 곁으로 돌아갔다. 희미한 달빛에 그의 시커먼 윤곽만이 보였다.
""저 새 옷 갈아입고 구두 신고 나오시우, 벌써 자우?""
""아니오.""
""그럼 얼른 들어가서 펄쩍 갈아입고 나와요.""
""왜요?""
황황히 날치는 남편이 이상해 보였다.
""글쎄 여러 말 말고 바삐 그리 해요.""
남편의 말이니 할 수 없이 돌아서서 들어오면서도 마음으로는 불쾌하였다. 무엇보다도 남자들과 마주 앉기가 거북스럽고 싫었던 것이었다.
방으로 들어온 옥이는 또다시 나갈 것이 거북하였다. 남편과 가지런히 서서 다니는 것은 기쁘게 생각이 되나 그러나 남편의 친구들과 섭쓸리기는 안타깝게 싫었던 것이다.""안방 학생 데리고 갑시다.""
""잔소리 말고 어서 나와요!""
소리치는 바람에 두 말도 못하고 그는 밖으로 나갔다.
""어디 가요?""
안방 밀장문 사이로 영실의 외짝 눈이 보였다.
""저기.""
옥이가 큰 대문 밖으로 나서자 봉준이는 허방지방 뛰었다. 남편의 황 급히 날치는 꼴을 보는 옥이는 무슨 일인가 하여 어리둥절하였다.골목쟁이를 돌아서자 눈이 시큼해지도록 빛나는 가스불 앞에 남편은 우뚝 섰다.
""어서 오르십시오.""
몇 사람의 입에서 떨어지는 말소리와 함께 휘발유 냄새가 옥의 코를 벗 튀었다.
""이렇게 만나 보니 반갑습니다.""
옥이는 얼결에 머리를 돌려 바라보니 연희와 숙희였다. 순간에 그의 가슴은 선뜻하였다.
택시는 달음질쳤다. 문득 자기와 남편이 그리운 고향 떠나던 때가 눈앞이 보이는 듯하였다.
옥의 바른편 무릎 사이로 옮아오는 연희의 따뜻한 체온은 같은 고향 사람 임을 더욱 느끼게 하였다.
숙희는 연희와 무슨 귀엣말을 건네고 있었다.
""얼마나 기쁘십니까, 옥씨.""
원선이는 자기 앞에 똑바로 앉은 옥의 목덜미를 보았다. 옥이는 머리를 숙이는 외에 잠잠할 뿐이었다.
""축하 올립니다, 옥씨.""
이번에는 재일의 목소리였다. 이마 위에 땀이 나도록 옥이는 부끄러웠다. 암만 대답을 하려고 하였다가도 목소리가 밖에까지 나가 주지를 않았다.
'어쩐 일일까, 내가 벙어리 되려나? 하기까지 의문이 들어갔다.
""선생님, 이제 가시면 언제쯤 나오시게 되나요?""
원선이는 무슨 생각을 하다가 얼른 숙희를 보았다.
""글쎄요, 여름방학 때나 오게 되겠지요.""
곁에서 듣는 옥이는 한층 떠 부끄러웠다. 자기는 묻는 말도 대답 못 하는데 숙희는 말을 건넨다. '언제나 나도 저만큼 되어 보려나!’ 하고 생각할 때 이 세상에서는 자기와 같이 못난 사람은 없을 것 같았다. 따라서 남편이 배척 하는 것도 당연한 것이라 하였다.경성역에서 내린 그들은 대합실로 밀려들어갔다.
옥이는 어쩌다 넘어질세라 겁이 나서 미처 그들의 뒤를 따르지 못하였다. 그는 한편 구석에 가만히 서서 머리를 숙였다.
낮같이 밝은 불빛 아래 흔들리는 그 사람의 동작을 따라 까만 눈만이 반들거렸다.
그들은 의자에 척척 걸어앉아 돌아보니 옥이가 없었다.
""여보게, 옥씨 어디 가셨나?""
휘휘 둘러본 재일은 이편으로 뛰어왔다.
""저리로 가십시다.""
불빛에 빛나는 그의 눈을 바라보았다.
""아뇨""
옆에 의자에 가만히 걸어앉았다. 자칫하면 푹 고꾸라질 것 같았다. 옥의 이마 끝에 땀이 방울 방울 맺혔다.
재일은 차마 발이 떨어지지 않았다. 그리하여 옥의 옆에 앉았다.
이 꼴을 본 옥이는 시재 걷다가 엎으러져서 망신을 톡톡히 할지언정 같이 앉고 있기는 싫었다. 그는 살짝 일어나서 앞으로 걷기 시작하였다. 걸어나니 심상하였다.눈결에 남편을 보니 그는 자기편으로 외면을 하여 돌아앉고는 얼빠진 놈처럼 머리를 숙이고 있는 것이었다. 순간에 그의 눈에서는 있는 불이란 다 기 어나 오는 것 같았다.
원선이는 차표를 타 가지고 옥이 섰는 편으로 왔다.
""이 사람 때문에 고생 많이 하십니다.""
머리를 숙여 보였다. 그는 발부리를 굽어보았다.
""천만의 말씀을 하십니다.""
며칠 동안에 처음으로 듣는 음성이었다. 약간 들리는 듯한 가는 말씨가 원선의 귀에다 귀엣말을 하는 듯이 장그럽게 들렸다.
""공부 잘하십시오. 그저 배워야 합니다.""
요란한 소리를 따라 차는 들어왔다. 역부의 고함 소리에 놀란 옥이는 입 속으로 '게이죠’ 하고 되뇌어 보았다.
원선이는 숙희 앉은 편으로 뛰어갔다. 서로 손을 잡고 이편으로 뛰어오자,
""어서들 들어가세요.""
꾸리 묶어선 듯한 사이로 들어섰다.""이번에는 나 혼자 지낼 생각이 난처하네. 이 학기 다 지나기 전에 곧 들어 들 오게. 공연히 놀면 뭣하겠나?""
연희가 옥의 곁으로 왔다.
""고향서 편지 왔어요?""
""아직 아니 왔어요?""
연희를 쳐다보았다. 맞은편에 선 숙희는 새침히 머리를 숙이는 것이었다.
""안녕히들 계셔요.""
바라보니 원선이는 사람들 틈에 섞여 잘 보이지 않았다. 플랫포옴에서 차에 올라선 원선이는 이편을 향하여 모자를 높이 들어 보이고 차 안으로 들어가자, 창문을 열고 머리를 내어 밀었다.
이편에서도 모자로 손수건으로 내어 흔들기 시작하였다. 원선이는 그들 틈으로 언제까지나 고요히 섰는 옥이를 보았다.","안녕하세요! 요청하신 소설 **<어머니와 딸> 22화**의 내용을 친절하게 요약해 드릴게요.

---

### [소설 요약]

이번 화에서 주인공 **옥이**는 남편의 갑작스러운 재촉으로 인해 외출을 하게 됩니다. 남편은 옥이에게 새 옷을 갈아입고 나오라고 다급하게 말하고, 옥이는 남자들과 어울리는 것을 불편해하면서도 어쩔 수 없이 집을 나섭니다.

외출길에 만난 남편의 친구들(연희, 숙희, 원선, 재일) 사이에서 옥이는 극심한 **수줍음과 열등감**을 느낍니다. 다른 사람들은 막힘없이 대화를 나누지만, 옥이는 긴장한 나머지 말문이 막히고 식은땀을 흘리며 스스로를 '못난 사람'이라고 자책합니다.

경성역에 도착했을 때, 옥이는 북적이는 인파와 밝은 불빛 아래에서 더욱 큰 압박감을 느낍니다. 혹시라도 사람들 앞에서 망신을 당하거나 쓰러질까 봐 두려워진 옥이는 결국 일행과 떨어져 구석에 홀로 서 있게 됩니다. 

결국 친구들이 기차에 오르게 되고, 원선이 창밖으로 손을 흔들며 작별 인사를 건네는 가운데, 옥이는 그 모습을 바라보며 이야기가 마무리됩니다.

---

### 💡 핵심 포인트
* **옥이의 심리 상태:** 타인(특히 남편의 친구들) 앞에서 느끼는 극도의 불안감, 사회적 위축, 그리고 지적·사회적 열등감이 잘 드러납니다.
* **주요 배경:** 집 $\rightarrow$ 택시 안 $\rightarrow$ 경성역 $\rightarrow$ 기차 플랫폼으로 이어지는 이동 과정을 통해 옥이의 심리적 압박감이 고조됩니다.
* **주제 의식:** 주인공이 겪는 내면의 갈등과 주변 인물들과의 관계 속에서 느끼는 소외감이 중심을 이룹니다.

내용이 도움이 되었기를 바랍니다! 더 궁금한 점이 있으면 언제든 말씀해 주세요. 😊"
어머니와 딸 23화,"학교로부터 돌아온 옥이는 옷을 벗고 잠옷 비슷이 만든 통옷을 입은 후 밖으로 나와서 세수하고 방으로 들어갔다.
창문까지 열어 젖히고 방을 쓸어내었다. 그리고 책보를 책상 위에 풀어 헤쳐서 책보는 문밖에 활활 떨어다 네모 반듯이 개어 한편 옆으로 착 놓았다.
그리고 우선 공부할 책만 따로 놓고는 모두 착착 겹 놓았다.
그는 책상 위를 이렇게 정돈해 놓고는 오늘 온 신문을 들었다. 제 일면으로부터 시작하여 차례차례 보기 시작하였다.영실 어머니는 건넌방으로 건너왔다. 자 다 나온 모양인지 얼굴이 푸석푸석하고 눈이 빨갛다.
""영실이는 아직 시간이 남았나?……""
이렇게 혼자 하는 말처럼 하고 나서 되뚝한 파란 곽과 편지를 내어 밀었다.
""옛 네. 아까 웬 심부름꾼 애가 가져왔기에 누가 보내더냐고 물어도 대지 않고 가데.""
그는 달갑지 않게 받아들고 이리저리 살펴보다가 우선 편지부터 보리라 하고 겉 피봉을 보았다. 주소도 성명도 아무것도 써 있지 않았다. 그는 문득 일어나서 의심과 함께 봉투를 뜯고 보았다.
영실 어머니는 말똥말똥 눈치만 따기 졸음도 어디로 달아난 모양이었다.
""무어랬나?""
다 보고 난 옥은 억지로 웃음을 띠었다.
""장난감 보낸다는 말입니다.""
""응.""
옥이는 곽과 편지를 책상 아래로 밀고 여전히 신문을 들었다.
영실 어머니는 펴보았으면 하고 바라보다가 보지 못하게 되매 허수하였다.
""에, 덥다.""
얼굴에 붙는 파리를 쫓고 나서 밖으로 나갔다.
발자취 소리가 멀어지자 그는 신문지에서 눈을 떼어 문 밖을 내다보았다. 신문지도 맥없이 날아 떨어지고 말았다.장독에 붙었던 왕파리는 왱, 하고 쨍쨍히 들여 쬐는 볕을 따라 문턱까지 날아왔다.
자기는 이곳에 오직 남편 하나를 믿고 따라온 것이다. 하지만 남편은 차츰차츰 자기를 찾아오기도 싫어하는 듯하였다. 어쩌다 오게 된다면 반드시 재일과 함께 왔다가 가곤 하였다. 다소 의논하고 싶은 일이 생겨도 가슴에 뭉치고 또 뭉쳐 두었다가 시간이 지나면 저 혼자 삭아지고 말았다.
이런 것을 생각하고 나니 바람벽을 마주 앉은 것처럼 답답함을 느꼈다.
그는 다시 편지를 끌어내어 자세히 몇 번이든지 읽어보았다. 글자 한자 어그러지지 않고 분명히 쓴 글씨였다. 이것이 참일까? 남편이 일부러 시험 해보 누라고 이런 일을 않았나? 그렇다면 반면에 남편이 자기에게 대한 애정이 확실히 있는 것이다. 얼마나 기쁜 일이랴! 고마운 일이랴! 하지만 어디까지든지 참인 듯 싶은 편이 세었다.
남편의 둘도 없는 친구가 이런 일을 내게 감히 할 수 있을까? 이것은 필연 남편과 재일이가 함께 공모해 가지고 어떠한 계책을 내어서라도 자기와 이혼 될 조건을 만들어 가지고자 하는 수단같이 보였다.
여기까지 생각한 그는 무어라고 말할 수 없는 설움이 가슴을 올 올이 찢는 듯 하였다. 그는 책상 위에 폭 엎드려서 흑흑 느껴 울었다.문 앞으로 지나치던 영실이는 우뚝 섰다.
""언니 왜 울어?""
된 햇빛이 내리쬐어 영실의 머리는 시재 타지는 듯하였다. 그는 마루로 올라 앉자 책보를 방으로 던지고 달려왔다.
""왜 울어?""
옥의 어깨를 흔들었다.
""공연히 울지 뭐.""
""언니 공부 준비하지 않우?""
""해야지.""
그는 눈물을 이리저리 씻고 나서 책을 펼쳐 들었다. 하나 샘솟듯 나오던 눈물은 뒤를 이어 떨어졌다.
""에 덥다, 지독히 덥네.""
영실은 후닥닥 뛰어나갔다.
옥이는 도로 책을 놓고 '어머니! 나는 어찌라우!’ 이렇게 부르짖을 때 ' 믿지 마라! 남자를 믿지 말아라!’ 번개같이 옥의 가슴을 두드려주었다. 그 의 시어머니께서 임종시에 턱을 가불가불 채면서 마지막으로 남긴 부르짖음 이었다.
어린 옥이는 무슨 말인고 하고도, 너무도 또랑또랑한 힘 있는 말이 매 그 의 머리에 꽉 찔려졌던 것이다. 그리하여 항상 그는 입 속으로 외우고 있었다.
'믿지 마라! 남자를 믿지 말아라!’ 다시 한번 불러보았다.' 얼마나 잘 아시고 하신 말씀이랴!’ 그는 한숨을 푹 내쉬었다. 든든한 의지가 생긴 듯 싶었다. 따라서 북받쳤던 설움이 가라앉고 거뜬해짐을 느꼈다.
이 말 한 마디가 오늘날 옥에 있어서는 얼마나 귀한 보배였는지 몰랐다.
'오, 어머니! 당신께서 남기고 가신 그 귀한 말씀은 내 가슴에, 내 가슴에 품었나이다.’ 그는 눈을 스르르 감았다.
한참 후에 그는 다시 눈을 떠서 앞에 놓인 곽과 편지를 노려보았다. '흥! 몰랐다! 너희들이 짐작한 그런 어리석은 여자는 아닌 것이다! 시계와 반지로 인하여 일생을 버릴 그런 못난 계집은 아니다. 오! 아니다!’ 그는 벌컥 일어났다.봉준이는 저녁을 먹고 문 밖으로 뛰어나왔다. 시원한 바람은 그의 머리를 다소 거뜬히 해주는 듯싶었다.
한참이나 우두커니 서 있던 그는 물먹고 싶듯이 숙희가 그리워졌다. 어젯밤 오래도록 숙희 방에서 놀았건마는 불과 몇 시간이 지나지 못한 지금에 생각 해본다면 몇 삼년이나 된 듯이 멀어 보이고 다시는 숙희와 마주 앉아 볼 것 같이 않았다.
그는 슬금슬금 걷기 시작하여 어느덧 숙희집 문 앞에 발길을 멈추었다. 마침 안으로부터 숙희가 길을 굽어보며 나왔다.
""재일 군 집에 있나요?""
숙희는 머리를 들고 봉준이를 바라보았다.
""오빠는 금방 나갔는데요…… 아마 봉준 씨한테 가셨을 것 같애요.""
숙희는 앞으로 걸었다. 봉준이도 따라섰다. 이 여자가 어디를 갈까? 이런 생각을 하며 가슴이 두근거리고 얼굴이 남몰래 달았다.
""숙희 씨!""
그는 발길을 멈추고 섰다.
""조용히 저를 만나줄 수가 없습니까?""
무슨 볼일이 있세요?""
""네, 있습니다.""
봉준은 앞장을 섰다.
""저를 따라오십시오.""
""오늘은 제가 바쁜데요.""
봉준은 모처럼 얻은 기회를 놓쳐 버릴까 하여 쩔쩔매었다.
""숙희 씨! 잠깐만 와주십시오, 잠깐만!""
그의 음성은 떨렸다. 숙희는 웃음이 나오는 것을 겨우 참고 잠잠히 그 의 뒤를 따랐다. 무엇보다도 그의 하는 꼴을 보자는 호기심이었다.
봉준이는 숙희가 따르는 것을 알자 발길이 허공에 뜬 듯이 날아가는지 걸어가는지 분간할 수 없었다. 따라서 '이것이 꿈인가?’ 하는 의심도 몇 번이든지 들었다.그들은 남산 솔밭 사이로 들었다. 노송나무를 사이로 둘이는 마주섰다.
""앉으셔요.""
봉준이는 자기 양복 웃저고리를 벗어 깔아놓았다.
""앉으셔요, 네?""
거의 애걸하다시피 하였다.
""좋습니다.""
숙희는 여전히 소나무를 기대어 섰다. 아까 거리에서보다는 훨씬 울 울 함을 느꼈다. 그러나 숙희는 속으로 '제가 어떻게 할 테냐! 제까짓 것이!’ 이렇게 스스로 위로받으니 한결 마음이 놓였다.
셀 수 없이 들어선 소나무들은 마치 비밀 회의로 모인 듯이 무거운 침묵 속에서 머리와 머리를 맞대고 긴장되어 있었다. 그리고 군데군데 떨어진 파란 달빛은 봄바람에 떨어진 꽃송이 꽃송이 같았다.","제시해주신 소설의 내용은 크게 **옥이의 심리적 갈등**과 **봉준과 숙희의 만남**이라는 두 가지 흐름으로 나뉩니다. 내용을 요약해 드릴게요.

---

### 1. 옥이의 이야기: 의심과 슬픔, 그리고 다짐
옥이는 정체 모를 심부름꾼으로부터 발신인이 적혀 있지 않은 편지와 선물(시계와 반지로 추정)을 받습니다. 옥이는 이 선물이 남편과 남편의 친구인 재일이 자신을 이혼시키기 위해 꾸민 계책이 아닌지 의심하며 깊은 슬픔과 외로움에 빠집니다. 

남편이 자신을 피하고 재일과 함께만 오려 한다는 생각에 괴로워하며 울던 옥이는, 문득 임종 직전 시어머니가 남기셨던 **""남자를 믿지 마라!""**라는 강렬한 유언을 떠올립니다. 이 말을 통해 옥이는 정신적인 위안과 든든한 의지를 얻게 되고, 물욕에 휘둘려 인생을 망치는 어리석은 여자가 되지 않겠다고 스스로를 다잡으며 마음을 추스릅니다.

### 2. 봉준과 숙희의 이야기: 그리움과 은밀한 만남
한편, 봉준은 숙희를 향한 그리움에 휩싸여 그녀의 집을 찾아갑니다. 숙희를 마주한 봉준은 떨리는 마음으로 그녀에게 따로 만나달라고 간곡히 부탁합니다. 숙희는 내심 호기심을 느끼며 봉준의 요청을 따라나섭니다. 두 사람은 달빛이 비치는 남산의 고요한 솔밭으로 향하며, 긴장감과 묘한 분위기 속에서 마주 서게 됩니다.

---

**요약 포인트:**
* **옥이:** 의심스러운 선물로 인해 남편에 대한 불신과 슬픔을 느끼지만, 시어머니의 가르침을 되새기며 자존감을 지키려 노력함.
* **봉준 & 숙희:** 봉준의 간절한 요청으로 인해 두 사람이 밤의 솔밭에서 은밀하게 만나게 됨."
어머니와 딸 24화,"""숙희 씨! 제가 올린 편지는 받아보셨겠지요?""
""네.""
""어째서 회답을 주시지 않았나요?""
자리가 자리인 만큼 숙희로서도 주저치 않을 수가 없었다. 그는 한참이나  무엇을 깊이 생각 하다가 ""회답을 기다리셨습니까?""
모처럼 고대한 대답은 반문으로 되돌아왔다.
이렇게 반문하는 뜻도 봉준이로서도 대강 짐작하였다. 그렇지만 이리저리 따져 묻자면 공연한 시간을 허비할 뿐더러 새삼스럽게 과거 일을 탄해 가지고 말썽부리 잘 필요가 없는 것 같았다.
""네, 기다렸습니다. 여러 말씀 할 필요 없구요. 이미 숙희 씨가 편지를 통하여 저의 마음을 다 아셨을 테니까 요…… ""
여기까지 말한 그는 숨이 꼭 막혔다. 한참이나 머리를 숙이고 잠잠하던 봉준이는 머리를 번쩍 들었다.""한 마디에 달린 것이올시다. 저의 사랑을 받으시겠습니까?""
봉준의 씨근거리는 숨소리가 빤히 들렸다.
숙희의 전신은 오싹하였다. 따라서 이 솔밭이 무시무시한 생각이 들자 그는 소나무를 맘껏 껴안고,
""봉준 씨는 부인이 있지 않습니까.""
""네, 형식상으로는 있다고 볼는지 모르오나 실은 저는 총각입니다!""
이 말에 그는 악이 치받쳤다.
""총각이라구요? 차라리 솔직히 말씀해 주십시오.""
""숙희 씨! 당신 앞에 거짓말이 손톱만치나 있다면 당장 벼락이라도 맞겠습니다. 차라리 하느님을 속일지언정!""
그는 눈물이 쑥 비어졌다.
""숙희 씨! 나는 생전 처음으로 내 가슴속에 여자의 흔적이 있다면 당신의 환영 이겠지요. 밤낮으로 당신을 그리워 애쓴 죄밖에는 없습니다.""
숙희는 속으로 걱정이 되었다. 언제까지나 끝날 줄 모르는 이야기만을 듣고 우두커니 서 있을 수 없는 터, 그렇다고 발길을 돌리려 하니 애걸 애걸하는 꼴이 불쌍하다 못해 곧 난처하였다.
""봉준 씨, 이 부족한 사람을 그렇게까지 생각해 주신다는 것은 제 몸에 지나치는 영광으로 압니다만, 아직 철없는 저라서 사랑에 대하여서는 아무 것도 모릅니다. 내려가십시다.""
그는 발길을 옮겼다.
봉준이는 아찔하여 얼핏 소나무를 쓸어안고 정신을 가다듬은 후 비실 비실 따랐다.
멀리 사라지려는 숙희의 치마폭 사이로 은은한 달빛이 품겨 있었다.정신없이 하숙으로 돌아온 봉준이는 방바닥에 콱 쓰러져 앓는 소리를 꿍꿍  하였다.
주인 마누라는 어쩐 일인지 몰라 궁금하였다. 금방까지도 저녁 잘 먹고 이야기를 시끄럽게 하던 사람이 무섭게 앓는 소리를 하니 아마도 체했나 보다 하고 건너갔다.
""어쩐 일이세요? 어디 편치 않으세요?""
""네, 물 좀 주시구려.""
봉준이는 시뻘건 눈으로 쳐다보았다.
""효주야! 물 떠오나라!""
뒤이어 얼굴 나부죽한 어린 처녀가 두 손으로 시첩을 받들고 나온다.
""선생님 아프시다.""
효주는 어머니 뒤에 붙어 앉아 이따금씩 그를 엿보았다.
""옥이도 오랄까요?""
""그만두셔요.""
보기 좋게 꿀꺽꿀꺽 물을 들여 마신 봉준이는 바람벽을 향하여 돌아누웠다.
바람벽에 진 자기 그림자를 보고 외로운 설움이 가슴을 메어지게 하였다. 하여 모르는 사이에 베개 밑이 척척해졌다.
멍하니 바라보던 주인 마누라는,
""물수건 해서 대드릴까요?""
""수고시럽게…… 요.""
그는 안으로 들어가자 대야에 물을 떠 가지고 나왔다. 그리고 벽에 걸린 수건을 적시어 머리에 번갈아 대주었다. 훨씬 시원한 맛이 있었다.
신발소리가 나자 재일이가 성큼 들어섰다.
""어쩐 일인가?""
""갑자기 아프시답니다.""
""어디?""
봉준의 곁으로 다가앉았다. 그는 감았던 눈을 슬그머니 떠서 재일을 보자 그 의 손을 꽉 잡고 흑흑 느껴 울었다.
""어디 아픈가? 응? …… 울기는…… 왜.""
재일은 그의 머리를 짚었다.
""과다하는데, 옥씨 오셨댔나?""
""웬걸요, 아프신지 알지도 못할 터인데요.""
""오라지, 밤에 적적하지 않어?""
친구를 생각함보다도 자기가 그리웠던 것이다. 매번같이 이 집을 찾게 되면 ' 행여나 옥이를 만날까?’ 하는 생각이었다.
""그만두시라니까요.""
""오라게 원.""
봉준이는 잠잠히 눈을 감아버렸다.요 며칠 동안 재일은 옥이로부터 무슨 회보가 있을까 하여 지나다니는 체부만 조사하고 있었다. 그러나 해가 가물해져도 따라 감감해지고 자기의 예측한 바와는 지나치게 어긋났다.
처음 짐작은 며칠 동안이면 옥의 마음을 움직여 놓겠다는 것이었다. 그러나 반대 방향으로 몇 개월이 된 오늘까지도 꿀 먹은 벙어리 모양이었다.
""어쩐 일일까? 내 수단 방법이 틀린 것인가?"" 이렇게 혼자 중얼거렸다.
그는 난생 처음으로 답답함을 느꼈다. 황금이면 만사에 거칠 것이 없다고 굳게 믿었던 그의 신념도 다소 흔들리기 시작하였다.
최후의 실낱 같은 그의 희망은 옥의 뒤를 따르다 직접 행동을 취하는 외에 별 도리가 없다고 생각되었다. 그러므로 밤이 되면 으레 옥의 하숙집을 몇 번이든지 돌았다. 그러나 웬일인지 한 번도 기회가 마땅히 없었다.방금 옥의 집을 들러 오는 길이었다.
""곤하신데 나가십시오.""
눈이 거적해진 주인 마누라를 쳐다보았다.
""에그 참 졸립니다. 미안하나마 저는 먼저 나갑니다. 앉았다 가십시오.""
무릎에서 잠든 효주를 깨워 가지고 안방으로 들어갔다.""여보게, 오늘 숙희 씨를 만나지 않었나.""
""응, 그래, 말 좀 해보았나?""
봉준은 한숨을 푹 쉬었다.
""말하면 소용이 무언가?""
""그래, 거절받았다는 말이지?""
""그럼.""
""직접 행동을 하여야 하지 말만을 누가 무서워 하나. 그래 손 한 번 걸쳐 보지 못한 모양이네 그려.""
그는 씩 웃었다.
""그런 일은 난 못하겠데. 바루 성공을 못하면 말았지.""
""흥! 아직 멀었네. 그렇게 약해 가지고야 일이 되나.""
""여보게, 자네 힘써 주게나!""
""물론 힘써 주지. 한데 여자 암팡진 것은 실은 여간 지독한 것이 아닌 모양이 데.""
옥이를 두고 이런 말함임을 봉준이도 짐작해 보았다.
""아무렴 자네 전에는 나더러 비웃댔지. 그리 단단히 지내보게.""
""자네 옥씨랑 꼭 이혼할 생각이지?""
""새삼스럽게 그건 왜 묻나?""
어지간히 몸이 단 것을 알았다.
""글쎄……""
빙긋이 웃었다.
""아무렴 숙희 씨를 생각하는 나인 것을 잘 알지, 자네도?""
""오래.""
""그러면 묻는 자네가 그른 것 아닌가?""
재일은 멍하니 전등불을 바라보았다. 그는 무엇을 깊이 생각하는 듯 하였다.
봉준은 재일을 사귄 후로 이러한 태도를 처음 보았다.
언제나 쾌활하던 재일이가 이렇게 되기까지 얼마나 고통을 당하였으랴 하고 생각하니 그가 불쌍히 보였다.
""자네도 사랑의 쓴맛을 이제야 보네 그려.""","안녕하세요! 요청하신 소설 <어머니와 딸> 24화의 내용을 친절하게 요약해 드릴게요.

이 회차는 **사랑을 고백했지만 거절당한 봉준의 슬픔과, 각기 다른 방식으로 사랑에 고통받는 두 남자의 모습**을 담고 있습니다.

### [주요 내용 요약]

**1. 봉준의 간절한 고백과 숙희의 거절**
솔밭에서 봉준은 숙희에게 그동안의 마음을 담은 편지에 대해 언급하며, ""저의 사랑을 받으시겠습니까?""라고 직설적으로 고백합니다. 봉준은 현재의 결혼 생활은 형식적일 뿐이며 오직 숙희만을 그리워해 왔다고 호소하지만, 숙희는 봉준의 혼인 상태를 지적하며 ""아직 사랑에 대해 아무것도 모르는 철없는 사람""이라며 완곡하게 거절하고 자리를 떠납니다.

**2. 상심에 빠진 봉준**
고백을 거절당한 봉준은 깊은 충격과 상심에 빠져 하숙집으로 돌아와 앓아눕습니다. 그는 홀로 방안에서 자신의 그림자를 보며 외로움과 서러움에 눈물을 흘립니다.

**3. 재일과의 대화와 두 남자의 고통**
봉준의 친구 재일이 찾아와 아픈 봉준을 위로합니다. 두 사람은 대화를 통해 각자의 사랑 이야기를 나누게 됩니다.
* **봉준:** 숙희에게 거절당한 마음을 토로하며, 적극적으로 행동하지 못하는 자신의 성격에 대해 이야기합니다.
* **재일:** 재일 역시 '옥이'의 마음을 얻기 위해 수단과 방법을 가리지 않고 노력해 왔지만, 뜻대로 되지 않아 답답함을 느끼고 있었습니다.

**4. 결론**
결국, 늘 쾌활하고 돈이면 무엇이든 할 수 있다고 믿었던 재일마저 사랑 앞에서는 속수무책임을 보여주며, 두 사람이 모두 사랑의 쓴맛을 경험하고 있다는 점을 시사하며 이야기가 마무리됩니다.

---
**요약 포인트:**
* **핵심 갈등:** 봉준의 일방적인 사랑 고백과 숙희의 거절.
* **주요 감정:** 상심, 외로움, 답답함, 사랑의 쓴맛.
* **인물 관계:** 사랑을 갈구하지만 뜻을 이루지 못하는 봉준과 재일의 대비.

내용이 도움이 되셨기를 바랍니다! 더 궁금한 점이 있으면 언제든 말씀해 주세요. 😊"
어머니와 딸 25화,"재일은 자리 속에서 눈을 뜨자 엊저녁에 날치던 봉준의 꼴이 마치 활동 사진으로 보는 듯하였다.
자기 경험으로 미루어 며칠이나 몇 달이나 갈 줄 알았던 봉준의 상사병은, 자기에게 알려진 후부터도 준 이태가 지나서 올해는 공부까지 전폐하고 봄부터 가을철까지 온전히 전문으로 종사를 하다가도 결국은 무서운 신 경 쇠약 병까지 얻어 가지고 자리에서 일어나지 못하게 되었던 것이다.
그 사이에 지나간 이태는 몰라도 올 봄부터는 재일이도 봉준을 동정 하여 숙희를 대할 때만은 다만 한 마디씩이라도 봉준의 이야기를 건네고 따라 숙희를 권면하였다. 그러나 언제든지 숙희는 그만 그만하였다.
엊저녁에는 재일도 겁이 났다. 자기의 친구로서 누이동생을 위하여 생사를 분간 치 못하기쯤 된 형편이니 어쨌든 난처하였던 것이다. 더구나 옥의 안타까워하는 것이란 사람으로선 못 볼 것이었다.
그는 자리에서 벌컥 일어났다. 그는 옷을 입은 후 숙희 방으로 건너갔다.
숙희는 산뜻이 화장을 하고 앞문 앞에 앉아 수를 놓았다. 방문소리가 나자 숙희는 힐끔 쳐다보았다.
""숙희야.""
그는 바늘을 든 채 재일을 보았다. 아직 이마에는 베갯자리가 있었다.
재일은 얼결에 이렇게 부르고 나서도 갑자기 어느 말부터 꺼내야 좋을지 몰랐다.
""왜요?""
왔다 갔다 하는 재일은,""너 어째서 그렇게 사모하는 김 군을 싫어하니? 무엇 때문이냐?""
숙희는 눈꼬리가 샐쭉해졌다. 아무 말 없이 바늘 꽂았다 빼는 소리만 잦아질 뿐이다. 숙희의 꼴을 보니 오늘도 틀릴 모양이었다. 재일은 음성을 낮추었다.
""숙희야! 너의 오빠도 생각지 않니? 오늘만 부대 가자. 가서 잠깐만 앉았다 오자꾸나. 그것이야 무엇이 힘들 것이 있니? 응, 대답해라.""
재일은 애걸하다시피 하였다.
숙희는 언제까지나 말이 없었다. 재일은 마음대로 하면 달려들어 실컷 쥐어박아 반쯤 용신을 못하게 만들어 주면 좋을 상으로 생각되었다.
싯재 펄펄 뛰는 생떼 같은 청년이 자기 하나 때문에 죽겠다 살겠다 하는 판에도 말똥말똥히 무엇을 생각만 하고 앉았는 것이 재일로 하여금 눈에 불나도록 안타까웠던 것이다.
그러나 꾹 참고,""어찌 겠니?""
숙희는 바늘을 저고리 섶에 꽂고 재일을 뚫어지도록 바라보았다.
""오빠! 제발 그런 말씀 말아 주세요. 세상에는 봉준 씨 한 분만이 그런 고통을 당하는 것뿐 아니겠어요? 그런 것을 어떻게 일일이 동정합니까? 심하게 말하면 죽는 대도 할 수 없는 일이지요! 네, 오빠, 그렇지 않습니까?""
숙희의 얼굴은 슬픈 빛이 돌았다"" 숙희야! 그러면 너는 봉준 군을 죽이려느냐! 응?""
그의 눈에는 봉준이가 보였다. 따라 어여쁜 옥이가 보였다.
""죽는 사람은 약자지요. 못난이지요. 어찌해서 귀한 일생을 일개 미미한 계집 때문에 희생을 버리겠습니까…… ""
재일은 분이 왈카닥 치밀었다.
""야! 사설만 지껄이지 마라. 너도 무슨 사람값에 가니! 에잇, 저런 매몰스런 계집애하고 말하다가는 아주 기막혀 죽겠어! 어데 얼마나 버티나 보자.""그는 휙 나가버렸다.
숙희는 얼굴이 새파랗게 질려 가지고 돌부처 모양으로 앉아서 꼼짝하지 않았다.
눈물 흘린다는 것은 몇 분 후에 한 방울씩 떨어질 뿐이었다.
연희가 밖으로부터 황당히 들어왔다.
""어째 그러니? 또 그 일 때문이냐?""
연희의 까만 눈에서는 벌써 눈물이 핑 돌았다. 그리하여 마치 낙숫물 지듯이 흐르는 것이었다.
숙희는 말똥히 연희의 들먹이는 어깨 위를 바라보며 저렇게 속 시원히 울어 봤으면 하고 오히려 눈물 많은 것이 부럽게 생각되었다.따라 봉준의 일이 난처하였다. 그러나 어여쁜 아내를 가진 봉준이가 또 자기를 생각하여 죽네 사네 한다는 것은 어쩐지 자기로서는 색마와 같이 생각 되었다. 어쨌든 순결치 못한 것이 미웠던 것이다. 돌이켜 한 번도 장가 가보지 못한, 이름만이라도 총각이 그 지경이 되었다면 장래는 어찌 되었든 우선 그의 순정에 자기의 마음도 어찌 움직여 나갈는지 모를 것이었다.
무엇보다도 옥에 티가 있을지언정 이십여 년 꼭 봉해 두었던 자기의 흠도 티도 없는 정조를 아내 있는 사람에게 바치기는 암만 눈 감고 생각 하여도 못 할 일이었다.
하지만 눈앞에서 봉준의 꼴을 본다면 자기도 사람인지라 어떻게 될는지 몰라서 아예 가기가 싫다는 것보다는 두려운 마음이 앞섰던 것이다. 그러므로 몇 달 째 눈 딱 감고 모른 체하여 왔다.한참이 지나도 연희는 울었다. 숙희는 이상한 생각으로,
""언니, 일어나라우.""
그의 어깨를 흔들 때 그의 무릎 아래로 샛노란 들국화꽃 한 송이가 보였다.
요새 며칠 동안 옥이는 학교도 결석하고 밤낮으로 봉준의 병간호 하기 눈코 뜰 짬이 없었다. 그러나 애쓴 보람이 없이 병세는 점점 더 깊이 들어갔다.","안녕하세요! 요청하신 소설 <어머니와 딸> 25화의 내용을 친절하게 요약해 드릴게요.

이 장은 사랑으로 인해 몸과 마음이 망가진 **봉준**과, 그를 외면하려는 **숙희**, 그리고 그 사이에서 안타까워하는 **재일**의 갈등을 중심으로 전개됩니다.

### 1. 주요 줄거리

* **봉준의 위독한 상태:** 봉준은 숙희를 향한 지독한 상사병으로 인해 단순한 마음의 병을 넘어 심각한 신경쇠약에 걸려 자리에서 일어나지도 못할 만큼 위독해졌습니다.
* **재일의 설득과 숙희의 거절:** 재일은 봉준의 상태를 걱정하며 숙희에게 봉준을 찾아가 위로해 줄 것을 간곡히 부탁합니다. 하지만 숙희는 ""죽는 사람은 약한 사람""이라며, 한 여인 때문에 자신의 인생을 희생하는 봉준의 태도를 냉정하게 비판하며 거절합니다.
* **숙희의 내면적 갈등:** 겉으로는 냉정해 보이는 숙희지만, 속으로는 복잡한 심경을 느낍니다. 봉준이 아내(옥)가 있음에도 자신을 이토록 갈망하는 것에 대해 일종의 거부감과 도덕적 결벽을 느낍니다. 무엇보다 자신의 정조를 지키고 싶어 하며, 봉준의 위태로운 상태를 마주했을 때 자신의 마음이 흔들릴까 봐 두려워하고 있습니다.
* **비극적인 상황:** 봉준의 병세는 점점 깊어지고 있으며, 그의 아내인 옥은 학교도 가지 못한 채 밤낮으로 병든 봉준을 간호하며 힘든 시간을 보내고 있습니다.

### 2. 핵심 요약

이 내용은 **사랑이라는 감정이 불러온 비극적인 파국**을 보여줍니다. 사랑 때문에 생사 기로에 선 남자(봉준)와, 도덕적 가치관과 자기 방어 기제로 인해 그 사랑을 냉정하게 밀어내는 여자(숙희)의 대립이 긴장감 있게 그려지고 있습니다.

---
내용이 도움이 되셨나요? 더 궁금한 점이 있으면 언제든 말씀해 주세요! 😊"
어머니와 딸 26화,"아침도 먹는지 마는지 한 옥이는 영실을 데리고 숨차게 달음질쳤다.
방안으로 들어서자 봉준의 곁으로 갔다. 두 눈이 푹 꺼진 그는 눈을 들어 옥이를 보다가 영실을 보자 갑자기 눈을 둥그렇게 떴다.
""숙희 씨!""
벌컥 일어났다. 하여 뚫어질 듯이 그를 바라보는 것이었다.
""아냐요, 우리 주인집 학생 영실이야요.""
영실은 겁이 나서 방구석으로 쫓겨가 앉는다.
봉준은 도루 자리에 푹 꺼꾸러졌다. 그는 눈물이 쑥 비어졌다.
""숙희 씨! 나는 총각이야요. 당신에게 무슨 거짓말이 있겠습니까?""
정신없이 이런 소리를 연거푸하며 돌아누웠다.
주인 마누라는 미음 그릇을 가지고 들어온다. 옥이는 일어나 받아 가지고  남편 곁으로 갔다.
""여보셔요. 미음 좀 잡숴 봅시다. 네. 이리 돌리세요.""
봉준의 머리를 이편으로 돌리려 하였다. 그는 옥의 손을 탁 갈기며,
""너희들은 다 가라! 보기 싫다!""
미음 그릇은 쏟아졌다.
""에크!""
주인 마누라는 안방에서 걸레를 갖다 옥이에게 주었다. 그는 거룩한 미음을 다 훔쳐서 가지고 밖으로 나가자 주인 마누라가 받아 가지고 자기가 나갔다.
곁에서 보는 영실은 어리둥절하였다. 따라 숙희가 한편으로 부러운 생각이 들었다. 동시에 감정 가진 사람 같지 않아 보였다.
옥이는 끝없이 남편의 살 빠진 돌아누운 편 볼을 바라보고 있었다.""여보 옥이, 숙희 좀 오라소 그려. 한 번만 봐도…… 네. 숙희 좀 제발 데려다주.""
옥이는 성큼 일어났다.
""영실아, 너 숙희네 집 알지?""
""응.""
""그럼, 대문까지만 데려다 주렴.""
""갑시다.""
둘은 밖으로 나왔다.
고래 잔등 같은 세 마루 기와집 앞에서 영실은 발길을 멈추었다.
""이 집이냐?""
어쩐지 옥의 가슴은 선뜻하였다.
""어찌겠니? 여기 서서 기다리겠니, 가겠니?""
한참이나 생각하던 영 실이는,
""어떡합니까? 같이 들어갑시다 그려.""
옥이는 다행히 생각되었다.
""안 되었다, 영실아.""
""언니도 별 말씀 다 하십니다.""
영실은 대문 안으로 들어서자 뚱뚱한 살빛 좋은 부인에게 향하여 가볍게 머리를 숙여 보였다.
""오, 영실이 오니?""
부인의 눈매를 보아 즉석에서 옥이는 숙희 어머니로 알았다. 부인은 뒤에 섰는 옥이를 유심히 보고 나서 머리를 돌렸다.""숙희야, 너의 동무들 왔다.
건넌방 문이 열리면서 숙희의 반신이 나타났다.
옥이는 못 볼 것을 보는 것처럼 끔찍하였다.
""영실이, 옥씨! 어서 들어오세요.""
숙희는 일어섰다. 연희도 내다보았다.
그들은 방안으로 들어앉았다. 갑자기 맴돌려다 놓은 것처럼 옥이는 어리둥절하였다.
앞에도 번쩍 뒤에도 번쩍, 모두가 어른어른하였다.
그는 가만히 정신을 가다듬어 차례차례로 둘러보았다. 첫눈에 띈 것은 책상 위에 치 쌓인 책들이었다. 그리고 대문짝 같은 체경이 죽 둘러놓인 것 이 농궤 였다.
""용하십니다, 옥씨.""
""이렇게 와야 다 반가이 보지요.""
숙희를 바라보며 웃어 보였다. 숙희는 그를 마주 바라보며 전날 옥이와는 딴판으로 생각되었다. 수양이란 사람을 다시 만들어 놓는 것이다 하였다.
숙희는 살짝 눈을 돌려,
""어째서 영실이가 우리 집에 놀러 안 왔니? 아마 공부만 열심으로 하지?""
""공부가 다 무어냐.""
숙희는 밖으로 나갔다.
연희는 옥이를 쇠쇠 들여다보며,
""어떠신 가요, 요새는?""
""글쎄요, 말이 안 나옵니다.""
한숨을 푸 쉬었다.
""에그 딱 해라! 오작이나 안타까우시겠어요.""
""무섭던데요.""
영실은 동달았다.
숙희는 과일 그릇을 가지고 들어왔다. 오목오목 한 손으로 배 한 알을 들어 벗겼다.
""이제 곧 밥 먹고 왔는데요.""
옥이는 숙희의 손을 보았다.
""이것이 배부를 것이야요? 일부러 밥 먹은 후에는 배 한 쪽씩 먹는 것이 좋 대요.""
상긋 웃었다. 하얀 이가 보였다. 이렇게 천연스레 이야기는 하면서도 가슴은 조급하였다.숙희는 주는 배 쪽을 받아 입에 넣은 즉 꽤 시었다. 옥이는 억지로 깨무는 척 하면서 어떻게 말하여 숙희를 데려갈까, 이번 자기 말에 따라 자기 남편의 운명은 결정되는 듯이 생각되자 온몸에 소름이 쪽 끼치는 것이었다.
한참이나 이렇게 생각한 그는 얼굴을 번쩍 들고 숙희를 똑똑히 보았다.
""숙희 씨! 이런 말 하는 저를 용서하여 주십시오.""
옥의 입술은 푸르르 떨렸다. 그리고 두 볼이 화끈 달기 시작하였다.
그들은 미리 예측한 것인 만큼 새삼스럽게 더 놀라지는 않았다.
""네, 무슨 말씀이든지 하십시오.""
숙희는 심상스레 말하였다.
""숙희 씨, 잠깐만 우리 집에 놀러 가십시다. 긴급히 볼일이 있는데요.""
""네. 무슨 볼일인지 대강 이야기하십시오. 그래서…… ""말이 채 마치지 못 하여 ""숙희 씨 당신은 참으로 모르십니까? 한때를 돌아봐 주시지오. 그러면, 그러면 얼마나 고마울는지요…… ""숙희는 잠잠히 있었다. 연희는 왈칵 일어나 숙희의 손목을 잡아끌었다.
""숙희야, 옥씨가 오신 생각을 해서라도 이번만은 가야 한다. 응? 숙희야!""
연희의 눈에는 눈물이 괴었다.
""언니는 미쳤나 봐요 왜 이러셔요.""
연희를 흘겨보고 나서,
""옥씨, 나는 당신이 불쌍해서 못 가겠습니다. 만일 당신이 없었다면 벌써 가보았을는지도 모릅니다. 당신이 남편을 사랑하여 저한테 오신 것만큼 저 역시 당신을 생각하여 죽기로써 못 가겠습니다!""숙희의 얼굴은 새파랗게 질렀다. 이 말 한 마디에 옥이는 절망하였다. 따라 머리끝까지 치밀리는 분함을 따라 그의 앞은 점점 암흑으로 변해지는 것 이었다.
""숙희야! 너 나를 사랑하지. 내가 만일 죽게 된다더래도 네 힘으로 구원 할 수 있는데도 불구하고 내버려둘 터이냐?""
숙희는 연해 덤비는 꼴을 바라보았다.
""언니! 왜 그런 말까지 하여요?""
""숙희야! 제발 가다오. 가다오. 오작이나 불쌍한 사람이냐.""
숙희를 잡아 일으켰다.
""흥! 가기는 어데를 가요.""
영실은 옥의 손을 잡아끌었다.
""언니, 가자오.""
""그래, 못 가시겠다는 말이요?""
""무엇하러 가요!""
딱 떼어 버렸다. 어물어물하다가는 이때껏 고집해 온 것이 무효로 돌아가고 말 것 같았다.
방문이 열리자 숙희 어머니가 들어왔다.
""무슨 일들이냐?""
영실은 손을 슬며시 놓고 앉았다.
""어머니, 아무것도 아니야요.""
숙희는 이렇게 말하고 배 쪽을 들었다.
그는 한참이나 우두커니 서서 여러 사람을 휘뚜루 살펴보다가 밖으로 나갔다. 뒤이어 담뱃대 떠는 소리가 요란스럽게 들려왔다.옥이는 더 앉았을 수 없었다. 하여 일어났다.
""숙희 씨, 실례 많이 했습니다. 다 용서해 주시구려.""
주인은 잠잠히 따라 일어났다. 그들은 정신없이 걸었다.
""언니, 속 태우지 말라우. 곧 낫겠지, 무얼 그래.""
옥의 애쓰는 꼴이란 그의 눈으로 볼 수 없었던 것이다. 한참이나 뛰어오던 옥이는 거리바닥에서 공중 넘어졌다. 지나가던 사람들은 한 번씩 돌아보고 씩 웃었다. 아이들이 이리로 달려왔다.
영실의 두 귀 밑이 화끈화끈 달았다.
""언니 천천히 가요 ""그를 잡아 일으켰다. 옥이는 앞이 아득해지며 재차 넘어갔다. 영실이는 너무 안타까와서 슬그머니 골이 났다. 아이들은 바짝 대들어 숨 답답하리만큼 쳐다보았다.
그는 겨우 옥이를 일으켜 가지고 그의 손을 꼭 붙들었다.
""언니! 정신 차려요.""
옥이를 쳐다보았다. 그의 이 맛가에서는 땀이 방울 방울 맺혀 귀밑으로 흐르는 것이었다.
바라보니 붉은 옷 입은 죄수들이 간수들에게 호위되어 지나갔다.","안녕하세요! 요청하신 소설 <어머니와 딸> 26화의 내용을 정성껏 요약해 드릴게요.

---

### [소설 요약: 어머니와 딸 26화]

**1. 남편 봉준의 절망과 옥이의 결심**
몸과 마음이 모두 피폐해진 봉준은 영실을 보고 과거의 인물인 '숙희'로 착각하며 큰 슬픔에 빠집니다. 그는 옥이가 주는 미음조차 거부하며 모두 떠나라고 소리칩니다. 봉준은 옥이에게 제발 숙희를 한 번만 데려다 달라고 애원하고, 남편의 절박한 상태를 본 옥이는 숙희를 찾아가기로 결심합니다.

**2. 숙희의 집 방문과 냉담한 반응**
옥이는 영실과 함께 숙희의 집을 방문합니다. 그곳에서 만난 숙희는 예전과는 달리 달라진 모습으로 여유로운 생활을 하고 있었습니다. 옥이는 남편의 운명이 걸린 간절한 마음으로 숙희에게 잠시만 집으로 와달라고 부탁합니다. 친구 연희가 숙희를 설득하려 애쓰지만, 숙희는 차갑고 냉담한 태도를 유지하며 옥이의 간절함을 외면합니다.

**3. 옥이의 절망과 무너지는 마음**
숙희의 거절과 냉담함에 옥이는 깊은 절망과 분노를 느낍니다. 숙희가 자신들의 비극적인 상황에 전혀 공감하지 못한다는 사실에 옥이는 정신적인 충격을 받고, 결국 집을 뛰쳐나옵니다.

**4. 비극적인 결말**
심신이 지친 옥이는 길을 가다 정신을 잃고 쓰러집니다. 영실이 안타까워하며 옥이를 부축하려 애쓰지만, 옥이는 계속해서 쓰러지며 극심한 고통과 혼란 속에 빠진 모습을 보여줍니다.

---

**요약 포인트:**
이 회차는 **남편을 살리기 위해 과거의 인물인 숙희에게 매달리는 옥이의 처절한 노력**과, 그럼에도 불구하고 **냉담하게 반응하는 숙희 사이의 갈등**, 그리고 그로 인해 **완전히 무너져 내리는 옥이의 비극적인 심리 상태**를 잘 보여주고 있습니다.

도움이 되셨기를 바랍니다! 더 궁금한 점이 있으면 언제든 말씀해 주세요. 😊"
어머니와 딸 27화,"영 실은 발길을 멈추고 섰다.
""오빠!""
얼굴 긴 사나이가 이편으로 힐끗 돌아보고 말없이 지나치는 것이었다.
영실의 무섭게 뛰는 가슴은 옥이를 깜짝 놀라게 하였다.
""웬일이냐? 누구냐?""
""저기 가는 세째로 선 사람이 우리 오빠야요.""
그는 눈을 둥그렇게 떴다.
""오빠? 어머니가 말씀하시던 오빠…… 그 오빠냐?""
영실의 눈에서 눈물이 핑 돌아 떨어졌다.
옥이는 그들의 가는 뒷맵시를 바라보았다. 따라서 영실 어머니의 눈물 섞어 이야기하던 마디마디가 그의 가슴을 울리게 하였다. 몇 백 명의 노동자를 위하여 자기 몸을 희생해 바친 영실 오빠. 이렇게 생각하고 나니 정신이 바짝 들었다.
""오빠! 내 오빠도 되는 것이다!""
영실의 손을 뿌리쳤다. 그리고 그들이 밟고 간 넓은 길을 끝없이 바라보았다.
영실이는 눈을 부비 치며,
""언니, 가자우.""
옥이의 손을 잡았다.
""봐라!""
옥이는 우뚝 서서 무엇을 깊이 생각 하더니,
""오빠가 밟고 간 이 길로 우리도 가야 한다! 영실아!""
그의 음성은 떨려나왔다. 영실이는 멀거니 바라보며,
""언니 미쳤나 봐, 어서 가자우요!""6. 옥이 중로에서 영실을 보낸 옥이는 자기의 과거를 곰곰이 생각하며 걸었다.
'나는 어떠한 길을 걸었나?’ 아니, 나도 사람인가? 밥을 먹고 옷을 입을 줄 아니 사람이랄까, 울고 웃을 줄 아니 사람이랄까? 응! 아니다! 울었다면 나를 위하여 울었더냐? 웃었다면 진정한 나의 웃음이었더냐? 모두가 봉준을 위 하였음 이었다. 두루뭉수리 삶이었다! 이러한 삶을 계속 시키려고 안타깝게 울었던 것이었다. 불쌍한 인간! 그는 이렇게 부르짖고 대문으로 들어섰다.
방으로 들어온 그는 묵묵히 봉준을 보았다. 봉준이는 벌컥 일어나려다 도로 팍 고꾸라졌다. 다시 머리를 돌려 눈이 찢어지도록 바라다본 그는 ""또 못 데려왔구려! 숙희! 숙희야! 네가 나를 죽이려느냐. 한 번만 뵈어다오, 한 번만…… ""
눈물이 주르르 흘렀다.
시름없이 바라본 옥이는 속으로 '불쌍한 인간! 차라리 울 바에는 너를 위  하여 울어라. 좀더 나아가 여러 사람을 위하여 울어라! 한낱 계집애를 생각 하여 운다는 것은 너무나 값 없는 울음이 아니냐!’ 이렇게 부르짖을 때 아까 본 영실이의 오빠가 머리에 똑똑히 나타나는 것이었다. 하여 자기 가슴속에 깊이 깊이 들어앉았던 남편인 봉준이는 차츰차츰 희미하게 사라지기 시작 하였다. 봉준을 물끄러미 보았다. 핏기 없는 그의 아웅한 얼굴, 진그락지 같은 그의 흰 손은 마치 죽은 송장을 보는 듯한 것이었다. 그리고 이 때처럼 아무 미련 없이 봉준을 불쌍하게 본 적은 없었다.옥이는 골치가 지끈해지며 두 귀가 울었다. 따라 메슥메슥해지며 맑은 침이 휙 도는 것이었다. 방안으로 빽빽이 들어찬 무거운 공기가 그로 하여금 그렇게 만들어주었던 것이다.
벽을 향하여 누웠던 봉준이는 이켠으로 돌아누웠다.
""여보, 이혼해 주겠소, 못해 주겠소? 당신 말 한 마디에 달린 것이니까.""
숙희가 이때 가지 자기를 냉대하는 것은 오직 옥이 때문이라 생각되었던 것이다. 옥이는 눈을 똑바로 떴다.
""네 해드리지요. 이때까지 온 것도 그만큼 제가 어리석었던 것입니다. 아니 못난 탓이었습니다!""
봉준이는 너무나 뜻밖의 대답에 오히려 서먹하게 되었다. 하여 이상한 눈치로 그를 한참이나 바라보았다.
""참 말입니까?""
""네, 참 말이지요.""
이렇게 대답하는 순간에 답답한 토굴 속에서 벗어나는 듯하였다.
그들은 한참이나 말없이 있었다. 옥이는 더 앉을 수 없이 코밑이 달아 왔다. 더구나 바라보기부터 뜨거워 보이는 전등불은 안타깝게 고요하였다. 그는 벌컥 일어났다.
""가겠습니다.""
말 한 마디를 남기고 미련 없이 시원스럽게 뛰어나왔다.
대문을 나서자 선들선들 부는 바람이 그의 전신을 날 듯이 가볍게 하여 주었다. 따라서 그의 앞에 나타나는 모든 것은 새것과 새것으로 그의 눈을 둥 그렇게 하였다. 왜 이럴까? 자신을 향하여 물어보았으나 일정한 대답이 없이 머리에 떠오른 것은 아까 그들이 밟고 간 아득해 보이는 훤한 길이었다.깜짝 놀랐다. 어둠 속으로 따뜻한 손길이 자기 손을 꼭 잡았다. 그는 탁 뿌리쳤다.
""옥씨!""
목소리가 가늘게 떨려나오는 것을 보아 여자임을 알았다.
""누구세요?""
""저예요.""
순간에 그는 누구일까! 숙희가 얼핏 생각키웠다.
""숙희 씨세요?""
""아뇨, 연희입니다.""
""네, 들어가 보시지요. 저는 너무 곤한 끝에 머리가 아파서 돌아가는 길 입니다.""
전 같으면 이렇게 돌아가지도 않겠지마는, 더구나 이런 말은 못 하였으련마는 심상히 내쳐 버렸다.
""옥씨! 잠깐만 같이 들어가 주세요.""
옥이는 난처하였다. 모처럼 생각하고 온 손님의 말을 거절할 수 없는 터, 더구나 전 같으면 으레 자기로서는 안내하여야 될 처지인 줄을 번연히 아는 그만큼, 그렇다 하여 다시 그 방으로 들어가기는 죽기보다도 싫은 생각이 났다.
""연희 씨, 용서하십시오. 제가 극도로 몸이 괴롭습니다.""
안타깝게 거절하는 옥의 말에 그는 이상히 생각되었다. 그러나 요리조리 따져 생각하기는 뒤범벅이 된 그의 머리가 허락치를 않았다.
""네! 곤하시겠지요.""
이렇게 대답을 하면서, 안타깝게 오라는 숙희가 아니 오고 기다리지 않는 자기가 온 만큼 당연한 일이 다 생각될 때 이 자리에서 금방 죽는다 더래도 봉준의 방까지는 들어가고 싶지 않았다.
""그럼 실례합니다.""
옥이는 앞으로 달음질쳤다.숨이 차서 달려온 옥이는 안방으로 들어갔다.
""어머니, 밥 주어요.""
며칠 동안에 처음으로 듣는 생기 있는 말이었다.
""응, 주지. 어찌 되었나?""
옥의 손을 잡고 근심스러운 듯이 영실 어머니는 들여다보았다.
""그저 그렇지요. 어서 밥 주어요, 밥!""
옥이는 빙그레 웃었다.연희는 매일 밤 가서 봉준의 병간호를 하였다. 그의 열성으로 간호한 보람인지는 몰라도 차츰차츰 회복되기 시작하면서부터 그의 가슴속에 깊이 깊이 들어 앉았던 숙희도 저절로 흔적을 감춰 버렸다.
반면에 봉준이는 연희에게 다 마음을 붙이고 다시 하늘을 보게 되었다. 그만큼 연희의 순정에 눈물 날 만큼 감복되었던 것이다.","안녕하세요! 요청하신 소설 <어머니와 딸> 27화의 내용을 친절하게 요약해 드릴게요.

이 회차는 주인공 **옥이가 개인적인 감정과 구속에서 벗어나 정신적으로 각성하고, 새로운 삶의 국면을 맞이하는 과정**을 담고 있습니다.

---

### 📖 소설 내용 요약

**1. 영실의 오빠를 통한 정신적 각성**
영실은 희생적인 삶을 살았던 오빠를 우연히 마주치게 됩니다. 이를 지켜본 옥이는 타인을 위해 자신을 바친 영실 오빠의 모습에 깊은 감명을 받습니다. 옥이는 그동안 자신의 삶이 오직 남편 봉준만을 향한, 개인적이고 좁은 울음과 웃음뿐이었음을 깨닫고, 더 넓고 가치 있는 길을 걸어야겠다고 다짐합니다.

**2. 봉준과의 결별과 해방감**
옥이는 남편 봉준을 바라보며 예전처럼 집착하거나 슬퍼하는 대신, 한 인간으로서 그를 불쌍히 여기는 초연한 태도를 갖게 됩니다. 봉준이 이혼을 요구하자, 옥이는 망설임 없이 이를 받아들입니다. 이 결정을 통해 옥이는 마치 답답한 공간에서 벗어난 듯한 해방감과 가벼움을 느끼며 집을 나섭니다.

**3. 새로운 인연과 변화**
집으로 돌아가는 길에 옥이는 연희를 만나지만, 몸과 마음의 피로로 인해 정중히 거절하고 집으로 향합니다. 옥이가 자신의 삶을 찾아 떠난 사이, 연희는 매일 밤 봉준을 정성껏 간호합니다. 연희의 헌신적인 간호 덕분에 봉준은 건강을 회복하게 되고, 과거의 미련(숙희)을 떨쳐내며 연희에게 새로운 마음을 품게 됩니다.

---

**💡 요약 포인트:**
이 에피소드는 **'개인적인 집착(봉준)에서 벗어나 사회적/인간적 가치를 깨닫는 옥이의 성장'**과, 그로 인해 **'각자의 길을 찾아가는 인물들의 변화'**를 핵심적으로 보여주고 있습니다.

내용이 도움이 되었기를 바랍니다! 더 궁금한 점이 있으면 언제든 말씀해 주세요. 😊"
어머니와 딸 28화,"그는 완전히 자기 병이 회복되자 옥이가 원망스러웠다. 누구나 자기 한 생각은 못하는 것처럼, 봉준이도 역시 마찬가지였다.
그날 밤 뛰쳐나간 후로는 그는 발길을 끊었던 것이었다.
따라 새록새록히 옥의 신변을 조사하는 반면에 이상하게도 자기의 마음 이옥에게로 돌아가는 것이었다. 학교 안에서는 우등생으로 선생이나 학생들 간에 온갖 사랑을 혼자 받는다는 것, 더구나 재일이가 미쳐서 덤비는 꼴을 보고는 야릇한 복수심으로부터 이렇게 되는 것이었다.
그리하여 성화치듯 재촉하는 이혼 일체도 그만해 두고 도리어 옥의 눈치만 슬금슬금 보는 것이었다.어떤 날 밤 그는 하도 궁금증에 못 견디어 종로 네거리로 휘뚜루 쏘다니다가 그만 새로 한시나 되어 옥의 하숙집을 찾았다.
대문은 걸렸다. 그는 뒤 창문 켠으로 갔다. 하여 가만히 동정을 살피니 자는 모양이었다. 그래서 깨울까 그만 갈까 한참이나 망설이던 끝에,
""옥씨!""
하고 불렀다. 잠잠하였다. 이미 찾은 김이다. 내쳐 불렀다.
""여보 자우? 옥씨 여보!""
창문을 지긋지긋 잡아당겼다. 첫잠 들었던 옥이는 문 잡아당기는 결에 놀라 가만히 귀를 기울였다.
""여보 옥씨!""
익히 듣던 목소린데도 얼핏 생각나지 않았다. 그래서 그는 가만히 일어나서 창문 곁으로 갔다. 순간에 '봉준이다’ 하였다. '무엇하러 그가 이 밤에 우리 집을 찾아왔을까? 무슨 볼일이 있나? 무슨 일일까?’ 이렇게 의심을 하고,
""누구세요?""
""봉준입니다.""
""네! 무슨 볼일이 있어요?""
이 말에 봉준이는 부쩍 의심이 났다. 누가 방에 있지나 않나? 그렇지 않으면 저로써……?
""네, 볼일 있습니다. 문 좀 열어주시오.""옥이는 옷을 더듬더듬 주워 입고 밖으로 나가서 대문을 열었다.
봉준은 대문 켠으로 왔다.
""그새 평안하셨소?""
첫잠에 무르익은 그의 토실토실한 두 볼은 달빛에 한층 아담스럽게 보였다.
봉준이는 손목이라도 컥 붙잡고 싶게 그리 반가웠다.
""어떻게 이 밤에 오셔요.""
""당신 오지 않으니까 보고 싶어 왔지요.""
별로 능청맞게 그의 귀에 들렸다.
방으로 들어온 그들은 깊은 침묵에 잡혔다.
""무슨 볼일이세요?""
봉준을 바라보았다.
""볼일은 무슨 볼일이야, 당신 보고 싶어서 왔다니까.""
""갑자기 그렇게 보고 싶더이까?""
""그런 수도 있지요?""
""왜? 요새 신부인 생겼다는데 나 같은 것이 보고 싶어요?""
옥이는 입을 꼭 다물고 책상 위를 보았다. 봉준이는 옥을 뚫어져라 하고 보더니,
""여보, 당신 마음이 요즈음 달라진 것 같구려.""
""네? 달라졌다고요? 어떤 점으로 보아 하는 말씀이니까?""
""어떤 점으로 보다니?""
그의 눈은 분함과 노여움으로 뒤집혔다.
""물론 당신의 자유를 누가 말릴 수는 없지만 너무합니다.""이것이 무엇을 의미함인지 옥이는 번연히 알았다. 하여 그는 그의 뒤집힌 눈을 피하려고도 하지 않고 맞 쏘아보았다.
""네, 나도 이제부터는 나로서의 삶을 계속하여 보렵니다. 그러니까 과거와는 달라진 삶이겠지요!""
봉준이는 그의 어딘가 모르게 굳세게 나가는 말에 다소 놀라지 않을 수 없었다. 따라서 그에 대한 애착심은 점점 더하여지는 것이었다.
""여보, 당신도 좀 배웠다는 텃세구려. 이를테면…… 흥.""
봉준은 아니꼽다는 듯이 머리를 외어 꼬았다. 한참 후에 봉준은,
""여보 그러지 마우. 어머니 생각을 한들 당신으로서야 차마 버티겠소. 나는 아직 셈이 없어 그러든지, 천성이 그래 그러든지, 막 치워놓구라두 당신만은 꾸준히 우리 집을 위하여 살아야 하지 않겠소. 당신은 어머님의 유언을 잊었구려.""
자기의 말에 감격이 되어 눈물이 흘러내렸다.
""어찌하시는 말인지 나로서는 알 수가 없습니다. 밤낮으로 이혼해 달라고  졸랐지요? 한데 새삼스럽게 오늘 와서 이렇게 말씀하는 뜻은?""
""그래, 내가 그런다고 당신은 다른 데로 시집 가려는구려."" 하고 옥을 껴안았다. 하여 번개같이 옥의 볼 위에 볼을 마주 대는 것이었다.
옥이는 있는 힘을 다하여 그를 뿌리치고 휙 일어났다.
""여보! 나는 당신의 아내가 아닙니다. 이런 무례한 짓을 어따가 합니까?
가요!""
그의 소리는 날카로웠다.봉준이는 어젯밤, 지난 일을 생각하면 담박이라도 달려가서 옥이를 쳐 죽이고 자기마저 그 자리에서 세상을 꿈벅 잊고 싶었다.
어머님께서 코, 침, 졸졸 흐르는 옥이를 데려다가 자식 못지않게 사랑 하여 옴상 곰상 히 키워서 자기의 세대를 전부 밀어 맡긴 것임에도 불구하고 어쩌니 어쩌니 하는 것이 죽도록 미웠던 것이다.
첫 새벽에 그는 영철 선생에게 가는 편지를 써서 부쳤다. 몇 달지간에 처음으로 하는 것이었다. 편지한 지 이틀 만에 영철 선생은 담박 경성으로 올라왔다.
이렇게 속히 오리라고는 생각지 못했다가 뜻밖에 만나 놓으니 말문이 콱 막혔다.
""편지 보셨습니까?""
""보았네. 그래 무슨 소린지 몰라 왔 네 마는…… ""봉준이를 자세히 보았다. 그리하여 그의 속까지 꿰뚫어보려는 듯하였다. 전부터 그를 못마땅히 앎으로 인하여 그의 말로만은 신임할 수가 없었다.
""이제 옥이한테도 갔었네만은 학교 가고 없데 그리.""
""가셨댔나요…… 뭐, 아무래도 이혼은 되는가 싶습니다.""
""지껄이지 말아, 하면 말인 줄 알고 자네는 떠드네마는…… 옥이가 그럴 리가 있나?""
봉준이는 웃었다.
""예, 물론 선생님까지도 저를 의심할 줄은 번연히 알았으니까요. 믿던 남게 곰핀다든지…… 그렇게들 예수 믿듯 믿으시더니 아주 잘 되었습니다.""
그는 천장을 쳐다보았다.문이 열리자 재일이가 들어왔다. 그는 아랫목으로 가서 펄썩 주저앉아 비스듬히 바람벽을 기대앉았다.
""여보게, 옥씨 오셨댔나?""
""밤낮 옥이, 그렇게 보고 싶으면 가서 보게나.""
봉준이는 슬그머니 싫증이 나면서도 겉으로는 웃음으로 쓸어쳤다.
선생은 위질비뜩한 난봉 사나이 입에서 옥의 이름이 오르내리는 것이 싫었다. 그래서 머리를 외어 꼬고 괴로운 낯빛으로 잠잠하였다.
재일은 봉준을 향하여 눈을 껌뻑하며 선생의 아래위를 살펴보았다. 봉준은 씩 웃었다.
""여보게, 나도 장가가야 되지 않겠나?""
""중매할까?""
봉준의 눈치를 보아 이 사람이 누군지를 대강 짐작하였다. 전부터 영철 선생의 이야기는 봉준으로부터 몇 번 들었던 것이다.
""하게, 연희씨로 하게.""
이 말을 듣자 선생은 괘씸한 생각이 들어 그들이 몹시 아니꼽게 보였다.
그러나 모든 일은 옥이를 만나봐야 알겠으므로 어서 바삐 옥이 오기를 조마조마히 기다리었다.","안녕하세요! 요청하신 소설 **<어머니와 딸> 28화**의 내용을 친절하게 요약해 드릴게요.

이 회차는 주인공 **봉준**과 **옥** 사이의 깊어지는 갈등과 심리적 변화를 중심으로 전개됩니다.

### 1. 봉준의 심경 변화와 집착
병이 회복된 봉준은 옥을 원망하면서도, 동시에 그녀에게 묘한 애착과 질투심을 느끼기 시작합니다. 특히 다른 남성(재일)과의 관계를 의식하며 복수심 섞인 소유욕을 느끼게 되고, 이전처럼 이혼을 재촉하기보다는 오히려 옥의 눈치를 살피며 그녀를 갈구하게 됩니다.

### 2. 밤중의 방문과 격렬한 대립
궁금증을 참지 못한 봉준은 밤늦게 옥의 하숙집을 찾아갑니다. 옥은 봉준을 맞이하지만, 두 사람 사이에는 차가운 긴장감이 흐릅니다.
* **옥의 입장:** 이제는 누군가의 아내가 아닌, '나로서의 삶'을 살고 싶다며 독립적인 태도를 분명히 합니다.
* **봉준의 입장:** 옥의 변화에 당황하며, 어머니의 유언을 언급해 옥에게 죄책감을 심어주고 집안을 위해 살 것을 강요합니다. 
봉준이 강압적으로 스킨십을 시도하자, 옥은 ""나는 당신의 아내가 아니다""라며 날카롭게 거절하고 그를 뿌리칩니다. 이에 봉준은 깊은 분노와 원망을 느낍니다.

### 3. 영철 선생과의 만남과 엇갈리는 태도
봉준은 영철 선생에게 편지를 보내고, 영철은 봉준을 신뢰하지 못하는 마음을 안은 채 경성으로 옵니다. 
* **영철 선생:** 옥을 걱정하며 봉준의 의도를 파악하려 노력합니다.
* **봉준:** 영철 앞에서 오히려 태연하게 ""나도 장가가야 하지 않겠느냐""며 재혼 이야기를 꺼내는 등 냉소적이고 무책임한 태도를 보여 영철을 불쾌하게 만듭니다.

**요약하자면,** 이 내용은 **자신만의 삶을 찾으려는 옥**과 **죄책감을 이용해 그녀를 소유하려는 봉준** 사이의 돌이킬 수 없는 간극, 그리고 이를 지켜보는 **영철 선생의 우려**를 보여주고 있습니다.

내용 이해에 도움이 되었기를 바랍니다! 더 궁금한 점이 있으면 언제든 말씀해 주세요. 😊"
어머니와 딸 29화,"안방 시계라 다섯 시를 쳤다. 신발소리가 점점 가까워지자 방문이 가만히 열렸다.
""선생님!""
옥이는 어린애처럼 뛰어 선생의 곁으로 바싹 다가앉았다. 따라 아득히 멀어 보이는 고향에서 온 것이 꿈을 꾸는 듯이 생각되었다.
""공부 잘했나?""
선생의 둥글둥글한 웃는 맵시를 보며 어머니나 아버지를 대한 듯하였다.
""에그 선생님! 어떻게 오셨어요.""
생각할수록 신통하여 선생을 쇠쇠 들여다보았다.
""옥씨, 그새 공부 잘하셨습니까?""
옥이는 재일을 바라보았다.
""인사가 늦었습니다. 우리 선생님 오신 것이 하도 반가워서요.""
""자네 얼굴이 전보다 좋았네.""
선생은 옥이를 쇠쇠 들여다보았다.
옥이는 잠깐 동안 봉준이의 기색을 보았다. 그는 잠잠히 딴 곳만 바라보고 가볍게 한숨만 쉴 뿐이었다.
그는 눈을 돌려 선생을 두루두루 살폈다. 그의 풍스러운 옷맵시, 땅 파다 온 갈라진 손, 그리고 꾸밈없는 질박한 말씨가 농촌의 진경을 연상 시키게 하였다.""선생님, 농사는 어찌 되었습니까? 조도 잘 되고 벼도 잘 되었나요?""
""되기는 다 쑬쑬히 되었네마는……… 어찌 된 모양인지 전보다는 더 어려워 지내는 모양이니 난처하지. 그리고 자네네 앞집 쇠돌네는 작년 가을에  북만주로 가고 올 봄에도 십여 가구가 만주로 떠났네.""
옥이는 눈이 둥그래졌다.
""쇠돌 할머니도 가셨겠지요?""
시어머님 돌아가신 후로는 집안에서 답답한 일이 나든지 혹은 아직 서툰 것이 있든지 하면 쇠돌 할머니가 찾아오든지 자기가 일감을 떠들고 갔다. 하여 저고리부터 시작하여 속옷 암질러, 더구나 음식에는 겨우 밥이나 끓일 줄 알던 그가 두부, 무, 떡 막붙이, 비지 같은 것에 이르기까지 그 할머니의 가르침을 받았던 것이다.
쪼글쪼글한 그의 얼굴, 꼬부라진 허리, 무슨 일 할 때에는 쇠눈 같은 안경 쓰던 것이 시재 보는 듯하였다.
""그들이 만주로는 무엇 하러 갔나요?""
눈물이 핑 돌았다.
신문을 통하여 농촌 형편을 대강 짐작은 했지만 막상 낯익은 자기 고향 사람들이 못 살고 떠났다는 소리를 들으며 마치 자기 일이나 당한 듯하였다.
""만주에서는 누가 이마에 손 얹고 기다린 답더이까?""
봉준, 재일까지도 멍하니 그들의 하는 이야기를 듣고 있었다.
""그곳에는 땅이 흔하다대. 그래서 농사 지으러들 가지. 우리 근처 서 몇몇 들어간 사람들은 아조 넉넉히 지낸다는데.""
옥의 흘리는 눈물을 물끄러미 바라보며 당연할 것이다 하였다.
""땅이 흔하면 거저 준다나요! 내 땅을 떠나서 가면 무얼 해요. 이제도 떠나겠다는 어리석은 사람들이 있거들랑 선생님께서 제발 말려 주세요. 앞길을 막고 사정없이 때려 주세요. 아니 반쯤 죽여 주세요! 굶어 죽어도 내 땅에서 죽고 빌어먹어도 내 고향에서 먹어야지요!""
선생은 어리둥절하여 옥이를 보았다. '아마도 제 마음이 시끄러운 데 빙자 하여 가지고 저러나 부다’ 하고 생각하니 더욱 가엾게 보였다. 하여 마음을 풀어줄 양으로 ""말이지 걱정 말게. 세상은 다 그런 것 아닌가. 고생으로 된 세상이니까.""
이 말에 옥이는 예수교 말이 나온다 하고 생각되었다.봉준이는 옥이가 떠드는 것이 밉광스러웠다.
""옥이, 선생님 앞에서 똑똑히 말하오. 선생님께서는 내 말은 믿지 않으시니까. 당신은 내 아내가 아니라지요?""
선생은 옥이를 똑똑히 보았다.
""언제 우리가 부부 되었던 일은 있어요? 당신도 늘 하신 말씀과 같이 …… ""봉준이는 선생을 쳐다보았다.
""자, 어떠합니까? 이제도 제 말을 곧이듣지 않겠습니까?""
선생은 멍멍하니 아무 대답도 못하고 한참이나 옥이를 보다가,
""여보게, 자네가 아무래도 미친 모양이네. 사람의 정신을 가지지 못 하였어, 자네가 참말로 옥인가?""
""네, 옥이는 옥입니다마는 옛날 같은 어리석은 옥이는 아니올시다.""
""어리석은 옥이! 그것은 또 무슨 말인가? 흥! 서울이 사람을 못 쓰게 만든다고 하데마는 겨우 일 년이 지나지 못해서 그렇게 된단 말인가? 자네만은 내가 믿었 네 마는…… ""순간에 선생의 눈에 떠오른 것은 봉준 어머니의 새하얀 얼굴이었다. 그리고 ""저 어린 것들을 선생님에게 맡깁니다. 부대 잘 길러 주시오!"" 하고 재삼 부탁 하던 그의 말이 귀에 들리는 듯하였다.
근 십 년 동안을 그들의 선생 겸 엄하신 아버지 겸 자상스러운 어머니가 되어 키운 보람 없이 글쪼박이나 속에 들었다고 제멋대로 구는 것이 무엇보다도 난처했다.선생은 한숨을 푸 쉬고 나서 ""내려가! 배우라고 서울 보냈지, 그런 수작하라고 보낸 것은 아니야!""
소리를 냅다 질렀다. 봉준이는 가슴이 시원하도록 통쾌하였다. 옥이는 가슴이 송구해졌다. 선생의 꾸준한 애호심은 자나깨나 잊지 못하였던 것이다.
그의 눈은 빨개졌다.
""어서 준비들 하게!""
봉준이를 쳐다보았다.
""내가 무슨 권리로 자네들을 관리하겠나마는…… 알다시피 돌아가신 자네들의 어머님의 피나는 유언을 잊지 않음일세.""
선생은 주먹으로 눈을 씻는 것이었다. 옥의 가슴은 찌르르 울리었다. 그러나 그는 속으로 이렇게 위로받았다. '어머님의 딸은 나다! 어머님께서 생전에 실행치 못한 것을 나는 실행할 것이다!’ 그는 적이 안심되었다.
""어서 가세. 짐들 다 싸게.""""선생님, 저는 못 가겠습니다.""
 선생은 와락 성이 치받쳤다. 그리하여 눈을 벌컥 뒤집고,
 ""뭐라구! 한 마디만 더 해보게! 그래, 자네 입으로 나오는 말인가? 저 하늘이 무서워서 어찌 그런 말을 하나? 아무리 마음이 변했다 해두 죽은 사람은 죽었다 하더래두 자네들을 위해서 애쓴 이놈만은 알아볼 터이지. 이 놈만  은!""
 자기의 가슴 복판을 가리켰다. 옥이는 전신이 오싹해지며 그 넓다란 가슴을 보았다. 확실히 자기네들의 둘도 없는 은인이었다. 하나, 둘, 셋, 넷을 그에게 배우고 이때까지 무사히 자란 것이 그의 애쓴 보람이었다.
 그러나 한두 사람을 돌아보아 자기의 젊음을 무단히 썩어뜨리고 싶지는 않았다. 보다도 자기의 젊음을 무가치하게 희생당하고 싶지는 않았던 것이다.
 옥이는 눈을 착 내려감고,
 ""선생님! 잊지 못합니다. 결단코 잊지 못하겠습니다. 그럴수록 좀 더한 용기를 얻어 앞으로 나가게 되는 것입니다. 이것이 선생님을 잊지 못 하는 증거 입니다!""
 ""듣기 싫어! 자네 수작은 하나 들어볼 건더기가 없네. 소위 배웠다는 것들에게서 나오는 말이 그 뽄센가? 내려가!""
그는 옥의 손을 잡아끌었다.
""자네는 짐 다 싸 가지고 뒤로 오게!""
이 꼴을 본 봉준이는 선생의 두 손을 꼭 잡았다. 토라진 옥의 마음은 다시 돌리지 못할 것으로 알았던 것이다.
""내버려두시오.""
""어서 가우! 축복합니다.""
옥이는 새하얗게 질렸다.
""선생님! 저는 가겠습니다.
겨우 내치고 발길을 옮겼다.
선생은 봉준이를 밀치렸으나 힘이 달리었다.
""옥아! 옥아!""
눈물 섞어 나오는 인자한 목소리였다. 옥이는 어려부터 귀에 젖은 그 음성에 발길이 무거워졌다.""선생님, 저는 못 가겠습니다.""
선생은 와락 성이 치받쳤다. 그리하여 눈을 벌컥 뒤집고,
""뭐라구! 한 마디만 더 해보게! 그래, 자네 입으로 나오는 말인가? 저 하늘이 무서워서 어찌 그런 말을 하나? 아무리 마음이 변했다 해두 죽은 사람은 죽었다 하더래두 자네들을 위해서 애쓴 이놈만은 알아볼 터이지. 이 놈만  은!""
자기의 가슴 복판을 가리켰다. 옥이는 전신이 오싹해지며 그 넓다란 가슴을 보았다. 확실히 자기네들의 둘도 없는 은인이었다. 하나, 둘, 셋, 넷을 그에게 배우고 이때까지 무사히 자란 것이 그의 애쓴 보람이었다.
그러나 한두 사람을 돌아보아 자기의 젊음을 무단히 썩어뜨리고 싶지는 않았다. 보다도 자기의 젊음을 무가치하게 희생당하고 싶지는 않았던 것이다.
옥이는 눈을 착 내려감고,
""선생님! 잊지 못합니다. 결단코 잊지 못하겠습니다. 그럴수록 좀 더한 용기를 얻어 앞으로 나가게 되는 것입니다. 이것이 선생님을 잊지 못 하는 증거 입니다!""
""듣기 싫어! 자네 수작은 하나 들어볼 건더기가 없네. 소위 배웠다는 것들에게서 나오는 말이 그 뽄센가? 내려가!""
그는 옥의 손을 잡아끌었다.
""자네는 짐 다 싸 가지고 뒤로 오게!""
이 꼴을 본 봉준이는 선생의 두 손을 꼭 잡았다. 토라진 옥의 마음은 다시 돌리지 못할 것으로 알았던 것이다.
""내버려두시오.""
""어서 가우! 축복합니다.""
옥이는 새하얗게 질렸다.
""선생님! 저는 가겠습니다.
겨우 내치고 발길을 옮겼다.
선생은 봉준이를 밀치렸으나 힘이 달리었다.
""옥아! 옥아!""","안녕하세요! 요청하신 소설 《어머니와 딸》 29화의 내용을 친절하게 요약해 드릴게요.

---

### 📖 소설 내용 요약

**1. 은인 '선생'과의 재회**
옥이와 봉준의 집에 은인이자 스승인 '선생'이 찾아옵니다. 선생은 옥이의 돌아가신 어머니로부터 ""아이들을 잘 부탁한다""는 유언을 듣고, 지난 10년 동안 두 사람을 부모처럼 정성껏 돌봐온 인물입니다.

**2. 농촌의 어려운 현실**
선생은 농사가 잘 되었음에도 불구하고 형편이 더 어려워졌으며, 많은 이웃이 땅을 찾아 만주로 떠나고 있는 고향의 안타까운 현실을 전합니다. 이에 옥이는 고향을 떠나지 않겠다는 강한 의지를 보이며 눈물을 흘리기도 합니다.

**3. 변해버린 옥이와 선생의 실망**
하지만 선생은 예전의 순수했던 옥이가 서울 생활을 거치며 변해버린 모습에 깊은 실망감을 느낍니다. 선생은 옥이가 자신의 가르침을 따르지 않고 제멋대로 구는 것을 보며, 어머니의 유언을 지키지 못하는 것 같아 괴로워합니다.

**4. 갈등의 폭발: 의무와 자유 사이**
선생은 어머니의 유언을 상기시키며 옥이에게 자신의 뜻을 따를 것을 강요하고 짐을 싸라고 명령합니다. 그러나 옥이는 선생에 대한 깊은 존경과 감사함을 느끼면서도, 자신의 젊음을 무가치하게 희생하거나 누군가의 통제 아래 썩히고 싶지 않다는 결심을 합니다.

**5. 결말: 엇갈리는 마음**
옥이는 ""선생님을 잊지 못하는 것이 오히려 더 큰 용기를 얻어 앞으로 나아가게 하는 증거""라며, 선생의 뜻을 거부하고 자신의 길을 가겠다는 의사를 밝힙니다. 선생은 배신감과 슬픔에 휩싸여 옥이를 붙잡으려 하지만, 옥이는 단호하게 자신의 결정을 내리며 갈등은 비극적인 울림을 남긴 채 마무리됩니다.

---

**요약 포인트:** 이 장면은 **'어머니의 유언을 지키려는 선생의 책임감'**과 **'자신의 삶을 스스로 개척하려는 옥이의 독립심'**이 충돌하며 발생하는 정서적 갈등을 핵심적으로 보여주고 있습니다.

내용 이해에 도움이 되었기를 바랍니다! 더 궁금한 점이 있으면 언제든 말씀해 주세요. 😊"
원고료 이백원 1화,"친애하는 동생 K야.
간번 너의 편지는 반갑게 받아 읽었다. 그러고 약해졌던 너의 몸도 다소 튼튼해짐을 알았다. 기쁘다. 무어니 무어니 해야 건강밖에 더 있느냐.
K야, 졸업기를 앞둔 너는 기쁨보다도 괴롬이 앞서고 희망보다도 낙망을 하게 된다고? 오냐 네 환경이 그러하니 만큼 응당 그러하리라. 그러나 너는 그 괴롬과 낙망 가운데서 단연히 깨달음이 있어야 한다. 그래서 기쁘고 희망에 불타는 새로운 길을 발견해야 한다.K야, 네가 물은 바 이 언니의 연애관과 내지 결혼관은 간단하게 문장으로 표현할 만한 지식이 아직도 나는 부족하구나. 그러니 나는 요새 내가 지내는 생활 전부와 그 생활로부터 일어나는 나의 감정 전부를 아무 꾸밀 줄 모르는 서투른 문장으로 적어놓을 터이니 현명한 너는 거기서 버릴 것은 버리고 취하여다고.
K야, 내가 요새 D신문에 장편소설을 연재하여 원고료로 이백여 원을 받은 것은 너도 잘 알지. 그것이 내 일생을 통하여 처음으로 많이 가져보는 돈이구나. 그러니 내 머리는 갑자기 활기를 얻어 온갖 공상을 다하게 되두구나.
K야, 너도 짐작하는지 모르겠다마는! 나는 어려서부터 순조롭지 못한 가정에서 자랐고 또 커서까지라도 순경에 처하지 못한 나는 그나마 쥐꼬리만큼 배운 이 지식까지라도 우리 형부의 덕이었니라. 그러니 어려서부터 명일빔 한 벌 색 들여 못 입어 봤으며 먹는 것이란 언제나 조밥이었구나. 그러고 학교에 다니면서도 맘대로 학용품을 어디 써보았겠니.학기 초마다 책을 못 사서 울고 울다가는 겨우 남의 낡은 책을 얻어 가졌으며 종이와 붓이 없어 나의 조고만 가슴은 그 몇 번이나 달막거리었는지 모른다.
K야, 나는 아직도 잘 기억한다. 내가 학교 일년급 때 일이다. 내일처럼 학기시험을 치겠는데 나는 종이 붓이 없구나. 그래서 생각다 못해서 나는 옆의 동무의 것을 훔치었다가 선생님한테 얼마나 꾸지람을 받았겠니. 그러구 애들한테서는 ‘애! 도적년 도적년’하는 놀림을 얼마나 받았겠니. 더구나 선생님은 그 큰 눈을 부라리면서 놀 시간에도 나가 놀지 못하게 하고 벌을 세우지 않겠니. 나는 두 손을 벌리고 유리창 곁에 우두커니 서 있었구나.
동무들은 운동장에서 눈사람을 맨들어 놓고 손뼉을 치며 좋아하지 않겠니.나는 벌을 서면서도 눈사람의 그 입과 그 눈이 우스워서 킥 하고 웃다가 또 울다가 하였다.
K야, 어려서는 천진하니까 남의 것을 훔칠 생각을 했지만 소위 중학교까지 오게 된 나는 아무리 바뿌더라도 그러한 맘은 먹지 못하였다. 형부한테서 학비로 오는 돈은 겨우 식비와 월사금밖에는 못 물겠더구나. 어떤 때는 월 사금도 못 물어서 머리를 들고 선생님을 바루 보지 못한 적이 많았으며 모르는 학과가 있어도 맘 놓고 물어보지를 못했구나. 그러니 나는 자연히 기운이 죽고 바보같이 되더라.따라서 친한 동무 한 사람 가져 보지 못하였다.
이렇게 외로운 까닭에 하느님을 더 의지하게 되었으니 나는 밤마다 기숙사 강당에 들어가서 목을 놓고 울면서 기도하였다. 그러나 그 괴롬은 없어지지 않고 날마다 달마다 자라만 가두구나. 동무들은 양산을 가진다, 세루 치마저고리를 입는다, 털목도리 자켓을 짠다, 시계를 가진다. 지금 생각하면 그 모든 것이 우습게 생각되지마는 그때는 왜 그리도 부러운지 눈물이 날 만큼 부럽두구나. 그 폭신폭신한 털실로 목도리를 짜는 동무를 보면 나도 모르게 그 실을 만져보다 가는 앞서는 것이 눈물이 두구나. 여학교 시대가 아니구서는 맛보지 못하는 이 털실의 맛! 어떤 때 남편은 당신은 왜 자켓 하나 짤 줄 모루? 하고 쳐다볼 때마다 나는 문득 여학교 시절을 회상하며 동무가 가진 털실을 만지며 간이 짜르르하게 느끼던 그 감정을 다시 한 번 느끼군 하였다.K야, 어느 여름인데 내일같이 방학을 하고 고향으로 떠날 터인데 동무들은 떠날 준비에 바뿌구나. 그때는 인조견이 나지 않았을 때이다. 모두가 쟁친 모시 치마 적삼을 잠자리 날개처럼 가볍게 해 입고 흰 양산 검은 양산을 제각기 사두구나. 그때에 나는 어째야 좋을지 모르겠더라. 무엇보다도 양산이 가지고 싶어 영 죽겠두구나. 지금은 여염집 부인들도 양산을 가지지만 그때야말로 여학생이 아니구서는 양산을 못 가지는 줄로 알었다. 그러니 양산이야말로 무언중에 여학생을 말해주는 무슨 표인 것 같이 생각되었니라. 철없는 내 맘에 양산을 못 가지면 고향에도 가고 싶지를 않두구나. 그래서 자꾸만 울지 않었겠니. 한 방에 있는 동무 하나가 이 눈치를 채었음인지 혹은 나를 놀리누라구 그랬는지는 모르나 대부러진 낡은 양산 하나를 어데서 갖다 주더구나. 나는 그만 기뻤다. 그러나 어쩐지 화끈 달며 냉큼 그 양산을 가질 수가 없두구나. 그래서 새침하고 앉았노라니 동무는 킥 웃으며 나가두구나. 그 동무가 나가자마자 나는 얼른 양산을 쥐고 펼쳐보니 하나도 성한 곳이 없더라. 그때 나는 무어라 말할 수 없는 울분과 슬픔이 목이 막히도록 치받치더구나. 그러나 나는 그 양산을 버리지는 못하였다.","안녕하세요! 요청하신 소설 **<원고료 이백원> 1화**의 내용을 친절하게 요약해 드릴게요.

이 글은 주인공이 동생 K에게 보내는 편지 형식으로 구성되어 있으며, 주인공이 최근 얻은 경제적 성취와 함께 자신의 가난했던 과거를 회상하는 내용을 담고 있습니다.

**[주요 요약 내용]**

1.  **동생 K에게 보내는 안부와 소식**
    *   주인공은 졸업을 앞두고 심리적 어려움을 겪고 있는 동생 K를 격려하며 편지를 시작합니다.
    *   최근 신문에 장편 소설을 연재하여 처음으로 '이백 원'이라는 큰 돈을 벌게 되었음을 알리며, 이로 인해 복잡한 감정과 공상에 빠져 있음을 고백합니다.

2.  **가난했던 어린 시절의 회상**
    *   주인공은 형부의 도움으로 공부할 수 있었지만, 매우 궁핍한 환경에서 자랐음을 회상합니다.
    *   학용품을 살 돈이 없어 친구의 물건을 훔쳤다가 선생님께 꾸중을 듣고 친구들에게 '도둑년'이라 놀림을 받으며 벌을 서야 했던 아픈 기억을 떠올립니다.

3.  **결핍이 가져온 소외감과 외로움**
    *   경제적 어려움 때문에 친구들과 어울리지 못하고 늘 위축되어 있었으며, 이는 자연스럽게 종교에 의지하게 되는 계기가 되었습니다.
    *   친구들이 가진 예쁜 옷, 목도리, 시계 등을 보며 느꼈던 강한 부러움과 그 과정에서 느꼈던 서러움을 담담하면서도 애절하게 서술합니다.

4.  **양산에 얽힌 슬픈 기억**
    *   여학생의 상징처럼 여겨졌던 '양산'을 갖지 못해 방학 때 고향에 가기 싫어할 정도로 괴로워했던 기억을 이야기합니다.
    *   어느 날 한 친구가 낡고 망가진 양산을 건네주었을 때, 기쁘면서도 한편으로는 말할 수 없는 울분과 슬픔을 느꼈던 어린 날의 상처를 드러내며 글이 마무리됩니다.

**[한 줄 요약]**
이 글은 소설 연재로 얻은 첫 수입을 계기로, 주인공이 가난 때문에 겪어야 했던 학창 시절의 소외감과 물질적 결핍이 남긴 깊은 마음의 상처를 회상하는 내용입니다.

내용이 도움이 되었기를 바랍니다! 더 궁금한 점이 있으면 언제든 말씀해 주세요. 😊"
원고료 이백원 2화,"K야, 나는 너무나 딴 길로 달아나는 듯싶다. 이만하면 나의 과거 생활을 너는 짐작할 터이지…… 나의 현재를 말하려니 말하기 싫은 과거까지 들추어 놓았다. 그런데 K야, 아까 말한 그 원고료가 오기 전에 나는 밤 오래도록 잠을 못 이루고 그 돈으로 무엇을 할까? 하고 생각하였다. 지금 생각하면 부끄러운 말이지만 ‘우선 겨울이니 털외투나 하고, 목도리, 구두, 내 앞니가 너무 새가 넓으니 가늘게 금니나 하고, 가늘게 금반지나 하고, 시계나…… 아니 남편이 뭐랄지 모르지. 그래두 뭘 내 벌어서 내 해 가지는데야 제가 입이 열이니 무슨 말을 한담. 이번 기회에 못하면 나는 금시계 하나도 못 가지게. 눈 딱 감고 한다. 그러고 남편의 양복이나 한 벌 해줘야지, 양복이 그 꼴이니.’ 나는 이렇게 깡그리 생각해 두었구나. 그런데 어느 날 원고료가 내 손에 쥐어졌구나.K야, 남편과 나와는 어쩔 줄을 모르게 기뻐했다.
그날 밤 나는 유난히 빛나는 등불을 바라보면서,
“이 돈으로 뭘 하는 것이 좋우?”
남편의 말을 들어보기 위하여 나는 이렇게 물었구나. 남편은 묵묵히 앉았다가 혼자 하는 말처럼,
“거 참 우리 같은 형편에는 돈이 없는 것이 오히려 맘 편하거던…… 글쎄 이왕 생긴 것이니 써야지. 우선 제일 급한 것이 응호 동무를 입원시키는 게지……”
나는 이같이 뜻밖의 말에 앞이 아뜩해지며 아무 말도 할 수가 없두구나.
그러고 나를 쳐다보는 남편의 그 얼굴이 금시로 개 모양 같고 또 그 눈이 예전 소눈깔 같두구나.
“그러고 다음으로는 홍식의 부인이지. 이 겨울 동안은 우리가 돌봐야지 어찌겠수?”
나는 이 이상 남편의 말을 듣고 싶지 않더라. 그래서 머리를 돌려 저편 벽을 물끄러미 바라보았구나. 물론 남편의 동지인 응호라든지 혹은 같은 친구인 홍식의 부인이라든지를 나 역시 불쌍하게 생각하지 않는 배는 아니오,
그래서 이 돈이 오기 전까지는 우리의 힘 미치는 데까지는 도와주고 싶은 맘까지 가졌지만 그러나 막상 내 손에 이백여 원이라는 돈을 쥐고 나니 그때의 그 생각은 흔적도 없이 사라지두구나. 어쩔 수 없는 나의 감정이더라.남편은 대답이 없는 나를 한참이나 바라보다가 약간 거세인 음성으로,
“그래 당신은 그 돈을 어떻게 썼으면 좋을 듯싶소?”
그 물음에 나는 혀를 깨물고 참았던 눈물이 샘솟듯 쏟아지두구나. 그 순간에 남편이야말로 돌이나 깎아논 듯 그렇게도 답답하고 안타깝게 내 눈에 비치어지두구나. 무엇보다도 제가 결혼 당시에 있어서도 남들이 다 하는 결혼 반지 하나 못해 주었고 구두 한 켤레 못 사주지 않었겠니. 물론 그것이야 제가 돈이 없어서 그리한 것이니 내가 그만한 것은 이해 못하는 것은 아니다. 그러나 돈이 생긴 오늘에 그것도 남편이 번 것도 아니요, 내 손으로 번 돈을 가지고 평생의 원이던 반지나 혹은 구두 나를 선선히 해 신으라는 것이 떳떳한 일이 아니겠니. 그런데 이 등신 같은 사내는 그런 것은 염두에도 먹지 않는 모양이더라. 나는 이것이 무엇보다도 원망스러웠다. 그러고 지금 신는 구두도 몇 해 전에 내가 중이염으로 서울 갔을 때 남편의 친구인 김경호가 그의 아내가 신다가 벗어 논 구두를 자꾸만 신으라구 하두구나. 내 신발이 오죽잖아야 그리했겠니. 그때 나의 불쾌함이란 말할 수 없었다. 사람의 맘은 일반이지 낸들 왜 남이 신다 벗어 논 것을 신고 싶겠니. 그러나 내 신발을 굽어볼 때는 차마 딱 잘라 거절할 수는 없두구나. 그래서 그 구두를 둘러보니 구멍난 곳은 없더라. 그래서 약간 신고 싶은 맘이 있지만 남편이 알면 뭐라고 할지 몰라 그 다음으로 남편에게 편지를 했구나. 며칠 후에 남편에게서는 승낙의 편지가 왔겠지. 그래서 나는 그 구두를 신게 되지 않었겠니. 그러나 항상 그 구두를 볼 때마다 나는 불쾌한 맘이 사라지지 않두구나. 그런데 오늘밤 새삼스러이 그 구두를 빌어 신던 그때의 감정이 목구멍까지 치받치며 참을 수 없이 울음이 응응 터지는구나. 나는 마침내 어린애같이 입을 벌리고 울지 않었겠니. 남편은 벌떡 일어나며 욍 소리가 나도록 나의 뺨을 후려치누나. 가뜩이나 울분에 못 이겨 울던 나는 악이 있는 대로 쓸어나두구나.
“왜 때려. 날 왜 때려!”
나는 달려들지 않었겠니. 남편은 호랑이 눈 같은 눈을 번쩍이며 재차 달려들더니 나의 머리끄댕이를 치는 바람에 등불까지 왱그렁 젱 하고 깨지두구나.따라서 온 방안에 석유 내가 확 뿜기 누나.
“죽여라, 죽여라.”
나는 목이 메어 소리쳤다. 이제야말로 이 사나이와는 마지막이다 싶더라.
남편은 씨근벌덕이며,
“응, 너 따위는 백 번 죽여 싸다. 내 네 맘을 모르는 줄 아니 흥 돈푼이나 생기니까 남편을 남편같이 안 알구. 에이 치사 한 년, 가라! 그 돈 다 가지고 내일 네 집으로 가. 너 같은 치사 한 년과는 내 못 살아. 온 여우 같은 년…… 너도 요새 소위 모던 껄이라는 두리 홰눙년이 되고 싶은 게구나. 아,
일류 문인으로서 그리해야 하는 게지. 허허 난 그런 일류 문인의 사내 될 자격은 못 가졌다. 머리를 지지고 볶고, 상판에 밀가루 칠을 하구, 금시계에 금강석 반지에 털외투를 입고, 입으로만 아! 무산자여 하고 부르짖는 그런 문인이 되고 싶단 말이지. 당장 나가라!”
내 손을 잡아 끌어내누나. 나는 문 밖으로 쫓기어 났구나.K야, 북국의 바람이 얼마나 찬 것은 말할 수 없다. 내가 여기에 온 지 4개 성상을 맞이했건만 그날 밤 같은 그러한 매서운 바람은 맛보지 못하였다.
온 세상이 얼음덩이로 된 듯하더구나. 쳐다보기만 해도 눈 등이 차오는 달은 중천에 뚜렷한데 매서운 바람결에 가루눈이 씽씽 날리누나. 마치 예리한 칼끝으로 내 피부를 찌르는 듯 내 몸에 부딪치는 눈발이 그렇게 따굽구나. 나는 팔짱을 찌르고 우두커니 눈 위에 서 있었다. 그때에 나의 머리란 너머나 많은 생각으로 터질 듯하더구나. 어떻게 하나? 나는 이 여러 가지 생각 중에서 어떤 결정적 태도를 취하려고 이렇게 중얼거리며 머리 속에 돌아가는 생각을 한 가지씩 붙잡아 내었다. 제일 먼저 내 달아오는 것이 저 사나이와는 이전 못 사는 게다. 금을 줘도 못 사는 게다. 그러면 나는 어떻거나. 고향으로 가나? 고향…… 저년 또 다 살았나, 글쎄 그렇지. 며칠 살겠기, 저런 홰눙년하고 비웃는 고향 사람들의 얼굴과 어머니의 안타까워하는 모양!
나는 흠칫하였다. 그러면 서울로 가서 어느 신문사나 잡지사에 취직을 해?
종래의 여기자들이 염문만 퍼친 것을 보아 나 역시 별다른 인간이 못 된다는 것을 깨닫자 그 말로는 타락할 것밖에 없는 듯…… 그러면 어디로 어떡허나. 동경으로 가서 공부나 좀 해봐. 학비는 무엇이 대구. 내 처지로서는 공부가 아니라 타락 공부가 될 것 같다. 나는 이러한 결론을 얻을 때 어쩐지 이 세상에서 버림을 받은 듯, 나는 여기를 가나 저기를 가나 누가 반가이 맞받아줄 사람이라구는 없는 듯하구나. 그나마 호랑이 같이 씨근거리며 저방 안에 앉아 있을 저 사나이가 아니면 이 손을 잡아줄 사람이 없는 듯하구나.K야, 이것이 애정일까? 무엇일까. 나는 그때 또다시 더운 눈물을 푹푹 쏟았다. 동시에 그 호랑이 같은 사나이가 넙쩍넙쩍 지껄이던 말을 문득 생각하였다. 그러고 흥식의 부인이며 그 어린 것이 헐벗은 모양, 또는 뼈만 남은 웅호의 얼굴이 무시무시하리 만큼 떠오르는구나. 남편을 감옥에 보내고 떠는 그들 모자! 감옥에서 심장병을 얻어가지고 나와서 신음하는 응호! 내 손에 쥐어진 이백여 원…… 이것이면 그들을 구할 수가 있는 것이다. 나는 아직까지 몸이 성하다. 그러고 헐벗지는 않았다. 이 위에 무엇을 더 바라는 것이 허영 그것이 아니냐! 나는 갑자기 이때까지 어떤 위태한 꿈을 꾸고 있었다는 것을 확실히 알었다.
K야, 나와 같은 처지에서 금시계 금반지 털외투가 무슨 소용이 있는 게냐.
그것을 사는 돈으로 동지의 한 생명을 구원할 수 있다면 구원하는 것이 얼마나 떳떳한 일이냐. 더구나 남편의 동지임에랴. 아니 내 동지가 아니냐.나는 단박에 문 앞으로 뛰어갔다.
“여보 나 잘못했소”
뒤미처 문이 홱 열리두나. 그래서 나는 뛰어들어가 남편을 붙들었다.
“여보 나 잘못했소. 다시는 응.”
목이 메어 울음이 쓸어 나왔다. 이 울음은 아까 그 울음과는 아주 차이가 있는 울음이었던 것만은 알아다고. K야, 남편은 한숨을 푹 쉬면서 내 머리를 매만진다.
“당신의 맘을 내 전연히 모르는 배는 아니오. 단벌 치마에 단벌 저고리를 입고 있으니…… 그러나 벗지는 않았지. 입었지. 무슨 걱정이 있소. 그러나 응호 동무라든가 홍식의 부인을 보구려. 그래 우리 손에 돈이 있으면서 동지는 앓아 죽거나 굶어 죽거나 내버려 둬야 옳단 말이오…… 그러기에 환경이 같아야 하는 게야, 환경이. 나부터라도 그 돈이 생기기 전과는 확실히 다르니까.”
남편은 입맛을 다시며 잠잠하다. 그도 나 없는 동안에 이리저리 생각해 본 후의 말이며 그가 그렇게 분풀이를 한 것도 내게 함보다도 자기 자신에서 일어나는 모든 불쾌한 생각을 제어하고 저 함이었던 것을 나는 알 수가 있었다. 나는 도리어 대담해지며 가슴에서 뜨거운 불길이 확 일어나두구나.“여보, 값 헐한 것으로 우리 옷이나 한 벌씩 하고 쌀이나 한 말, 나무나 한 바리 사구는 그들에게 노나 줍시다! 우리는 앞으로 또 벌지 않겠소.”
남편은 와락 나를 쓸어안으며,
“잘 생각했소!”
K야, 네가 지루할 줄도 모르고 내 말만 길게 늘어놓았구나. 너는 지금 졸업기를 앞두고 별의별 공상을 다 할 줄 안다. 물론 그 공상도 한때는 없지 못할 것이니 나는 결코 너의 그 공상을 나무라려고 드는 것은 아니다. 그러나 그 공상에서 한 보 뛰어나와서 현실에 착안하여라.지금 삼남의 이재민은 어떠하냐? 그리운 고향을 등지고 쓸쓸한 이 만주를 향하여 몇 만의 군중이 달려오고 있지 않느냐. 만주에 와야 누가 그들에게 옷을 주고 밥을 주더냐. 그러나 행여 고향보다는 날까 하고 와서는 처자는 요릿간에, 혹은 부호의 첩으로 빼앗기우고 울고불고 하며 이 넓은 벌을 헤매이지 않느냐. 하필 삼남의 이재민뿐이냐. 요전에 울릉도에서도 수많은 군중이 남부여대하여 원산에 상륙하지 않었더냐. 하여간 전 조선의 빈한한 군중은, 아니 전 세계의 무산 대중은 방금 기아선상에서 헤매이고 있는 것을 너는 아느냐 모르느냐.K야, 이 간도는 토벌단이 들어 밀리어서 지금 한창 총소리와 칼소리에 전대중이 공포에 떨고 있는 중이다. 그러니 농민들은 들에서 농사를 짓지 못하였으며 또 산에서 나무를 베이지 못하고 혹시 목숨이나 구해볼까 하여 비교적 안전지대인 용정시와 국자가 같은 도시로 몰려드나 장차 그들은 무엇을 먹고 살겠느냐. 이곳에서는 개목숨보다도 사람의 목숨이 헐하구나.K야, 너는 지금 상급학교에 가게 되지 못한다고, 혹은 스위트 홈을 이루게 되지 못한다고 비관하느냐? 너의 그러한 비관이야말로 얼마나 값 없는 비관인가를 눈 감고 가만히 생각해 보아라. 네가 만일 어떠한 기회로 잠시 동안 너의 이상하는 바가 실현될지 모르나 그러나 그것은 잠깐 동안이고 너는 또다시 대중과 같은 그러한 처지에 서게 될 터이니 너는 그 때에는 그만 자살하려느냐.
K야, 너는 책상 위에서 배운 그 지식은 그것만으로도 훌륭하다. 이제야말로 실천으로 말미암아 참된 지식을 얻어야 할 때이다. 그리하여 너는 오직 너의 사회적 가치를 향상시킴에 힘써야 한다. 이 사회적 가치를 떠난 그야말로 교환가치를 향상시킴에만 몰두한다면 너는 낙오자요 퇴패자이다. 이것은 결코 너를 상품시 혹은 물건시 하는 데서 하는 말이 아니요, 사람이란 인격상 취하는 방면도 이러한 두 방면이 있다는 것을 네게 알려주고자 함이다.","안녕하세요! 요청하신 소설 **<원고료 이백원 2화>**의 내용을 친절하게 요약해 드릴게요.

이 소설은 원고료라는 적은 돈을 두고 벌어지는 부부의 갈등을 통해, **'개인적인 욕망'과 '사회적 책임' 사이의 충돌, 그리고 이를 극복하는 정신적 성장**을 다루고 있습니다.

---

### 1. 갈등의 시작: 개인적 욕망 vs 사회적 책임
화자인 '나'는 고생 끝에 원고료 200원을 받게 됩니다. 그동안 가난 때문에 갖지 못했던 금반지, 시계, 새 구두 등 자신을 위한 물건을 사고 싶어 하는 인간적인 욕망을 품습니다. 하지만 남편은 이 돈을 병든 동지(응호)와 형편이 어려운 친구의 부인을 돕는 데 써야 한다고 주장합니다.

### 2. 폭발하는 감정과 이별의 위기
자신의 결핍을 채우고 싶어 했던 화자와, 개인의 욕구보다 동지의 고통을 우선시하는 남편 사이에는 격렬한 다툼이 일어납니다. 남편은 화자를 '이기적인 사람'이라 비난하며 집에서 쫓아내고, 화자는 큰 상처를 입고 매서운 만주의 추위 속으로 내몰립니다.

### 3. 성찰을 통한 변화와 화해
홀로 남겨진 화자는 차가운 밤공기 속에서 깊은 성찰에 잠깁니다. 자신이 꿈꿨던 화려한 물건들이 지금의 처지에서 얼마나 부질없는 허영이었는지, 그리고 고통받는 동지들의 현실이 얼마나 절박한지를 깨닫게 됩니다. 화자는 다시 남편에게 돌아가 사과하며, 돈을 나누어 동지들을 돕자는 제안을 하고 부부는 다시 화합합니다.

### 4. K에게 전하는 교훈 (결론)
마지막으로 화자는 편지의 수신인인 K에게 조언을 건넵니다. 개인적인 불행이나 사회적 지위에 연연하며 비관하기보다는, 고통받는 대중의 현실을 직시하고 실천을 통해 **'사회적 가치'**를 높이는 삶을 살아야 한다고 강조하며 글을 맺습니다.

---

**요약하자면:**
이 글은 물질적인 욕망(개인적 가치)에 매몰되었던 화자가, 고난과 성찰을 통해 타인의 아픔에 공감하고 사회적 책임을 다하는 삶(사회적 가치)으로 나아가는 과정을 감동적으로 보여주고 있습니다. 

내용 이해에 도움이 되었기를 바랍니다! 더 궁금한 점이 있으면 언제든 말씀해 주세요. 😊"
인간문제 1화,"﻿ 이 산등에 올라서면 용연 동네는 저렇게 뻔히 들여다볼 수가 있다. 저기 우뚝 솟은 저 양 기와 집이 바로 이 앞벌 농장 주인인 정덕호 집이며, 그 다음 이편으로 썩 나와서 양철집이 면역 소며, 그 다음으로 같은 양철집이 주재소며, 그 주위를 싸고 컴컴히 돌아앉은 것이 모두 농가들이다.
그리고 그 아래 저 푸른 못이 원소라는 못인데, 이 못은 이 동네의 생명선이다. 이 못이 있길래 저 동네가 생겼으며, 저 앞벌이 개간된 것이다. 그리고 이 동네 개 짐승까지라도 이 물을 먹고 살아가는 것이다.
이 못은 언제 어떻게 생겼는지 무론 아무도 아는 사람이 없을 것이다. 그러나 이 동네 농민들은 이러한 전설을 가지고 있다. 그들은 이 전설을 유일한 자랑거리로 삼으며, 따라서 그들이 믿는 신조로 한다.
그들에게서 들으면 이러하였다―--
옛날 이 원소가 생기기 전에, 이 터에는 장자 첨지가 수 없는 종들과 전지와 살진 가축들을 가지고 살았다는 것이다. 그런데 그 첨지는 하도 인색하여서, 연년이 추수하는 곡식을 미처 먹지 못하고 곡간에서 푹푹 썩어 내도 근처 어려운 사람들을 구제할 생각은 고사하고, 어쩌다 걸인이 밥 한 술을 구걸하여도 그것이 아까워서는 대문을 닫아 걸고 끼니도 끓여 먹었다는 것이다.
그런데 마침 몇 해를 거푸 흉년이 들어서 이 동네 사람들이 모두 굶어 죽게 되었을 때 그들은 하루에도 몇 번씩 장자 첨지에게 애걸을 하였다. 그러나 첨지는 들은 체도 하지 않고 오히려 그들을 나무라고 문간에도 들이지 않았다는 것이다.그러므로 그들은 하는 수 없이 몰래 작당을 하여 가지고 밤중에 장자 첨지네 집을 습격 하여 쌀과 살진 짐승들을 끌어냈다는 것이다.
이런 일이 있은 후 며칠 만에 장자 첨지는 관가에 고소장을 들여 이 근처 농민들을 모두 잡아가게 하였다. 그래서 무수한 악형을 하고 혹은 죽이고 그나마는 멀리 쫓아 버렸다는 것이다.
아버지 어머니 혹은 아들 딸을 잃어버린 이 동네 노인이며 어린 것들은 목이 터지도록 아버지 어머니를 부르며 혹은 아들과 딸을 찾으며 장자 첨지네 마당가를 떠나지 않고 울었다는 것이다.
그래서 울고 울고 또 울어서 그 눈물이 고이고 고이어서 마침내는 장자 첨지네 고래 잔등 같은 기와집이 하룻밤 새에 큰 못으로 변하였다는 것이다. 그 못이 즉 내려다보이는 저 푸른 못이다.
표면에 나타나는 이 못의 넓이는 누구나 얼핏 보아도 짐작하겠지마는, 이 못의 깊이는 이 때까지 아는 사람이 한 사람도 없었다. 옛날에 어떤 사람이 이 못의 깊이를 알고자 하여 명주실 꾸리를 몇 꾸리든지 넣어도 끝이 안 났다는 그런 말은 아직까지도 남아 있다.
이 동네 농민들은 어디서 새로 이사 오는 사람들이 있으면 반드시 쫓아가서 원소의 전설부터 이야기하고 그리고 자손이 나서 말을 배우기 시작할 때부터 이 전설을 가르쳐 주는 것이다. 그래서 어린애들로부터 어른까지 이 전설을 머리에 꼭꼭 기억하고 있다. 그리고 이 원소에 대하여서 막연하나마 어떤 기대를 가지고 있는 것이다.
그러므로 이 농민들은 무슨 원통한 일이 있어도 이 원소를 보고 위안을 얻으며 무슨 괴로운 일이 있어도 이 원소를 바라보면 사라진다고 하였다.
사명일 때면 그들은 떡이나 흰밥을 지어 이 원소 부근에 파묻으며 옷이며 신발까지도 내다  버리는 것이다. 그만큼 그들은 정성을 표하곤 하였다. 더구나 그들이 불치의 병에 걸렸을 때도 이 원소에 와서 빌면 그 병은 곧 물러간다고 그들은 말하였다.이러한 원소를 가진 그들이건만 웬일인지 해를 거듭할수록 나날이 궁핍과 고민만이 닥쳐왔다. 그래서 근년에는 그들의 먹는 것이란 밀죽과 도토리뿐이므로 흰밥이며 떡을 해다 파묻는 일도 드물었다.
그들의 이러한 아픔과 쓰림은 저 원소라야만 해결해 줄 것 같았다. 그래서 그들은 언제나 원소를 바라보며 위안을 얻었다.
예나 지금이나 저 원소의 물은 푸르고 푸르다. 흰 옷감을 보면 물들이고 싶게 그렇게 푸르다.*억새풀이 길길이 자란 그 밑으로 봄을 만난 저 원소 물이 도랑으로 새어 흐르고 또 흐른다. 그 주위로 죽 돌아선 늙은 버드나무는 겉보기에는 다 죽은 듯 하건만, 그 속에서 새 움이 파랗게 돋아난다.
어디서 왔는지 모르는 물매미 한 마리가 탐방 뛰어들어, 시원스럽게 원형을 그리며 돌아간다. 그러자 어디서인지 신발 소리가 가볍게 들려 온다.
신발 소리가 차츰 가까워지더니 산등으로 계집애 하나가 뛰어 올라온다. 그는 무엇에 쫓기는 모양인지 자주 자주 뒤를 돌아보며 숨이 차서 달아 내려온다.
계집애는 이 동네서 흔히 볼 수 있는 메꽃 물을 들인 저고리를 입었으며 얼굴빛은 좀 푸른 기를 띠었으나 티없이 맑았다. 그리고 손에 든 나물바구니가 몹시 귀찮은 모양인지 좌우 손에 번갈아 쥐다가는 머리에 였다가 그도 시원치 않아서 이번에는 가슴에다 안으며 낯을 찡그린다. 그리고 흘금흘금 산등을 돌아본다.
뒤미처 나무꾼애가 작대기를 휘두르며 쫓아온다.
""이놈의 계집애, 깜작 말고 서라!""
소리를 버럭 지르며 다그쳐 오는 속력은 몹시도 빨랐다. 계집애는 가슴에 안았던 바구니를 머리에 이며 죽을 힘을 다하여 내려오다가, 그만 푹 거꾸러져 언덕 아래로 굴러 내렸다. 바구니는 그냥 데굴데굴 굴러 내려간다.나무꾼애는 이것이 재미스러워 킥킥 웃으면서 계집애 곁으로 오더니 막아 섰다.
""이 계집애 진작 줄 것이지, 도망질은 왜 하니. 아무러면 나한테 견딜 것 같니. 좋다! 넘어지니 맛이 어때?""
흑흑 느껴 우는 계집애는 벌떡 일어나며 바구니가 어디로 갔는가 하여 둘러보다가 저편 보리밭 머리에 있는 것을 보고야 나무꾼 애를 힐끔 쳐다본다. 그리고 슬며시 돌아선다. 나무꾼 애는 얼핏 뛰어가서 바구니를 들고 왔다.
""이놈의 계집애! 싱아 다 꺼내 먹는다, 봐라.""
계집애가 서 있는 앞에 바구니를 갖다 놓고 그는 손을 넣어 싱아를 꺼냈다. 그리고 일변 어석어석 씹어 먹는다. 계집애는 또다시 힐끔 쳐다보더니,
""이리 다오, 이 새끼!""
앞으로 다가서며 바구니를 뺏는다. 나무꾼애는 계집애의 뾰로통한 모양이 우스워서 킥 웃었다. 그리고 계집애 눈 등의 먹사마귀가 그의 눈을 끌었다.
""너 요게 뭐야?""
나무꾼애는 계집애의 눈 등을 꾹 찔렀다. 계집애는 흠칫하며 나무꾼애의 손을 홱 뿌리치고,
""아프구나! 새끼두.""
""계집애두 꽤 사납게는 군다…… 나 하나만 더…….""
나무꾼애는 코를 훌떡 들이마시며 손을 내밀었다. 계집애는 그의 부드러운 음성에 무서움이 다소 덜려서 바구니에서 싱아를 꺼내 내쳐주었다.나무꾼애는 떨어진 싱아를 주워 껍질도 벗기지 않고 시시 하고 침을 삼키며 먹다가 웬일인지 앞이 허전한 듯해서 바라보니, 있거니 한 계집애가 없다. 그래서 두루 찾아보니 계집애는 벌써 원소를 돌아가고 있다.
""고놈의 계집애! 혼자 가네.""
나오는 줄 모르게 이런 말이 굴러 나왔다. 그는 멀리 계집애의 까뭇거리는 모양을 바라보며 그도 동네로 들어가고 싶은 맘이 부쩍 들었다.
""이애 선비야! 나하고 같이 가자.""
소리를 지르며 달려 내려갔다. 그가 원소까지 왔을 때는 계집애는 보이지 않았다. 그는 아무 데나 펄썩 주저앉았다.
""고놈의 계집애…… 혼자 가네. 고런 어디서…….""
이렇게 투덜거렸다.한참 후에 무심히 내려다보니, 원소 물 위에 그의 초라한 모양이 뚜렷이 보인다. 그는 생각지 않은 웃음이 픽 하고 나왔다. 그리고 물을 들여다보며 다리 팔을 놀려 보고 머리를 기웃 거릴 때, 아까 뾰로통해 섰던 계집애의 눈 등에 있는 먹사마귀가 얼핏 떠오른다.
""고게 뭐야?""
하며 그는 휙 근 돌아보았다. 아무도 없다.
""고놈의 계집애, 정말…….""
그는 계집애가 사라진 버드나무 숲 저편을 바라보며 이렇게 중얼거렸다. 따라서 물 먹고 싶은 생각이 버쩍 들었다. 그래서 그는 벌떡 일어서며 땀 밴 적삼을 벗어 풀밭에 휙 집어던지고 언덕 아래로 내려갔다.
그는 넙적 엎디며 목을 길게 늘이어 물을 꿀꺽꿀꺽 마신다. 목을 통하여 넘어가는 물은 곧 달큼하였다. 한참이나 물을 마신 그는 얼핏 일어나며 가쁜 숨을 후유 하고 내쉬었다.
원소를 거쳐 불어오는 실바람은 짙은 풀내를 아득히 싣고 와서 땀에 젖은 그의 겨드랑이를 서늘하게 말리어 준다. 그는 휭 맴돌이를 쳤다.
""내 지게……?""
무의식간에 그는 이렇게 중얼거리자, 그가 계집애를 따라 여기까지 온 것을 생각하고 단숨에 달음질쳐서 산등으로 올라갔다.","안녕하세요! 요청하신 소설 **<인간문제> 1화**의 내용을 읽기 쉽게 요약해 드릴게요. 😊

이 내용은 크게 **'원소(못)에 얽힌 전설과 마을의 상황'**, 그리고 **'소년과 소녀의 만남'**이라는 두 부분으로 나눌 수 있습니다.

---

### 1. 원소(못)의 전설과 용연 마을의 삶
*   **원소의 전설:** 용연 마을의 생명줄인 '원소'라는 푸른 못에는 슬픈 전설이 내려옵니다. 옛날, 매우 인색했던 '장자 첨지'가 흉년 중에 굶주린 이웃을 외면하고 오히려 농민들을 탄압하자, 가족을 잃고 울부짖던 사람들의 눈물이 고여 장자 첨지의 기와집이 커다란 못이 되었다는 이야기입니다.
*   **마을의 현실:** 마을 사람들은 이 전설을 믿으며 원소를 보며 위안을 얻고 정성을 다해 빌기도 하지만, 역설적이게도 마을의 삶은 해를 거듭할수록 점점 더 궁핍해져 밀죽과 도토리로 연명하는 처참한 상황에 놓여 있습니다.

### 2. 소년과 소녀의 천진난만한 만남
*   **티격태격하는 만남:** 산등성이에서 나물을 캐던 한 계집애가 나무꾼 소년에게 쫓기다 넘어지는 장면으로 분위기가 전환됩니다. 소년은 넘어진 계집애를 놀리며 그녀의 바구니에 담긴 '싱아'를 꺼내 먹는 등 장난을 칩니다.
*   **풋풋한 여운:** 짧은 다툼 끝에 계집애는 떠나가고, 소년은 홀로 남겨집니다. 소년은 원소 못가에 앉아 계집애를 떠올리며 묘한 감정을 느끼고, 시원한 못물을 마신 뒤 다시 그녀를 따라 산으로 뛰어 올라갑니다.

---

**💡 요약 포인트:**
이 글은 **비극적인 전설과 가난한 마을의 현실**이라는 무거운 배경 속에, **아이들의 생기 넘치는 만남**을 대비시키며 이야기를 시작하고 있습니다. 

더 궁금한 점이 있거나 다른 부분의 요약이 필요하면 언제든 말씀해 주세요! 🌸"
인간문제 2화,"그리고 지게 있는 곳으로 와서 낫을 가지고 산 옆으로 돌아가며 나무를 깎기 시작하였다.
나무를 깎아 가지고 지게 곁으로 온 그는 그 지게를 의지하여 벌렁 누워 버렸다. 풀 내가 강하게 끼치며 속이 후련해진다. 잠이라도 한 잠 푹 자고 싶었다. 그래서 그는 눈을 감았다.갑자기,
""첫째야!""
하고 누가 부른다.
잠이 사르르 오던 그는 깜짝 놀라 벌떡 일어났다. 그래서 휘휘 돌아보니 이 서방이 나무다리를 짚고 씩씩하며 이편으로 온다.
""이 서방!""
그는 이 서방을 보니 반가움과 함께 배고픔을 깨달았다.
""너 여기 있는 것을 자꾸 찾아다녔구나.""
이 서방은 나무다리를 꾹 짚고 서서 귀여운 듯이 첫째를 바라본다. 그들의 그림자가 산 아래까지 길게 달려 내려갔다. 첫째는 나뭇짐을 낑 하고 지며,
""날 찾아다녔수?""
""그래 해가 져가는데두! 어머니께 대답질을 하면 쓰나. 후담에는 그러지 말아라.""
첫째는 이 서방과 가지런히 걸으며 히이…… 웃었다.그리고 강한 햇빛을 눈이 부시도록 치느 끼며 그는 지금이 아침인지 저녁인지 분명치를 않았다.
""어머니가 밥 지어 놓고 여간 너를 기다리지 않는다.""
어머니에 대한 노염을 풀어 주려고 이 서방은 말끝마다 어머니를 불렀다.
""밥 했수?""
첫째는 멈칫 서서 이 서방을 보다가 무심히 저편 들을 바라보았다. 석양빛에 앞벌은 비단 결 같다.
""이 서방, 나두 올부터는 김 좀 맸으면…….""
이 서방은 가슴이 뜨끔하였다.그리고 저것이 벌써 김을 매고 싶어하니 어쩐단 말이 누 하는 걱정과 함께 지난날에 일하고 싶어 날뛰던 자기의 과거가 휙 떠오른다. 그는 후― 한숨을 쉬며 불타산을 멍하니 노려보았다.
""이 서방, 난 김매구, 이 서방은 점심 가지고 나헌테 오구, 그리구, 또…….""
그는 말만 해도 좋은지 방긋방긋 웃는다. 이 서방은 '너 김맬 밭이 있냐?’ 하고 금방 입이 벌어지려는 것을 꿀꺽 삼켜 버렸다. 따라서 가슴속에서 무엇이 울컥 맞받아 나온다.
""그러구 이 서방도 동냥하러 다니지 않고 내가 농사한 곡식을 먹구…….""
이 서방은 그만 우뚝 섰다. 그리고 나무다리를 힘있게 짚었다. 그가 일생을 통하여 이러한 감격에 취하여 보기는 아마 처음일 것이다. 반면에 차디찬 이 세상을 이같이 원망하기도 역시 처음이었다. 그가 어려서부터 남의 집을 살며 별별 모욕을 받다 못해서 이 다리까지 부러졌지만, 아! 여기다 비기랴!첫째는 흥이 나서 말을 하다가 돌아보니, 이 서방이 따르지 않는다. 그는 멈칫 섰다.
""이 서방! 왜 울어?""
첫째는 눈이 둥그래서 이편으로 다가온다. 이 서방은 눈물을 쥐어 뿌린다. 그리고 나무다리를 다시 놀린다.
""어머니가 또 뭐라고 했구만. 그까짓 어머니 발길로 차 든져.""
눈을 실쭉하니 뜬다. 이 서방은 놀라 첫째를 바라보며, 아까 싸운 노염이 아직도 남아 있 음인가? 그렇지 않으면 이 아이가 무엇 때문에 어머니에 대한 증오심이 이리도 큰가?
""이애 너 무슨 말을 그렇게 하니? 못 쓴단다.""
이렇게 말하는 이 서방은 이애가 벌써 자기 어머니의 비행을 눈치 챔인가? 하는 생각이 얼핏 들며, 유서방과 영수, 그리고 요새 같이 다니는 대장장이가 번갈아 떠오른다. 그는 말 할 용기를 잃어버렸다.그들은 밀밭머리 좁은 길로 들어섰다.
""이 서방! 오늘 돈 얼마나 벌었수?""
이 말에 이 서방은 용기를 얻어,
""이애 돈이 뭐가, 오늘은 저 앞벌 술막집 잔채하는 데 종일 가 있다가, 이제야 왔다.""
""잔챗집에…… 그럼 떡 얻어 왔지, 떡 얻어 왔지?""
작대기를 구르며 이 서방을 바라본다.
""그래, 얻어 왔다.""
""얼마나?""
그는 입맛을 다시며 대든다.
""조금 얻어 왔다.""
""또 어머니 주었수?""
""아니 그냥 있다.""
이애가 실망할 것을 생각하고 그는 이렇게 말하면서도 눈허리에 벌레가 지나는 것 같았다.
""이 서방, 나는 떡만 먹고 산다면 좋겠더라.""
그는 침을 꿀꺽 넘기었다.
""내 이 담엔 많이 얻어다 줄 것이니, 이 배가 터지도록 먹으렴.""
첫째는 히이 웃으면서 작대기로 돌부리를 툭툭 갈긴다. 이런 때에 그의 내리뜬 눈은 볼수록 귀여웠다.","안녕하세요! 요청하신 소설 <인간문제 2화>의 내용을 친절하게 요약해 드릴게요.

이 장면은 가난하고 고단한 삶을 살아가는 **'첫째'**라는 아이와 다리가 불편한 **'이 서방'** 사이의 애틋하고도 먹먹한 교감을 담고 있습니다.

---

### **[소설 내용 요약]**

**1. 재회와 귀가**
나무를 깎으며 휴식을 취하던 '첫째'에게 '이 서방'이 찾아옵니다. 이 서방은 어머니가 기다리고 있다며 첫째를 재촉하고, 두 사람은 함께 집으로 향합니다.

**2. 첫째의 순수한 소망**
길을 걷던 첫째는 앞으로 직접 김을 매며 농사를 짓고 싶다는 꿈을 이야기합니다. 그러면서 이 서방에게 ""더 이상 동냥하러 다니지 말고, 내가 농사지은 곡식을 먹자""라고 천진난만하게 제안합니다.

**3. 이 서방의 복잡한 감정과 눈물**
첫째의 이 순수한 말은 이 서방의 마음을 크게 흔듭니다. 첫째의 따뜻한 마음씨에 감동하는 동시에, 남의 집을 살며 모욕을 당하고 다리까지 다쳐야 했던 자신의 고달픈 삶과 비참한 현실이 떠올라 이 서방은 결국 눈물을 흘리고 맙니다.

**4. 소박한 위로**
이 서방의 눈물에 당황하던 첫째는 분위기가 바뀌어, 이 서방이 잔칫집에서 얻어온 떡 이야기를 하며 관심을 보입니다. 이 서방은 다음에 더 많이 얻어다 주겠다고 약속하며, 두 사람의 대화는 소박한 기대로 마무리됩니다.

---

### **[핵심 정리]**
* **주제:** 가난한 현실 속에서도 피어나는 아이의 순수한 희망과, 그 희망 앞에서 삶의 비애를 느끼는 어른의 슬픔.
* **인물 특징:** 
    * **첫째:** 가난한 환경에서도 농사를 지어 이 서방과 함께 살고 싶어 하는 밝고 순수한 아이.
    * **이 서방:** 신체적 장애와 사회적 소외를 겪으며 고단한 삶을 살아온, 감수성이 예민하고 고독한 인물.

---

도움이 되셨나요? 더 궁금한 점이 있거나 다른 도움이 필요하시면 언제든 말씀해 주세요! 😊"
인간문제 3화,"그들이 집까지 왔을 때는 어슬어슬한 황혼이었다. 첫째 어머니는 문 밖에 섰다가 그들 이 오는 것을 보고,
""저 놈의 새끼 범두 안 물어 가.""
나오는 줄 모르고 이런 말을 하고도 가슴이 선뜩하였다. 이때까지 기다리던 끝에 악이 받쳐 이런 말을 하고도, 곧 후회가 되었던 것이다.
첫째는 나뭇짐을 벗어 놓고 일어난다.
첫째는 방으로 들어오며,
""나 떡.""
뒤따르는 이 서방을 돌아보았다. 첫째 어머니는 냉큼 시렁 위에서 떡 담은 바가지를 내려놓았다.
""잡놈의 새끼, 배는 용히 고픈 게다…… 떡 떡 하더니 실컨 먹어라.""
첫째는 떡 바가지를 와락 붙잡더니, 떡을 쥐어 뚝뚝 무질러 먹는다. 그들은 물끄러미 이 모양을 바라보며 저것이 얼마나 배가 고파서 저 모양일까 하고 측은한 생각까지 들었다. 첫째는 순식간에 그 떡을 다 먹고 나서,""또 없나?""
첫째 어머니는 등에 불을 켜놓으며,
""없다, 그만치 먹었으면 쓰겠다.""
""밥이라도 더 먹지.""
이 서방은 불빛에 빨개 보이는 첫째 어머니의 볼을 바라보며 이렇게 말하였다. 첫째 어머니는 등 곁에서 물러앉으며,
""애는 저 이 서방이 버려 놓는다니, 자꾸 응석을 받아 줘서…… 저 새끼가 배부른 게 어디 있는 줄 아오. 욕심 사납게 있으면 있는 대로 다 먹으려 드는데.""
아까 떡 한 개 더 먹고 싶은 것을, 첫째가 오면 같이 먹으려고 두었던 것이나, 막상 첫째가 배고파 덤비는 양을 보고는, 차마 떡그릇에 손을 넣지 못하였던 것이다. 그러나 마침내 한 개도 남기지 않고 다 먹는 것을 보니 섭섭하였다.
""이 서방, 나가자우.""
첫째는 벌써 눈이 감겨 오는 모양이다. 이 서방은 첫째 어머니와 이렇게 마주 앉고 있는 것이 얼마든지 좋으나, 첫째의 말에 못 견디어서 안 떨어지는 궁둥이를 겨우 떼었다. 그리고 나무다리를 짚고 일어나며,
""나가자.""
첫째도 일어나서 이 서방의 손에 끌리어 건넌방으로 나왔다. 그리고 곧 아랫목에 쓰러져서, 몇 번 다리 팔을 방바닥에 들 놓더니 쿨쿨 잔다. 이 서방은 어둠 속으로 첫째를 바라보며, 아까 첫째가 빙긋빙긋 웃으며 아무 거침 없이 하던 말을 다시금 되풀이하였다. 그리고 나오는 줄 모르게 한숨을 푹 쉬었다.안방에는 벌써 누가 왔는지, 수군수군하는 소리가 그의 귀로만 들어오는 듯하였다.
""어느 놈이 또 왔누?""
한숨 끝에 이렇게 중얼거리며, 어느 놈의 음성인지를 분간하려고 귀를 가만히 기울였다.
암만 분간하려나 원체 가늘게 수군거리니 분명치를 않았다. 그저 첫째 어머니의 호호 웃는 소리가 간혹 들릴 뿐이다.
그는 잠을 이루려고 눈을 감고 있으나, 그것들의 수군거리는 소리에 잠이 홀랑 달아나고, 화만 버럭버럭 치받친다. 이놈의 집을 벗어나야지, 이걸 산담……? 그는 거의 매일 밤 이렇게 성을 내면서도 번번이 이 꼴을 또 보는 것이다.그는 벌떡 일어나서 담배를 피워 물고 창문 곁으로 다가앉았다. 뚫어진 문 새로는 달빛 이 무지개같이 쏘아 들어온다. 그는 담배를 빨아 연기를 후 뿜었다. 달빛에 어림해 보이는 구불구불 올라가는 저 연기! 그것은 흡사히 자기 가슴에 뿜어 오르는 어떤 원한 같았다.
그는 무심히 곁에 놓아 둔 나무다리를 슬슬 어루만졌다. 그는 언제나 속이 답답할 때마다 이 나무다리를 어루만지는 것이다. 아무 반응이 없는 이 나무다리! 사정없이 뻣뻣한 이 나무다리! 그나마 이 나무다리가 그의 둘도 없는 동무인 것이다.""고놈의 계집애 정말…….""
이 서방은 놀라 돌아보니, 첫째가 입맛을 쩍쩍 다시며 잠꼬대하는 소리다. 이 서방은 첫째가 잠꼬대한 말을 다시금 되풀이하며, 저 애가 벌써 어떤 계집애를 생각함에서 이런 말을 하는가? 하는 의문도 들었다. 그러나 그것은 쓸데없는 자기의 생각 같았다. 따라서 첫째를 장성 하게 못 할 수만 있다면 어디까지든지 그를 어린애 그대로 두고 싶었다. 첫째의 장래 도자기가 걸어온 그 길과 조금도 다를 것 같지 않았기 때문이다.
그는 이러한 생각을 하며 첫째 곁으로 바싹 가서 가만히 들여다보았다. 그는 여전히 씩씩 잔다. 지금 이 순간이 첫째에게 있어서는 다시 없는 행복스러운 순간 같았다. 그리고 낮에 ""나도 김매고 싶어"" 하던 말을 다시금 생각하며 그의 볼 위에다 볼을 갖다 대었다.
첫째의 볼로부터 옮아 오는 따뜻한 이 감촉! 그리고 기운 있게 내뿜는 그의 숨결, 자기의 살과 피가 섞여 있은들 이에서 더 따구울 수가 있으랴!
그는 무의식간에 첫째의 목을 꼭 쓸어안으며, '내 비록 병신이나마 나머지 여생은 너를 위 하여 살리라’ 하고 몇 번이나 맹세하였다.마침 짜근거리는 소리에 이 서방은 머리를 번쩍 들었다.
""이 개갈보 같은 년아!""
목청껏 지르는 소리에 지정이 저렁저렁 울린다. 이 서방은 문 곁으로 바싹 다가앉았다.
""아이 이 양반이 미쳤다? 왜 이래.""
""요년 아가리 붙여라, 이 더러운 쌍년, 네 년이 저놈뿐이 아니라 나무다리 비렁뱅이도 붙인다지, 저런 쌍년, 에이 쌍년!""
침을 탁 뱉는 소리가 난다. 이 서방은 '병신거지도 붙인다지’ 하던 말이 언제까지나 귓가를 싸고 돌았다. 그리고 전신이 짜르르 울리며, 손발 하나 놀릴 수가 없었다.
""아이쿠, 이 년 놈들 잘한다.""
짝짝 쿵 하는 소리가 자주 들렸다. 영수와 새로 다니는 대장장이와 맞붙은 모양이다.
""흥, 하룻개 범 무서운 줄 모른다더니, 네게 두고 이른 말이구나. 이 경칠 자식, 그래, 온전한 부녀인 줄 알았냐?""
어떻게나 하는지 죽는 소리를 한다.
""이 년 놈들 내 칼에 죽어 봐라.""
""아이 저 칼! 저 칼!""","안녕하세요! 요청하신 소설 <인간문제 3화>의 내용을 읽고, 흐름에 따라 핵심 내용을 요약해 드릴게요.

---

### [소설 요약]

이 내용은 가난과 결핍 속에서 살아가는 한 가족의 고단한 삶과, 그 안에서 폭발하는 갈등과 비극을 담고 있습니다.

**1. 고단한 귀가와 허기진 삶**
황혼 무렵 집으로 돌아온 가족의 모습이 그려집니다. 아들인 '첫째'는 극심한 허기를 느끼며 어머니가 준 떡을 정신없이 먹어치웁니다. 그 모습을 지켜보는 '이 서방(아버지)'은 아들에 대한 측은함과 동시에, 이 답답한 현실에서 벗어나고 싶어 하는 복잡한 심경을 느낍니다.

**2. 이 서방의 고뇌와 아들에 대한 애정**
장애를 가진 이 서방은 밤마다 밀려오는 원한과 답답함 때문에 잠을 이루지 못합니다. 그는 자신의 유일한 동료인 나무 지팡이를 어루만지며 괴로워하다가, 잠든 아들을 바라보며 마음을 다잡습니다. 비록 자신은 몸이 불편한 처지이지만, 남은 여생은 오로지 아들을 위해 살겠다고 굳게 다짐합니다.

**3. 갑작스러운 폭발과 아수라장**
평온한 다짐도 잠시, 갑자기 집안은 비명과 욕설로 뒤덮입니다. 누군가(여성)가 거친 욕설을 내뱉으며 싸움을 시작하고, 영수와 대장장이 사이의 격렬한 몸싸움 소리가 들려옵니다. 소설은 칼을 휘두르겠다는 살벌한 위협과 함께, 통제할 수 없는 혼란과 폭력적인 상황 속에서 긴박하게 마무리됩니다.

---

### 💡 요약 포인트
* **주제:** 빈곤과 장애라는 가혹한 현실 속에서 느끼는 인간의 원한, 그리고 이를 뒤흔드는 갑작스러운 폭력성.
* **대조적 분위기:** 아들을 향한 이 서방의 애틋하고 정적인 다짐 ↔ 갑작스럽게 터져 나오는 거칠고 동적인 폭력 상황.

내용이 다소 어둡고 긴장감이 넘치네요. 더 궁금한 점이 있으면 언제든 말씀해 주세요! 😊"
인간문제 4화,"첫째 어머니의 이 같은 소리에 이 서방은 벌컥 일어나며 나무다리를 짚고 뛰어나갔다. 안방 문짝이 떨어져 봉당 가운데 넘어졌으며, 등불조차 꺼져서 캄캄하였다.
첫째 어머니는 봉당으로 달아나왔다.
""이거 이거.""
숨이 차서 헐떡이며 칼을 쑥 내민다. 이 서방은 칼을 받아 들고 부엌으로 나가며 얻다가 이 칼을 둬야 좋을지 몰라 한참이나 왔다갔다 하다가 나뭇단 속에 감추어 놓고 안방으로 들어갔다.
""이거 왜들 이러슈. 점잖으신 터에 참으시죠들.""
서로 어우러진 것을 뜯어 놓으려니,
""이 자식은 왜 또 이래…… 너 깡뚱발이로구나. 너도 한몫 들어 매 좀 맞으려니?""
누구인지 발길로 탁 찬다. 이 서방은 팩 하고 나가자빠졌다. 그 바람에 나무다리는 어디로 달아났는지 암만 찾아봐도 없다. 이 서방은 온 봉당을 뻘뻘 기어다니며 나무다리를 찾았다. 그리고 몇 해 싸두었던 원한이 일시에 폭발됨을 깨달았다. 그러나 그는 꾹 참으며 나무다리를 얻어 짚고 밖으로 뛰어나왔다.전 같으면 밖에 구경꾼들이 얼마든지 모였을 터이나 오늘은 밤이 오랜 까닭인지 아무도 없  었다. 그는 나뭇가리 곁으로 와서 우두커니 서 있었다.
컴컴한 저 불타산 위에 뚜렷이 솟은 저 달! 저 달조차도 이 서방의 이 나무다리를 비웃느라 조롱 하느라 이 밤을 새우는 것 같았다.
""이 서방!""
찾는 소리에 이 서방은 휙 근 돌아보았다. 첫째가 내달아오며 일변 오줌을 솰솰 내뻗친다.
이 서방은 첫째의 버릇을 아는지라 가슴이 뜨끔해지며 저놈이 또…… 하고 불안을 느꼈다. 그리고 곧 첫째 곁으로 와서 그의 꽁무니를 꾹 붙들었다.
오줌을 다 누고 난 그는 울컥 내닫는다.
""이놈들! 이놈들!""
목통이 터져라 하고 고함을 치며 내닫다가 이 서방이 붙든 것을 알자 주먹으로 몇 번 냅 다쳤다.
""놔, 이거!""
""이애 첫째야! 첫째야! 너 그럭하면 못 쓴다, 응. 이애 매 맞는다, 응, 이애.""
""매 맞아도 좋아, 이놈들.""
이번에는 사정없이 머리로 이 서방의 가슴을 들이받으며 발길로 차던졌다. 이 서방은 또다시 자빠졌다. 첫째는 나는 듯이 지게 곁으로 가서 낫을 뽑아 가지고 안으로 들어간다.
""이애! 이애!""
이 서방은 너무 급해서 벌벌 기어 달려 들어가며 그의 발목을 붙들었다. 이 눈치를 챈 첫째 어머니는 내달아 왔다.그리고 대문 빗장을 뽑아 들었다.
""이놈의 새끼, 왜 자지 않고 지랄이냐.""
""흥, 저놈의 새끼들은 왜 지랄이누.""
어머니의 머리채를 잡아 숙친다.
안방에서는 더 한층 지 끈자끈하는 소리가 벼락치듯 난다. 이 서방은 소름이 쭉 끼쳤다. 안방의 놈들이 이리 기울어지면 어린 첫째는 어디든지 부러지고야 말 것 같았다. 따라서 옛날에 자기가 주인과 맞붙어 싸우다가 이 다리가 부러지던 기억이 새삼스럽게 떠오르며 그때 그 비운이 오늘에 또 이 어린 것에게 사정없이 닥치는 듯싶었다.
이 서방은 첫째의 발길에 채어 이리저리 굴면서도 그의 발목은 놓지 않았다. 그때 코에서는 선혈이 선뜻 선뜻 흘러나온다.
""첫째야, 너 자꼬 그러면 다시는 떡 얻어다 안 준다.""
이 서방은 생각지 않은 이런 말이 불쑥 나왔다.
""정말? 이 서방!""
첫째는 숨이 가빠서 훌떡훌떡하면서 돌아선다. 이 서방은 벌떡 일어나며 그의 목을 꼭 쓸어안았다. 그러자 이 서방의 눈에서는 눈물이 좌르르 쏟아졌다.선비 어머니가 뒤뜰에서 이엉을 엮어 나가며, 약간씩 붙은 나락을 죽 훑어서 옆에 놓인 바가지에 후르르 담을 때 밖으로부터 선비가 뛰어 들어온다.
""어마이.""
숨이 차서 들어오는 선비를 이상스레 바라보며 그의 어머니는,  ""왜 무엇을 잘못하다가 꾸지람을 들었니?""
선비는 머리를 설레설레 흔들며 어머니 귀에다 입을 대었다.
""어머니, 저어…… 큰댁 아지머님과 신천댁과 싸움이 나서 큰집 영감이 생야단을 하셨다누.""
선비 어머니는 귓가가 간지러워서 조금 머리를 돌리며,
""밤낮 싸움이구나. 그래 누가 맞았니?""
""그전에는 큰댁 아지머님을 따리지 않았어? 그런데 오늘은 신천댁을 사정없이 따리데, 아이 불쌍해!""
선비는 무심히 나락 바가지에 손을 넣어 휘저어 보면서 얼굴에 슬픈 빛을 띤다.
""남의 첩질하는 년들이 매를 맞아야 하지, 그래 큰 어미만 밤낮 맞아야 옳겠니?""
딸의 새침한 얼굴을 바라보았다. 올 봄부터는 선비의 두 뺨에 홍조가 약간 피어오른다.
""그래두 어마이, 신천댁의 말을 들으니 그가 오고 싶어 온 게 아니라 저의 아부지가 돈을 많이 받고 팔아서 할 수 없이 왔다고 그러던데 뭐.""
""하긴 그랬다고 하더라…… 그러기에 돈밖에 무서운 것이 없어.""
선비 어머니는 지금 매를 맞고 울고 앉아 있을 신천댁의 얼굴을 생각하며 꽃봉오리같이 피어 오르는 선비의 장래가 새삼스럽게 걱정이 되었다.
""어서 가서 무얼 하려무나, 왜 그러고 앉어 있니. 오늘 빨래에 풀 하지 않니?""
""해야지.""
그는 어머니 말에 어려워 부시시 일어나면서 다시 한번 나락 바가지를 들여다보았다. 그리고 빙긋이 웃었다.
""어마이, 이것도 찧으면 쌀이 한 되나 될 것 같우, 참…….""
""이애 얼른 가봐라.""
""응.""
선비는 나락 바가지를 놓고 밖으로 나간다. 그의 어머니는 물끄러미 딸의 뒷모양을 바라보며 세월이란 참말 빠르구나! 하고 탄식하였다. 그리고 선비도 오래 데리고 있지 못할 것을 깨 달으며 가슴이 찌르르 울렸다.그는 무의식간에 한숨을 푹 쉬며 손을 내밀어 이 엉초를 꾹 쥐고 물끄러미 바라보았다. 손끝은 짚에 닳아져 빨긋빨긋하게 피가 배었다. 그때에 얼핏 떠오른 것은 자기의 남편이다.
남편의 생전에는 비록 빈한하게는 살았을망정, 이렇게 이엉을 엮는 것이라든지 울 바자를 세우는 것 같은 그런 밖의 일은 손도 대어 보지 않았다. 보다도 봄이 되면 으레 이 모든 것이 새로 다 되는 것이니…… 하고 무심히 지내 보내었던 것이다.
그러나 남편이 없어지매 모두가 그의 손끝 가지 않는 것이 없고 힘은 배곱 쓰건마는 무슨 일 이나 마음에 들도록 되는 일이 하나도 없었다.
집안 살림 명색치고 단 두 간살이를 하더라도 시재 돌멩이 하나 놓일 자리에 놓여야 하고 새끼 한 오라기 헛되이 버릴 것이 없었다.
남편의 생전에는 뜰을 쓸어 치는 비 같은 것이나 벽을 바르는 매흙이 나는 그런 줄을 모르고 되는 대로 쓰고 버리고 하였건마는 지금에는 그것조차도 마음 놓고 쓸 수도 없거니와 손  수 마련치 않으면 쓸 것도 없었다.
그는 이러한 생각을 하며 이엉초는 또 누구의 손을 빌려 저 지붕에다 올려 펼까 하는 걱정이 불쑥 일어난다. 지붕 해 이을 새끼는 그가 며칠 밤 자지 못하고 꼬아서 네 사리나 만들어 두었고, 이 이엉 엮는 것도 내일까지면 마칠 것이나 지붕 한복판에 덮는 용구새 트는 것이라든지 이 엉초를 지붕 위에 올려 펴고 새끼로 얽어매는 것 같은 것은 남정들의 손을 빌려야 할 것이었다.
그는 속으로 누구의 손을 좀 빌릴까…… 하고 두루두루 생각해 보다가, 에라 되든지 안 되든지 내가 그만 이어 볼까 하고 흘금 지붕을 쳐다보았다.작년에 한 해를 건넜음인지 우묵우묵 골이 진 그 새에 풀이 이따금씩 파랗게 보인다. 그는 벌컥 일어나며,
""왜 날 두고 혼자 갔누?""
하고 중얼거렸다. 그리고 머리를 돌려 저 앞을 바라보았다. 그의 눈앞에 얌전하게 돌아 앉은 작은 집과 큰집! 모두가 말쑥하게 새로 이엉을 해 이었다.
그 위로 햇빛이 노랗게 덮이었다.
쨍쨍히 내리쬐는 봄볕을 받아 샛노랗게 빛나는 저 지붕과 지붕! 얼마나 저 지붕들이 부럽고도 탐스러운 것이냐!
그는 눈을 꾹 감았다. 그러나 그 지붕들은 점점 더 또렷또렷이 나타나 보인다. 그리고 그 지붕 새로 굵단 남편의 손끝이 스르르 떠오른다. 그리고 임종시까지 차마 눈을 감지 못하고 끼르륵 하고 숨이 넘어가던 그!","안녕하세요! 요청하신 소설 내용을 읽고, 이해하기 쉽게 핵심 내용을 요약해 드릴게요.

이 소설은 크게 **두 가지 대조적인 장면**을 통해 가족 간의 갈등과 삶의 고단함, 그리고 상실감을 보여주고 있습니다.

---

### 1. 이 서방네의 소란스러운 갈등 (폭발하는 감정)
첫 번째 장면은 이 서방의 집안에서 벌어지는 격렬한 소동을 다룹니다.
* **상황:** '첫째'라는 아이가 통제할 수 없을 정도로 난폭하게 행동하며 집안을 뒤엎고 낫을 휘두르는 등 위협적인 상황이 벌어집니다.
* **이 서방의 모습:** 이 서방은 아이의 거친 행동을 막기 위해 몸싸움을 벌이며 피를 흘리기도 하지만, 끝까지 아이의 발목을 붙잡으며 달랩니다. 그는 아이의 불안한 미래를 걱정하며 눈물을 흘립니다.
* **분위기:** 어두운 밤, 비명과 고함, 물리적 충돌이 뒤섞인 매우 혼란스럽고 비극적인 분위기입니다.

### 2. 선비와 어머니의 차분한 회상 (삶의 고단함과 그리움)
두 번째 장면은 선비와 그의 어머니가 나누는 대화와 어머니의 내면 심리를 다룹니다.
* **상황:** 선비는 큰댁에서 싸움이 났다는 소식을 어머니에게 전합니다. 어머니는 그 소식을 들으며 돈 때문에 벌어지는 비극적인 상황에 씁쓸해합니다.
* **어머니의 심경:** 어머니는 이엉을 엮는 노동을 하며 사별한 남편을 떠올립니다. 남편이 살아있을 때는 몰랐던 집안일의 고단함과, 혼자서 모든 것을 책임져야 하는 여성의 외로움과 무게감을 절감합니다.
* **분위기:** 봄볕이 내리쬐는 낮이지만, 남편을 향한 그리움과 홀로 남겨진 삶의 애잔함이 느껴지는 차분하고 서글픈 분위기입니다.

---

### 💡 요약 포인트
이 글은 **'이 서방네의 폭발적인 소동'**과 **'선비 어머니의 정적인 슬픔'**을 대비시키고 있습니다. 전자가 외부로 터져 나오는 **가족의 파괴적인 갈등**을 보여준다면, 후자는 삶을 지탱해 나가는 과정에서 느끼는 **개인적인 상실감과 생활의 고단함**을 깊이 있게 그려내고 있습니다.

내용 이해에 도움이 되었기를 바랍니다! 더 궁금한 점이 있으면 언제든 말씀해 주세요. 😊"
인간문제 5화,"그의 남편 김민수는 위인 된 품이 몹시도 착하고 정직하였다. 그러므로 정덕호 앞으로 몇십 년의 부림을 받았어도 일동전 한 닢 축 내지 못하는 것이 그의 특성이었다. 그리고 아무리 몸이 고달프더라도 덕호의 명령이라면 물불을 헤아리지 않고 덤벼들곤 하였다.
그래서 온 동네 사람들까지도 민수를 믿어 왔으며 덕호 역시 믿었다. 그러므로 거액의 돈 받이 같은 것은 일부러 민수에게 맡기곤 하였다.이렇게 지내기를 근 이십 년이었던, 지금으로부터 팔 년 전 겨울이었다. 바로 선비가 일곱 살 잡히던 때였다.
그날 ―--- 아침부터 함박눈이 부슬부슬 떨어진다. 이날도 민수는 일찍 일어나서 덕호 네 집으로 왔다. 그래서 안팎 뜰을 쓸고 소 여물까지 끓여 놨을 때 덕호는 나왔다.
""자네 오늘 방축골 좀 다녀오겠나?""
민수는 머리를 굽실해 보이며,
""다녀옵 지유.""
""좀 이리 오게.""
덕호는 쇠죽간을 거쳐서 사랑으로 들어간다. 그도 뒤를 따랐다. 덕호는 아랫목에 놓아 둔 문갑을 뒤져 장부를 꺼내 놓고 한참이나 들여다보더니,
""아니 방축골 그놈이 근 오십 원이나 되네 그리…… 자네가 가서 꽤 받을까? 그놈은 몹시 질긴 데.""
민수는 머리를 숙인 채 가만히 있다. 덕호는 안타까운 듯이,
""가 보겠나, 어떻게 하겠나? 가서 받지 못할 바에는 꼴찌아비를 보내겠네, 응 말을 해.""
민수는 뭐라고 대답을 해야 좋을지 몰라 얼굴이 뻘개지며 머뭇머뭇한다.
""에이 그 저 사람! 왜 그렇게 사람이 영악지를 못해…… 좌우간 갔다 오게. 그러구 말이야, 이번에 안 물면 집행하겠다고 말을 똑똑히 좀 해, 그러구 좀 단단히 채여.""
덕호는 살기가 얽힌 눈을 똑바로 뜨고 민수를 바라본다.
""가는 김에 명호와 익선이도 찾어보게.""
""네.""
""그럼 오늘 꼭 가게.""
덕호는 다시 한 번 다지고 나서 장부를 문갑 안에 넣고 일어선다. 그리고 잔기침을 두어 번하고 밖으로 나간다. 민수는 곧 그의 뒤를 따라 나왔다. 가마 부엌에서 여물 끓인 내가 구수하게 났다.민수는 여물을 푹 떠가지고 외양간으로 가니 벌써 소는 냄새를 맡고 부시시 일어나 구유 곁으로 나온다. 그리고 더운 김이 뭉클뭉클 오르는 여물을 맛이 있게 먹는다.
여물을 다 퍼 지르고는 민수는 밖으로 나왔다. 여전히 함박눈은 소리 없이 푹푹 쏟아진다.
그는 근심스러운 듯이 하늘을 쳐다보며,
""눈이 오는데…….""
이렇게 중얼거렸다.
집까지 온 민수는 신발을 부덕부덕하였다. 선비 어머니는 의아한 눈으로 남편을 바라보았다.
""어디 가시려나요, 뭐?""
""음, 저기 돈 받으러.""
""아, 뭐 오늘 같은 날에요.""
""왜 오늘이 어떤가? 이렇게 함박눈 오는 날이 오히려 푸근하다네.""
옆에서 말똥말똥 바라보던 선비는 얼른 일어나 아버지 품에 안기며,
""아버지 나두 가, 응.""
머리를 갸웃하고 들여다본다. 민수는 딸을 꼭 껴안으며 밥상에 마주 앉았다. 그리고 밥을 좀 뜨는 체하고 곧 일어났다.
""내 가면 며칠 될 것이니 그 동안 선비 잘 간수하게. 불도 뜨뜻이 때고.""
""눈 오는 날 가실 게 뭐야요…… 다른 사람의 몸은 몸이 아니고 쇳덩인 줄 아나 베.""
선비 어머니는 주인 영감을 눈앞에 그리며 이렇게 중얼거렸다.
""아 그 사람…… 별소리 다 해.""
민수는 눈을 크게 떴다. 선비 어머니는 얼굴이 빨개지며 선비의 손을 어루만진다. 민수는 선비의 머리를 두어 번 쓰다듬어 본 후에 문을 열고 나섰다.눈빛에 눈허리가 시큰시큰하였다.
""안녕히 다녀오세요.""
아내의 인사를 귓결에 들으며 민수는 성큼성큼 걸었다. 한참이나 수굿하고 걷던 그는 선비의 울음소리에 휙 근 돌아보니 선비가 눈 속으로 뛰어온다.
민수는 선비를 바라보고 무의식간에 몇 발걸음 옮겨 놓았을 때 선비 어머니는 선비를 붙들어 안으며 우두커니 섰다. 민수는 두어 번 손짓을 하여 들어가라는 뜻을 보이고 돌아섰다.
아까보다 눈은 점점 더 많이 쏟아진다. 함박꽃 같은 눈송이가 그의 입술 끝에 녹아지고 또 녹아졌다. 그때마다 그는 찬 냉수를 마시는 듯하여 가슴이 선뜻하곤 하였다.
길이란 길은 모두 눈에 묻혀 버리고 길가의 낯익은 나무들도 눈송이에 흐리었다. 그리고 그 높은 불타산도 뿌옇게 보일 뿐이다.
민수는 길을 찾을 수가 없어 한참이나 밭고랑으로 혹은 논둑을 밟다가 동네를 짐작하고야 길을 찾곤 하였다. 그리고 눈에 젖었던 신발은 얼어서 대그럭 소리를 내었다.이렇게 눈 속에 푹푹 빠지며 민수가 간신히 몇 집을 둘러 방축골까지 왔을 때는 벌써 그가 집에서 떠난 지 이틀째 되는 황혼이었다.
""주인 계시우?""
걸레로 한 주먹씩 틀어막은 문을 열고 나오는 주인은 민수를 보자 한층 더 얼굴이 허 옇게 질린다.
""이 눈 오는데 어떻게 여기를…… 어서 들어가십시다.""
민수는 방 안으로 들어가니 너무 캄캄해서 지척을 분간하는 수가 없었다. 그는 한참이나 눈을 감고 있다가 가만히 떠보니 숨이 답답해지며 차라리 오지 말았더면…… 하는 후회가 곧 일어난다. 그리고 이 저녁거리나마 있을 것 같지 않았다.
""참 이 눈 오는데…… 제가 한목 들어가려고 했지마는 너무 오래 빈말로만 올려서 어디…… 참 오작이나 치우셨습니까.""
주인은 어느 것부터 먼저 말해야 좋을지 몰라 쩔쩔매었다.
""여보게 저녁 진지 짓게, 뭐 찬이 어디 있어야지…….""
그의 아내는 머리를 내려 쓸며 부시시 일어 나간다. 민수는 정신을 가다듬어 아랫목을 바라보았다. 시커먼 누더기 속에서 조잘조잘하는 소리가 자주 들리며 누더기가 배움하고 열리더니 까만 눈알이 수없이 반들거렸다. 그리고 킥킥 웃는 소리가 난다. 몇 아이나 되는지 모르나 어쨌든 한두 아이가 아님은 즉시 알았다.이 저녁부터는 바람까지 일었는지 바람 소리가 휙 몰려갔다가 몰려온다. 그리고 문풍지가 드르릉 드르릉 울리며 눈보라가 방 안으로 스르륵 몰려들었다. 민수는 방 안에 앉았느니 보다 차라리 밖에 어떤 토굴 같은 곳이 있으면 그리로 나가서 이 밤을 지내고 싶은 맘이 부쩍 들었다. 그러나 이 밤에 어디가 토굴이 있는지를 모르고 무턱하고 나갈 수도 없어서 맘을 졸이며 앉았노라니 마치 바늘 방석에 앉은 것 같고, 더구나 이 밤새에 몇 사람의 죽음을 볼 것만 같았다.
밥상이 들어온다. 민수는 배고프던 차에, 한 술 떠보리라 하고 술을 드니, 밥이 아니라 죽이었다. 조죽에 시래기를 넣어서 끓인 것이다. 민수는 비록 남의 집을 살았을지언정, 일생을 통하여 이러한 음식을 먹어 보기는 처음이었다. 그리고 조겻내까지 나서 그의 비위에 몹시 거슬리나 꾹 참으며 국물을 후루루 들이마셨다.","안녕하세요! 요청하신 소설 **<인간문제> 5화**의 내용을 친절하게 요약해 드릴게요.

---

### [소설 요약]

**1. 성실한 인물, 김민수**
주인 정덕호 밑에서 수십 년간 일해온 김민수는 매우 정직하고 착한 인물입니다. 그는 주인에게 절대적으로 충성하며, 마을 사람들도 그의 성실함을 믿기에 주인은 거액의 돈 관리까지 그에게 맡길 정도로 신뢰합니다.

**2. 가혹한 명령과 출발**
8년 전 어느 겨울날, 함박눈이 쏟아지는 아침에 주인 정덕호는 민수에게 '방축골'에 있는 질긴 채무자에게 가서 50원이라는 거금을 받아오라는 명령을 내립니다. 정덕호는 강압적인 태도로 돈을 반드시 받아낼 것을 종용합니다. 민수는 눈 오는 날 길을 떠나는 것을 걱정하는 아내와 어린 아들(선비)을 뒤로하고 무거운 마음으로 길을 나섭니다.

**3. 눈보라 속의 고난**
민수는 길을 찾기 힘들 정도로 쏟아지는 눈을 뚫고 이틀 밤낮을 헤매며 고통스러운 여정을 이어갑니다. 신발이 얼어붙고 눈 속에 빠지는 고생 끝에, 그는 겨우 방축골의 채무자 집에 도착합니다.

**4. 마주한 참혹한 가난**
도착한 채무자의 집은 매우 어둡고 황량했습니다. 그곳에는 누더기를 걸친 수많은 아이가 굶주림과 추위에 떨고 있었고, 집안 형편은 눈이 시릴 정도로 가난했습니다. 민수는 그들에게 조죽(조로 끓인 죽)과 시래기뿐인 초라한 식사를 대접받으며, 돈을 받으러 온 처지와 눈앞의 비참한 광경 사이에서 형언할 수 없는 마음의 불편함과 괴로움을 느낍니다.

---

**💡 요약 포인트:**
이 내용은 성실하지만 거부할 수 없는 명령에 따라 움직여야 하는 **'민수'의 고뇌**와, 돈을 받아내야 하는 임무와 눈앞에 펼쳐진 **'가난한 이들의 비극적인 현실' 사이의 갈등**을 잘 보여주고 있습니다.

더 궁금한 점이 있거나 다른 도움이 필요하시면 언제든 말씀해 주세요! 😊"
인간문제 6화,"그때 아랫목에서 애들이 벌떡벌떡 일어났다.
""엄마 나 밥!""
""엄마 나 밥! 응야.""
이 모양을 바라보는 주인은 눈을 부릅뜨며,  ""저 놈의 새끼들을 모두 쳐 죽여 버리든지 해야지, 정…….""
그리고 민수를 돌아보며,
""어서 어서 많이 잡수시유, 저놈들은 금시 먹고도 버릇이 그래서 그럽니다 그리.""
민수는 손끝이 가늘게 떨렸다. 그리고 술을 들 용기가 나지 않았다. 그래서 그만 술을 놓고 물러앉았다.
""왜, 왜 안 잡수십니까, 뭐 자실 것이 되어야지유.""
주인은 머리를 벅적벅적 긁으며 상을 밀어 놓았다. 사 남매는 일시에 욱 쓸어 일어나며 저마다 죽그릇을 잡아당기기에 먹지도 못하고 싸움만 벌어졌다.
주인은 벌떡 일어나더니 장죽을 들고 돌아가며 붙인다. 민수는 너무 민망하였다. 그래서 주인을 붙들며,
""이게 무슨 일이오니까. 애들이 다 그런 게지유. 놔유, 어서 놔유.""
상 귀에서 흐른 죽을, 그중 어린 것이 입을 대고 쭉쭉 핥아 먹는다. 이 꼴을 보는 주인 마누라는 나그네 보기가 부끄러운 듯이 어린애를 붙들어다 젖을 물리고 콧물을 씻는 체 하면서 고름 끈을 눈에 갖다 대곤 한다.
애써 말리는 나그네의 생각을 함인지, 주인은 씩씩하며 맷손을 놓고 물러앉는다.
""아 글쎄 글쎄, 새끼는 왜 그리 태었겠수. 이것두 아마 죄지유. 전생에서 무슨 큰 죄를 지고 나서 이 모양인지.""
홧김에 때리기는 하고도 그만 억울하고 분하여서 소리쳐 울고 싶은 것을 겨우 참는 모양이다. 못 먹이고 못 입히기도 억울한데 더구나 굶고 앉은 그들을 공연히 때리었구나…… 하는 후회가 일었던 것이다.
이제까지 아우성치고 울던 그들이건만 그런 일은 언제 있었느냐는 듯이 누더기 속에서 소곤소곤하고는 킥킥 웃는다.민수는 그날 밤 잠 한 잠 못 자고 이런 생각 저런 생각을 되풀이하였다. 그리고 남의 일이라도 남의 일 같지를 않고 자기의 앞에도 이런 비운이 닥쳐오지나 않으려나 하는 불안이 문풍지를 울리는 바람과 같이 꼬리에 꼬리를 물었다.
이렇게 밤을 새우고는 민수는 채 밝기도 전에 일어앉았다. 추운 방에서 자서 그런지 몸이 가 뿐 치를 않고 아무래도 감기에라도 걸린 것 같다.
""몹시 치우시지유?""
주인은 마주 일어앉는다. 민수는 얼결에,
""네…… 뭐.""
이렇게 분명치 못한 대답을 하며 담배를 피워 물었다. 그리고 담뱃갑을 주인 앞으로 밀어놓았다. 주인은 황송한 듯이 머리를 숙이며 담배를 붙여 문다. 민수는 담배를 한 모금 쑥 빨며 무심히 들으니 벌써 아랫목에서 소곤소곤하는 소리가 들린다. 민수는 얼핏 머리를 들어 아랫목을 바라보았다.
아무것도 분간치 못할 컴컴한 속으로 그침없이 조잘거리는 이 소리. 지금쯤은 우리 선비도 깨어서 제 어미와 ""아부지 어디 갔나?"" 하고 조잘조잘하겠지…… 하는 생각이 들었다. 뒤 이어 선비의 얼굴이 저 아랫목 위로 스르르 떠오른다.
""어마이 배고파!""
민수는 이 소리가 꼭 선비의 음성 같아서 깜짝 놀랐다. 그래서 무의식간에 담배를 휙 집어 뿌렸다. 그 다음 순간 그 음성이 선비의 음성이 아니라고 부인하면서도 웬일인지 가슴이 짜르르 울려서 견딜 수가 없었다.
민수는 안타까웠다. 그만 곧 일어나 이 자리를 벗어나고 싶었다. 그가 벌컥 일어났을 때 그는 무의식간에 그의 거지 안에서 일 원짜리 지화를 꺼내 가지고 나왔다. 그래서 주인의 손에 쥐어 주었다.
""애들 밥 한 끼 해주!""
주인은 어리둥절하였다. 그리고 자기 손에 쥐인 것이 돈이라는 것을 깨닫자 칵 쓰러지며 엉 하고 울고 싶었다. 민수는 두 다리가 가늘게 떨리는 것을 깨달았다. 다음 순간에 덕 호의성난 얼굴을 똑똑히 보았다. 그는 진저리를 쳤다. 그리고 주인의 붙잡는 것을 뿌리치고 그 집을 나왔다.간밤 동안에 얼마나 바람이 불었는지 눈이 이리 몰리고 저리 몰리어 어떤 곳은 눈산을 이루어 놨다. 민수는 신발 소리를 사박사박 내며 분주히 걸었다. 흰 눈 위에는 이따금씩 날 짐승들의 발자국이 꽃잎같이 뚜렷이 났다.
민수는 속이 불편하였다. 이제 덕호를 만나 뭐라고 말할 것이 난처하였던 것이다. 그래서 그는 이리저리 궁리해 보며 혹은,
'이 원만 받았다고 속일까? 그리고 나중에 내 돈으로 슬그머니 갚더라도…… 그래도 속이 느니보다는 바로 말을 해야지, 주인님도 사람이지, 그 말을 다 하면 설마 한들 잘 못 했다고 할까? 그렇지는 않겠지.’
이렇게 속으로 다투나, 두 가지가 다 시원치를 않았다. 누가 곁에 있으면 물어라도 보고 싶게 안타까웠다. 그러나 마침내는 속이기로 결정하고 억지로 마음을 가라앉히려 하였다. 그러나 그것은 쓸데없는 일이었다. 사내 자식이 돈 일 원이 무엇이기에…… 하며 스스로 꾸짖어도 보았다.
이렇게 망설이며 다투면서 동네까지 온 그는 반가워야 할 이 동네건만 발길이 얼른 들여놓이지를 않았다.그래서 그는 동구에 멍하니 서서 한참이나 무엇을 생각하다가 들어왔다.
덕호의 집까지 온 민수는 사랑문 앞에서 발을 툭툭 털며 주인님이 사랑에 계시지 않았으면…… 하고 가만히 문을 열었다. 욱 쓸어 나오는 담배 연기 속에서 덕호의 늘 피우는 담뱃내를 후꾼 맡았을 때 그는 머뭇머뭇하였다.
""몹시 칩지, 어서 들어와 불 쬐게.""
덕호는 머리를 기웃하여 내다본다. 둘러앉은 노인들도 한마디씩 말을 던졌다. 민수는 하는 수 없이 방으로 들어갔다. 그리고 화로를 피하여 앉았다.덕호는 문갑 위에서 산판을 꺼내 들며,
""그래 이번에는 좀 주던가, 방축골 그놈이?""
덕호는 그가 너무 미워서 이름도 부르지 않는 것이다. 민수는 얼굴이 빨개지며 머뭇머뭇 하다가,
""아니 유.""
""아 그래 그놈을 가만히 두고 왔단 말인가? 사지라도 부러치고 오지.""
""뭐, 물 턱이…….""
민수는 말끝을 마치지 못하고 푹 숙일 때 상가에 흐르는 죽을 젖 빨듯이 빨아 먹던 어린 애  가 얼핏 떠오른다. 그리고 그 어두운 방 안이 휙 지나친다. 민수의 늘어진 말에 덕호는 화가 버쩍 났다.
""물 턱 없는 놈이 남의 돈을 왜 쓴단 말인가!""
소리를 버럭 지른다. 민수는 꿈칠 놀라 조금 물러앉았다. 덕호의 손길이 그를 후려치는 것으로 알았던 것이다.
""그래 딴 놈들은?""
""바 받았습니다.""
덕호는 찡그렸던 양미간을 조금씩 펴며,
""그래 얼마씩이나 받았는가?""
""아마 삼 원…….""
민수는 자기 말에 깜짝 놀랐다. ""이 원 받았습니다"" 하고 말하려던 것인데, 누가 이렇게 시켜 주는지 몰랐다. 다음 순간 그는 모든 것을 바로 말하리라 하고 결심하였다. 두 귀는 무섭게 운다.""모두 이자만 받았네 그려…… 그 방축골놈 때문에 일났어! 아 그놈이 잘라 먹으려고 든 단말 이어. 받아 온 것이나 내놓게.""
민수는 지갑 속에서 돈을 내어 덕호 앞으로 밀어 놓았다. 그의 손끝은 확실히 떨렸다. 덕호는 지전을 당기어 헤어 보더니,
""이 원뿐일세……?""
의아한 듯이 바라본다. 민수는 머리를 번쩍 들었다. 그의 눈에는 어린애 같은 천진한 애원이 넘쳐흐른다.
""저 남성네 어린 것들이 굶어…… 굶어 있기에 주, 주었습니다.""
마침내 그의 눈에는 눈물이 그뜩 괴었다.
""뭐?""
덕호는 순간으로 눈이 뒤집히며 들었던 산판을 휙 집어 뿌렸다. 산판은 민수의 양미간을 맞히고 절거륵 저르르 하고 떨어진다.
""이 미친놈아, 그렇게 자선심 많은 놈이 남의 집은 왜 살아. 나가! 네 집 구석에서 자선을 하겠으면 하고 말겠으면 말아라.""
돌아앉은 사람들은,
""그만 두 슈, 다.""
""글쎄 글쎄, 제가 배가 고파서 무엇을 사먹었다든지, 혹은 쓸 일이 있어 썼다면야 당연한 일이 아니겠수. 아 이 미친놈은 터들터들 가서 보행료도 못 받아 처여면서 그런 혼 나간 짓을 하니 분하지 않우? 이애 이놈 나가라!""
덕호는 벌컥 일어나며 발길로 냅다 찬다. 사람들이 아니면 실컷 두드리고 싶으나 체면을 생각 해서 꾹 참고 다시 앉았다.
""그 돈 일 원이 많아서 그런 게 아니어, 그놈이 내 돈을 통째 삼키려는 판에 피천 한 푼이나 왜 준단 말이냐, 이놈아.""
덕호는 이를 북북 갈며 사뭇 죽일 듯이 달려들다가 그만 휙 나가버린다. 돌아앉았던 사람  들도 뿔뿔이 가버리고 말았다. 한참 후에 민수는 정신을 차려 돌아보니 아무도 없다. 그리고 눈이 텁텁한 듯하여 만져 보니 양미간이 좀 달라진 듯하였다.
민수는 이렇게 주인에게 매를 맞고 욕을 먹었지만 웬일인지 분하지도 노엽지도 않고 오히려 속이 푹 가라앉으며 무슨 무거운 짐을 벗어 놓은 듯하였다.","안녕하세요! 요청하신 소설 <인간문제> 6화의 내용을 친절하게 요약해 드릴게요.

이 내용은 주인공 **민수**가 가난한 이웃을 향해 품은 연민과, 그로 인해 겪게 되는 갈등 및 내면의 변화를 다루고 있습니다.

---

### 📋 소설 요약

**1. 가난한 집에서의 목격과 연민**
민수는 어느 가난한 집을 방문했다가, 굶주린 네 남매가 죽 한 그릇을 두고 서로 먹으려 싸우는 비참한 광경을 목격합니다. 아이들의 처절한 모습과 주인 가족의 고통을 보며 민수는 깊은 슬픔과 불안을 느낍니다. 특히 아이들의 소리에서 자신의 소중한 존재(선비)를 떠올리며 가슴 아파합니다.

**2. 민수의 결단: 1원의 나눔**
민수는 차마 그 자리를 떠나지 못하고, 자신이 수금해온 돈 중 **1원**을 꺼내 주인에게 건넵니다. ""아이들 밥 한 끼 해주라""는 마음에서 비롯된 행동이었지만, 이는 주인 덕호의 돈을 임의로 사용한 것이기에 민수의 마음속에는 불안과 갈등이 피어오릅니다.

**3. 덕호의 분노와 민수의 고백**
민수는 결국 덕호에게 돌아가 사실대로 말하기로 결심합니다. 그는 수금해온 돈 중 1원을 가난한 집에 주었다고 솔직하게 고백합니다. 하지만 돈을 아까워하며 이익을 중시하는 덕호는 민수를 '미친놈'이라 부르며 불같이 화를 냅니다. 덕호는 물건을 던져 민수를 맞히고 발로 차는 등 폭언과 폭력을 행사하며 그를 몰아세웁니다.

**4. 결말: 비난 속에서 찾은 마음의 평화**
주변 사람들의 비난과 덕호의 매질을 당하면서도, 민수는 이상하게도 분노나 억울함을 느끼지 않습니다. 오히려 무거운 짐을 내려놓은 듯, 마음이 푹 가라앉으며 평온함을 느끼는 것으로 이야기가 마무리됩니다.

---

### 💡 핵심 포인트
이 소설은 **'물질적 이익(덕호)'**과 **'인간적인 도리와 연민(민수)'** 사이의 충돌을 보여줍니다. 민수는 사회적 기준으로는 비난받을 행동을 했지만, 자신의 양심을 따름으로써 물질적인 손해와 육체적 고통을 감수하면서도 정신적인 해방감을 얻게 됩니다.

요약이 도움이 되었기를 바랍니다! 더 궁금한 점이 있으면 언제든 말씀해 주세요. 😊"
인간문제 7화,"그는 얼핏 일어나 그의 집으로 왔다.
그가 싸리문을 열 때 선비 모녀는 뛰어나왔다. 칵 매어 달리는 선비를 안은 민수는 뜻 하지 않은 눈물이 앞을 가리었다. 그리고 사남매의 모양이 또다시 떠오른다. 오늘은 그들이 무엇을 좀 먹어 보았을까? 하며 방 안으로 들어갔다.
물끄러미 부녀의 모양을 바라보던 선비 어머니는,
""미 간 새가 왜 그래요?""
""왜 무엇이 어떤가.""
그는 손으로 양미간을 비벼치며 드러눕는다. 선비 어머니는 이불을 내려 덮으며 어디서 몹쓸 놈을 만나 곤경을 당하였나? 혹은 노독 때문인가? 하고 생각 하며,
""진지 지을까요?""
""글쎄! 미음이나 좀 먹어 볼까…… 쑤게나.""
미음 쑤라는 말에 선비 어머니는 남편의 몸이 불편하다는 것을 확실히 알았다. 그래서 어디가 아프냐고 물으려니 민수는 눈을 꾹 감고 돌아눕는다.
그날부터 민수는 자리에서 일지 못하고 몹시 앓았다. 선비 어머니는 온갖 애를 다 썼으나 아무 효험이 없었다.어떤 날 선비 어머니는 밖으로부터 들어오며 눈 등이 빨개졌다.
""큰집 영감님한테 산판으로 맞었단 말이 참 말입니까?""
""누가 그러던고?""
""아 뭐, 다들 본 사람들이 그러던데요.""
""듣그러워! 그런 말 청신해 가지고 다닐 것이 없느니…… 좀 또 맞었다면, 영감님이 나를 미워서 때렸겠나, 부모 자식 새 같으니…….""
""아니, 글쎄 맞기는 분명합니다그려.""
""듣그럽다는데…… 이 사람.""
그는 앓는 소리를 하며 돌아눕다가, 무슨 생각을 하였는지 눈을 번쩍 뜨고 아내를 바라보았다.
""내가 만일 죽게 된다드라도, 그런 쓸데없는 말을 곧 이들어서는 못 써…….""
민수는 자기 병세가 아무래도 심상치 않음을 알았다. 그러나 덕호에게서 맞은 것이 원인이 되었다고는 꿈에도 생각해 본 적이 없었다. 죽는다는 말이 남편의 입에서 떨어지자, 선비 어머니는 그만 아뜩하여 다시는 두말도 꺼내지 못하였다.
그 후 며칠 만에 민수는 드디어 가고 말았다. 선비가 안타깝게 매어달려 우는 것도 모르고…….이러한 과거를 되풀이한 선비 어머니는 어느새에 눈물이 볼을 적시었다. 그는 눈물을 씻고 나서, 다시 한번 그의 지붕을 쳐다보았다. 주인을 잃어버린 컴컴한 저 지붕! 저 지붕에 남  편의 굵다란 손길이 몇천 번이나 돌아갔을까!
싸리문 열리는 소리에, 선비 어머니는 선비가 오는가 하고, 얼른 주저앉았다. 그리고 눈물 흔적을 없이 한 후에 이엉을 엮었다. 그러자 방문 소리가 났다. 선비 어머니는 선비가 아니라 딴 마을꾼이 오는가 하여 귀를 기울였다.
""어데들 다 갔수?""
말소리를 듣고야 선비 어머니는 누구임을 알았다.
""아이 어떻게 우리 집에를 다 오셔요?""
선비 어머니는 곧 일어나며 뒷문을 열었다.방문을 시름없이 열고 섰는 신천댁은 푸석푸석 부은 눈에 약간 웃음을 띠며,
""일 하시 댔소?""
말끝을 이어 한숨을 푹 쉬었다.
""어서 들어와요.""
신천댁은 방 안으로 들어와 앉으며 뒤뜰을 물끄러미 바라보더니,
""우리 어머니 두 지금…….""
말을 맺지 못한다. 선비 어머니는 무엇을 의미한 말임을 얼핏 깨달으며 측은한 생각이 불쑥 들었다.
""왜 어데가 편치 않으세요?""
""선비 어머니, 난 내일 그만 우리 집으로 갈까 봐…….""
눈물이 샘처럼 솟는다. 선비 어머니는 뭐라고 말해야 좋을지 몰라 한참이나 멍하니 앉았다가,
""그게 무슨 말을 그렇게 합니까.""
""난 정말 그 집에선 못 살겠어. 글쎄 안 나오는 아이를 어떻게 하라고 자꼬 들 볶으니 글쎄 살겠수?""
이제 겨우 이십이 될락말락하는 그의 입에서 자식 말이 나올 때마다 선비 어머니는 잔 망하게 보았다. 동시에 측은한 맘도 금치 못하였다.
""왜 또 무어라고 허십데까?""
""글쎄 요전에 월경을 한 달 건는 것은 선비 어머님도 잘 알지, 그런데 오늘 아침에 그게 나왔구려!""
""나왔어요? 월경도 건너 나오는 수도 있지요.""
""글쎄 그 빌어먹을 것이 왜 남의 애를 태우겠소.""
신천댁이 월경을 건너니 덕호는 먹을 것을 구해 들이느라 보약을 쓰느라 온 동네 사람들까지 들볶아 대었던 것이다.
덕호가 하늘같이 떠받칠 때는 웬일인지 밉더니만 오늘 저렇게 시름없이 와서 앉은 것을 보니 측은도 하고 우습기도 하였다.
""아니 이제 날 테지, 벌써…… 글쎄.""
""그러기 말이에요. 내 나이 삼십이 됐소, 사십이 됐소. 글쎄, 그 야단을 할 턱이 뭐겠수.""
신천댁은 한숨을 쪽 쉬더니,
""난 내일 가겠수, 자꾸 가라니깐 어떡해요.""
""그게야 영감님이 일시 허신 말씀이겠지요.""
그는 머리를 좌우로 흔들고 말소리를 낮추어,
""요새 영감님이 간 난 네 집에를 단긴다우.""
선비 어머니는 눈을 둥그렇게 떴다.삼 년이란 세월이 흘렀다.
며칠 동안 어머니가 가슴앓이 병으로 앓아누워서, 선비는 큰집에 들어가지 못하고 어머니 곁에 꼭 마주 앉아 있었다.
아직도 이 집에는 남포 등을 쓰지 못하고 저렇게 접시에 들깨 기름을 부어 쓰는 것이다. 불꽃은 길게 끄름을 토하며 씩씩히 올라가다는 문바람에 꺼풋꺼풋하였다.
선비는 어머니가 좀 잠이 든 듯하여 등불 곁으로 왔다. 불빛에 보이는 그의 타오르는 듯 한 볼은 한층 더 빛이 났다. 그는 무엇을 생각하느라 물끄러미 등불을 바라보다가 부시시 일어나서 윗방으로 올라간다.
한참 후에 그는 바느질 그릇을 들고 내려와서 등불을 마주앉으며 일감을 들었다.
""아이구!""
하는 신음소리에 선비는 바느질을 멈추고 돌아보았다.
""어머니, 또 아파?""
선비 어머니는 폭 꺼진 눈을 겨우 뜨며,
""물 좀 다우.""
""어머니, 물을 자꾸 잡수면 안 된대.""
선비는 어머니 곁으로 가며 들여다보았다. 오래 앓은 까닭인지 무슨 냄새가 좀 나는 듯 하였다.
""이애 좀 줘!""
조금 더 크게 소리친다. 선비는 거의 울듯이 애원을 하였다. 그러나 어머니는 듣지 않고 소리 소리치다가 일어나려고 머리를 든다. 선비는 할 수 없음을 알고 부엌으로 나와서 물을 끓여 가지고 들어왔다. 김이 펄펄 올라가는 것을 본 그의 어머니는,
""누가 그 물 먹겠다니, 잡년의 계집애, 어서 찬물 다오…….""
""아이 어머니…….""
그는 어머니를 붙들고 물을 입에 대어 주었다. 선비 어머니는 좌우로 머리를 흔들다가 마침내 뜨거운 물을 몇 모금 마시고 도로 누웠다.""이애.""
한참 후에 어머니는 선비를 보며 이렇게 불렀다. 선비는 또다시 일감을 놓고 곁으로 갔다.
""어제 꿈에 너의 아버지를 만났구나. 그런데 어떻게 반갑지도 않고, 그리 싫지도 않고, 그저 전에 살림하고 살던 때라구 하는데…… 너의 아부지가 너를 업구서 어데로 자꾸 가두나. 그래서 내가 따라가면서 어델 가느냐 물어도 말두 안 하고 가겠지…… 그게 무슨 꿈 일까.""
선비는 새삼스럽게 아버지의 얼굴이 휙 떠오른다. 그러나 아버지의 그 얼굴은 분명치를 않고 안개 속에 묻힌 것같이 어림해 보일 뿐이다. 그는 어머니를 보았다. 그 찰나에 어머니는 확실히 아버지 환영을 보는 모양이다. 선비는 소름이 쭉 끼치며 무서운 생각이 들었다.
""어머니.""
선비는 어머니를 흔들며 다가앉아 어머니의 얼굴을 만져 보았다. 어머니는 눈을 치뜨고 천장을 바라본다. 그 무서운 눈을 굴려 딸을 보았다.
""왜?""
선비 어머니는 딸을 보자 흑흑 느껴 운다. 그리고 입술을 풀풀 떨며,
""너를 어서 임자를 맡겨야…… 헐, 헐 터인…….""
어머니 입에서 또렷하게 말이 흘러나올 때, 그는 안심을 하였다. 그리고 사람이 죽어지면 아무리 부모라도 무서워진다지 하는 생각이 들었다.","안녕하세요! 요청하신 소설 내용을 읽고 이해하기 쉽게 요약해 드릴게요.

이 소설의 내용은 크게 세 가지 흐름으로 나뉩니다.

**1. 민수의 죽음과 남겨진 슬픔**
민수(선비의 아버지)는 큰집 영감에게 매를 맞은 듯한 정황 속에 몸과 마음이 모두 상한 채 집으로 돌아옵니다. 그는 심상치 않은 병세 속에서 ""죽게 된다 해도...""라는 말을 남기고 결국 세상을 떠납니다. 남편을 잃은 선비 어머니는 깊은 슬픔에 잠기며 홀로 남겨진 삶을 이어갑니다.

**2. 이웃 신천댁의 고단한 삶**
선비 어머니에게 이웃인 신천댁이 찾아와 자신의 고충을 털어놓습니다. 신천댁은 아이를 갖지 못하는 문제(월경 문제 등)로 남편 덕호에게 심한 구박과 압박을 받고 있으며, 그 고통을 견디지 못해 집을 떠나고 싶어 합니다. 선비 어머니는 신천댁의 처지를 보며 안타까움과 측은함을 느낍니다.

**3. 3년 후, 어머니의 병환과 딸에 대한 걱정**
3년이라는 시간이 흐른 뒤, 선비 어머니는 오랜 병으로 인해 누워 지내게 됩니다. 딸(선비)은 정성껏 어머니를 간호하지만, 어머니의 병세는 깊어만 갑니다. 어머니는 꿈속에서 죽은 남편을 본 뒤, 자신이 떠나고 나면 홀로 남겨질 딸이 제 짝을 찾지 못할까 봐(임자를 맡기지 못할까 봐) 간절히 걱정하며 불안해합니다.

---
**요약하자면:**
이 글은 **가부장적인 환경과 고된 삶 속에서 고통받는 인물들의 비극**을 다루고 있습니다. 남편의 죽음, 이웃 여자의 고부/부부 갈등, 그리고 죽음을 앞둔 어머니가 딸의 앞날을 걱정하는 모습을 통해 당시 인물들이 겪었던 삶의 무게와 애환을 보여주고 있습니다.

도움이 되셨기를 바랍니다! 더 궁금한 점이 있으면 언제든 말씀해 주세요. :)"
인간문제 8화,"그때에 싸리문이 열리는 소리가 나므로, 선비는 얼른 문 편으로 바라보았다. 방문이 열리며 덕호가 들어온다. 선비는 놀라 일어났다.
""아직도 아픈가, 그거 안 되었군.""
덕호는 문 안에 선 채 선비 어머니를 바라보며 걱정을 한다. 선비 어머니는 덕호임을 알자, 일어나려고 애를 쓴다. 선비는 곁으로 가서 부축을 하였다.
""어서 눕지, 어서 눠…… 무엇 좀 먹었니?""
선비를 바라보았다. 선비는 머리를 조금 드는 체하다가 도로 숙였다.
""아무것도 못 잡수시어요.""
""허, 거 정 안 되었구나. 우리 집에 꿀이 있니라. 그것을 좀 갖다가 물에 타서 먹게 하여라. 아무것이나 좀 먹어야지, 되겠니.""
덕호는 담배를 피워 물며 앉으려는 눈치를 보이더니,
""원 저게 뭐란 말인구, 저 등을 쓰구야 답답해서 어찌 산단 말이냐.""
덕호는 지갑을 내어 오 원짜리 지화를 한 장 꺼내어서 선비 앞으로 던져 주었다. 선비는 꿈칠 놀랐다.그때 별안간 방문이 바스스 열렸다.
그들은 놀라 바라보았다. 신천댁을 내쫓고 그 후를 이어 들어온 덕호의 작은 마누라인 간난이 였다. 간난이는 문을 열기는 하고도 차마 들어오지 못하고 머뭇머뭇하고 섰다. 덕호는 간난이를 노려보았다.
""왜 와? 응…… 그 문 여는 법이 어서 배운 법이야. 왼상 것 같으니. 사람의 집에 사람 다니는 법이 어디 그렇담.""이 모양을 바라보는 선비네 모녀는 뭐라고 말해야 그들의 불평을 완화시킬지 몰랐다. 그래서 한참이나 바라보다가 선비 어머니는,
""어서 들어와요.""
""뭘 하러 들어와, 어서 가! 계집년의 문 여닫는 법이 그런 법이 어디 있담! 어서 당장 못 가겠니!""
주먹을 부르쥔 덕호는 눈을 부릅뜬다. 선비는 얼결에 일어났다.
""앗으셔요, 참으셔요.""
간난이는 얼굴이 빨개지며 밖으로 뛰어나간다. 덕호는 문을 쿡 닫고 들어왔다. 그리고 지화를 보며,
""아, 고런 망상시러운 것이 어디 있담…… 어서 넣어 둬라. 그리고 내일은 저 등도 갈고, 의원도 좀 오래서 뵈지, 응 이 애 내 말 들었니?""
선비 어머니는 선비를 꾹 찔렀다. 그제야 선비는,
""네.""
하고 대답하였다. 그러나 선비는 그 돈 집을 것이 난처하였다. 그렇다고 그 돈을 도로 물리는 수는 없는 터이고…… 하여 망설망설할 때, 선비 어머니는 그 돈을 집어 딸의 손에 쥐어주었다. 선비는 마지못해서 그 돈을 받아 이불 아래에 쑥 쓸어 넣었다.덕호는 더 섰기가 무엇하여 돌아서며,
""내일 꿀도 잊지 말고 가져와.""
""네.""
그의 어머니가 대신 대답을 하였다. 그리고 선비를 꾹 찌르며 문 밖까지 따라 나가라는 뜻을 보였다. 선비는 부시시 일어나서 덕호의 뒤를 따라 싸리 문턱까지 나갔다.
""안녕히 가세요.""
""오, 내일은 집에 들어왔다가 가거라.""
""네.""
덕호가 문 밖을 나서자 선비는 곧 싸리문을 지치고 들어왔다. 웬일인지 간난이가 다그쳐 들어오는 것 같아서 공연히 숨이 가빴다.선비는 어머니 곁으로 앉으며,
""어머니, 간난이가 어째 왔을까?""
그의 어머니도 지금 그것을 생각하는 중이었던 것이다.
""글쎄…… 아이구 가슴이 또 치미누나.""
선비 어머니는 얼굴을 찡그리고 아구구 소리를 연발한다. 선비는 어머니의 허리를 쓸면서 아까 간 난이가 돌연히 나타나던 것을 생각하였다. 그리고 평생 가야 오지 않던 그들이 별안간 무슨 생각을 하고 우리 집에를 왔을까? 어머니의 병 때문일까, 혹은 무슨 다른 일이 있 음인가? 암만 생각해도 그들이 하나도 아니요 둘씩 왔다가 가는 것은 이상스러웠다.
간난이는 선비의 둘도 없이 친하던 동무였다. 그러나 덕호의 작은 집으로 들어가면서부터는 웬일인지 그들의 사이는 벌어졌다. 그래서 피치 못하여 마주치게나 되면 눈웃음으로 인사를 건네고 말 뿐이었다. 무엇보다도 동무였던 그를 하루 아침 사이에 상전으로 섬겨 야 할 터이니 그것이 싫다는 것보다도 오히려 어려웠던 것이다.한참이나 신음하던 어머니는 가슴이 좀 내려간 모양인지 가만히 있다. 선비는 이불을 덮어놓고 나서 등불 앞으로 왔다. 그래서 바느질감을 드니 어쩐지 속이 수선거리고 아까와 같이 일이 되지를 않았다. 그는 그만 일감을 착착 개어 놓으며 멍하니 등불을 바라보았다.
""남포 등을 사다가 불을 켜라지…….""
그는 이렇게 중얼거리며 아까 오 원짜리 지화를 던져 주던 덕호의 얼굴을 다시금 그려 보았다. 그리고 이때까지 볼 수 없던 그의 후한 마음! 그것은 어떻게 해석해야 좋을지 갈피를 잡을 수가 없었다. 따라서 이때껏 느껴 보지 못한 어떤 불안을 가슴이 답답하도록 느꼈다.","안녕하세요! 요청하신 소설 《인간문제 8화》의 내용을 읽고, 핵심 내용을 정리해 드릴게요.

### [소설 내용 요약]

**1. 덕호의 방문과 예상치 못한 호의**
아픈 선비의 어머니를 돌보기 위해 덕호가 집을 찾아옵니다. 덕호는 말투가 거칠고 무뚝뚝하지만, 선비의 어머니를 걱정하며 5원짜리 지화(돈)를 던져주듯 건네며 약값과 식사(꿀)를 챙기라고 당부합니다. 또한 내일은 의원도 불러주겠다며 후한 면모를 보입니다.

**2. 간난이의 등장과 갈등**
덕호의 아내이자 선비의 옛 친구인 간난이가 조심스럽게 문을 열고 들어오지만, 덕호는 문 여는 법이 예의에 어긋난다며 간난이를 거칠게 꾸짖습니다. 당황한 간난이는 얼굴이 빨개진 채 밖으로 뛰어나가고, 덕호는 다시 선비네 상황을 챙긴 뒤 집을 나섭니다.

**3. 선비의 혼란과 불안함**
덕호가 떠난 후, 선비와 어머니는 평소와 다르게 갑작스럽게 찾아온 그들의 방문 의도에 대해 의구심을 갖습니다. 특히 선비는 과거 친했던 동무였던 간난이가 덕호의 아내가 되면서 관계가 서먹해졌던 상황을 떠올립니다. 무엇보다 선비는 지금까지 본 적 없던 덕호의 갑작스럽고 후한 태도에 대해 이해할 수 없는 불안함과 답답함을 느끼며 이야기가 마무리됩니다.

---

**💡 요약 포인트:**
이 장면은 **덕호의 거친 행동 뒤에 숨겨진 의외의 호의**와, 그로 인해 **변해버린 인물들 간의 관계(친구에서 상전으로)**, 그리고 그 상황을 마주한 **선비의 심리적 불안감**을 잘 보여주고 있습니다.

더 궁금한 점이 있거나 다른 도움이 필요하시면 언제든 말씀해 주세요! 😊"
인간문제 9화,"그는 어머니를 돌아보며,
""어머니.""
하고 부르니 아무 대답이 없다. 그리고 약간 코고는 소리가 가늘게 들린다. 가슴이 내려간 틈에 어머니는 저렇게 잠을 자는 것이다. 그는 얼결에 어머니를 불러 놓고도 어째서 그가 어머니를 불렀는지 꼭 집어낼 수는 없엇다. 그는 물끄러미 어머니의 핏기 없는 얼굴을 바라보며 이불 속에 아까 넣어 둔 오 원짜리 지화를 생각하였다. 따라서 뜻하지 않은 한숨이 폭 나왔다.선비는 어실어실해서 그만 일어나고 말았다. 어젯밤 잠을 못 잔 탓인지 골머리가 띵하니 아팠다. 어머니의 아픔도 아픔이려니와, 어젯밤 돌연히 나타난 덕호와 간난의 행동이 수상 스러워서 한 잠 못 잤던 것이다.
""어머니, 물 데워서 손발 좀 씻어 올릴까요?""
""그래.""
간신히 대답한 어머니는 ""아이구!"" 하며 돌아눕는다. 선비는 어머니 곁으로 가서,
""아직도 아파? 자꾸.""
어머니는 아무 말 없이 ""음음""하고 신음할 뿐이다. 그는 이불을 꼭 덮어 준 후에 밖으로 나 왔다.
아직도 날은 채 밝지 않았다. 그는 멍하니 어젯밤 일을 다시금 되풀이하며 가만히 부엌 문을 열었다. 김치 시어진 내가 훅 끼친다. 그는,
""김치는 다 시어지눈.""
이렇게 중얼거리며 앞뒷문을 활짝 열어 놨다.그가 솥에 물을 붓고 불을 살라 넣을 때 누가 싸리문을 흔든다. 순간에 선비는 간난의 얼굴이 휙 지나친다. 그래서 그는 가만히 귀를 기울이며 누가 이 새벽에 올까?
마침내 싸리문이 찌걱 하고 열리는 소리가 난다.
""거 누구요?""
선비는 부엌 문턱에 서서 내다보았다. 그때 선비는 깜짝 놀라 뒤로 물러섰다. 그리고 질겁을 하여 방으로 뛰어들었다. 어머니도 놀랐는지 돌아보며,
""왜 그러냐, 응?""
선비는 어머니 곁으로 가서 문 편을 바라보며,
""어떤 사나이가 싸리문을 열고 들어와.""
어머니는 이 말에 도적이 드는가 하여 벌컥 일어나려다가 도로 쓰러지며,
""그거 누구냐? 응, 누구야?""
목청껏 소리친다.문 밖에서 머뭇거리던 사나이는,
""아 저 머니, 내유.""
""응, 내가 누구란 말이야, 이 새벽에.""
그의 음성을 분간하여 짐작하려나 도무지 들어 보지 못하던 음성이다. 그는 마침내 방문을 부시시 열었다. 그들은 뛰는 가슴을 진정하며 바라보았다. 아직도 컴컴하므로 분명치는 않으나 그 윤곽과 키를 짐작하여 첫째인 것을 알았다.
그들은 뜻하지 않은 첫째임에 더한층 놀랐다. 그리고 속으로는 저 부랑자 놈이 누구를 또  어쩌려고 이 새벽에 왔는가 하니 가슴이 후닥닥 뛰었다.
""응, 자네가 어째서 이 새벽에 왔는가?""
""아저머니가 아프시다기 저 소태나무 뿌리가 약이라기에 가져왔수.""
그의 음성은 차츰 입 속으로 숨어들고 있었다. 이 말에 그들 모녀는 적이 안심하였다. 그리고 한편으로는 알 수 없는 의문이 뒤범벅이 되어 돌아가고 있다.
""아심찮으이, 원…….""
방 안으로 들여놓는 소태나무 보자기를 보며 선비 어머니는 이렇게 말하였다. 그는 보자기를 들여놓고는 곧 돌아서 나간다.선비 어머니는,
""잘 다녀가게.""
그의 신발 소리가 멀리 사라진 후,
""아 그놈, 또 하는 짓이…….""
선비 어머니는 선비를 물끄러미 바라보며 이렇게 혼자 하는 말처럼 중얼거렸다. 그리고 막연하나마 선비로 인하여 이런 일이 생기지 않는가? 하는 의문이 불쑥 들어, 어서 선비를 처치 하여야겠다는 생각이 한층 더 강하여진다.
방 안은 활짝 밝았다. 무섭게 해어진 보자기 사이로 금방 캐온 듯한 싱싱한 소태나무 뿌리가 삐죽삐죽 나와 있었다. 선비는 무서워서 깜작하지 않았다. 그리고 어렸을 때 싱아 빼앗기던 생각까지 새삼스럽게 떠오른다.
""이애, 저것 어디 감추어 둬라. 누가 보나다나 해두…… 그 부랑한 놈이 그게 웬일이야?""
선비 어머니는 생각할수록 이상하였다. 그리고 일종의 공포까지 느꼈다. 그만큼 첫째 네 모자는 이 동네서 사람 대우를 받지 못하였던 것이다. 더구나 첫째는 술 잘 먹고 사람 잘 치기로 유명하였던 것이다. 선비는 어머니의 말에 어딘가 모르게 섭섭함을 느꼈다. 동시에 뭐라고 형용할 수 없는 슬픈 생각이 소태나무보를 싸고 언제까지나 사라지지 않았다. 그는 그 의 이러한 맘이 무엇 때문인지 풀 수가 없었다. 그는 어머니가 자리에 눕는 것을 보고야, 소태나무 보자기를 들고 윗방으로 올라왔다. 그리고 문 앞에 다가서며, 이건 밤에 캐온 겐가? 잠두 못 자고…… 이렇게 생각하며, 아까 문 밖에 섰던 첫째의 얼굴을 다시금 그려 보았다.
그가 무엇 때문에, 왜 이것을 가져왔을까? 그때 그의 볼이 화끈 달며 무서움이 온몸에 흠씬 끼친다. 그는 무의식간에 소태나무보를 홱 던졌다. 그리고 무엇이 다그쳐 오는 것처럼 달아 내려왔다.며칠 후 선비 어머니는 마침내 세상을 떠나고 말았다. 덕호의 주선으로 어머니의 장례를 무사히 치르어 낸 선비는 아주 덕호의 집으로 옮겨 오게 되었다. 그래서 안방 맞은편 방 옥점이( 덕 호의 딸) 있던 방을 제 방으로 정하고 있었다.
덕호의 부부는 선비 어머니가 살았을 때보다 선비를 한층 더 귀여워하고 측은히 생각 하였다. 더구나 선비가 가사에 막히는 것이 없이 능한 까닭에 옥점 어머니는 선비를 수족같이 알아서 집안 살림을 전수이 밀어 맡기었다.
옥점 어머니는 장죽을 물고 안방에서 나오며 마루 걸레질하는 선비를 보았다. 그리고 담뱃대를 입에서 뽑으며,
""그것은 할멈을 시키고 너는 옥점의 옷을 하여라.""
부엌 편을 향 하여,  ""할멈, 마루 걸레질하우.""
선비는 걸레를 대야에 넣고 부엌으로 들어가서 손을 씻고 나온다. 옥점 어머니는 안방에서 옷 마른 것을 가지고 나오며,
""이애, 요새 서울서는 모두 옷을 작게 입는다더라. 이것을 랑 아주 작게 하여라.""
선비는 일감을 받아 가지고 재봉침에 마주 앉았다. 그리고 약간 기계를 수선한 후에 일을 시작 하였다. 한참씩 재봉침 바퀴를 굴려 나가다가 뚝 끊으며 눈결에 보면 할멈은 씩씩 하며 마루 걸레를 치다가 어려워서 멍하니 앉아 있다. 그때마다 선비는 미안한 생각이 들었다.
""마루 걸레 치기가 저렇게 힘들까!""
옥점 어머니의 호통에 할멈은 꿈칠 놀라 다시 걸레질을 한다. 옥점 어머니는 할멈의 걸레 치는 것을 쏘아보며 늙은 것들은 저렇게 굴고 젊은 것들은 말 잘 듣지 않고, 어린 것을 두어야 좋담, 이렇게 생각하였다.","안녕하세요! 요청하신 소설 <인간문제> 9화의 내용을 친절하게 요약해 드릴게요. 😊

이 내용은 크게 세 부분으로 나누어 볼 수 있습니다.

**1. 부랑자의 예기치 못한 방문과 복잡한 감정**
병든 어머니를 간호하며 밤을 지새운 선비는 어느 새벽, 마을에서 술과 싸움으로 유명한 부랑자 '첫째'가 찾아오는 것을 보고 깜짝 놀랍니다. 하지만 첫째가 가져온 것은 다름 아닌 어머니의 약이 될 '소태나무 뿌리'였습니다. 어머니는 그를 경계하며 두려움과 의구심을 느끼지만, 선비는 그가 왜 이런 행동을 했는지 알 수 없는 복잡하고 슬픈 감정에 휩싸입니다.

**2. 어머니의 죽음과 새로운 거처**
며칠 후, 안타깝게도 선비의 어머니는 세상을 떠나고 맙니다. 덕호의 도움으로 장례를 무사히 마친 선비는 덕호의 집으로 거처를 옮기게 됩니다.

**3. 덕호의 집에서의 성실한 생활**
덕호의 부부는 선비를 측은하게 여기며 따뜻하게 맞아줍니다. 선비는 집안 살림에 능숙하여 덕호의 아내로부터 바느질과 집안일을 맡게 됩니다. 선비는 성실하게 자신의 맡은 바 일을 해나가며 새로운 환경에 적응해 나가는 모습을 보여줍니다.

---
**요약 포인트:** 
이 장은 **어머니의 병환과 죽음**, 그리고 **부랑자의 뜻밖의 선행**을 통해 인물들의 복잡한 심리를 보여줌과 동시에, 어머니를 잃은 선비가 **덕호의 집에서 새로운 삶을 시작하는 과정**을 담고 있습니다.

내용 이해에 도움이 되었기를 바라요! 더 궁금한 점이 있으면 언제든 말씀해 주세요. 🌸"
인간문제 10화,"마침 덕호가 들어온다. 옥점 어머니는 헬금 쳐다보았다. 덕호가 첩 네 집에만 묻히어 있는 까닭이다.
""아니 당신도 우리 집에 올 줄 아우?""
덕호는 눈살을 찌푸리며 옥점 어머니를 노려보았다.
""저년 때문에 우리 집에 무슨 일이 나구야 말 테야. 에이 보기 싫어서!""
재봉침을 굴리는 선비의 뒷모양을 흘금 바라보며 덕호는 마루로 올라왔다.
""옥점이가 아프다고 편지했어…… 집에서 저년이 생긴 흉조를 다 부리고 있으니 그런 일이 안 날 탁이 되나?""
편지를 거지에서 꺼내어 휙 팽개친다. 옥점 어머니는 비상히 당황하여 편지를 주워 한참이나 들여다보다가,
""어디 좀 똑똑히 보우, 흘려 써서 난 잘 모르겠수. 어데가 아프다고 했수?""
덕호는 아내의 주는 편지를 받아 읽어 들렸다. 옥점 어머니는 금시로 눈물이 방울방울 떨어진다.
""아이고 저를 어쩌면 좋우. 내 글쎄 요새 며칠 꿈자리가 사납더니 저 모양이구려. 내가 갈까 요?""
""자네가 가서 뭘 알겠나, 내가 가야지. 어서 펄펄 옷 준비를 해.""
어느 사이에 부부의 노염은 풀어지고 말았다. 옥점 어머니는 안방으로 들어가며,
""이애 그것은 그만두고 이걸 해라. 그리고 할멈은 어서 숯불 좀 피우.""선비는 하던 일감을 착착 개어 들고 안방으로 들어갔다.
""이걸 펄쩍 동정을 달아…… 언제 이제 떠날 차가 있수?""
기웃하여 들여다보는 덕호를 쳐다보았다.
""차가, 웬 차가, 자전거로 읍까지 가면 그게서야 떠날 차가 있겠지.""
선비는 동정을 시침하며 옥점의 그 둥글둥글한 눈을 생각하였다. 그리고 어디가 아픈지는 모르나 이렇게 집에서 걱정해 줄 아버지 어머니를 가진 옥점이가 끝없이 부러웠다.
그리고 어디가 몹시 아파도 어디가 아프냐고 물어 줄 사람조차 없는 자기의 외로운 신세가  새삼스럽게 더 슬펐다.
""나 서울 떠나면 선비는 아랫집 가서 자게 하여라.""
""어딜 누가 가는 게요, 선비를 왜……?""
옥점 어머니는 말을 중도에 끊으며 당장에 뾰로통해진다.
""아, 저년이 길 떠나랴는데, 웬 방정을 저다지 떨어. 이애 이년아…….""
턱을 철썩 받친다. 선비는 근심스러운 듯이 쳐다보았다. 덕호는 흘금 선비를 보며 물러앉았다.
""글쎄 저런 맥힌 년이 어디 있겠니.""
옥점 어머니는 뭐라고 대답을 하려다가 그만 참았다.
검정이가 쫓기어 들어오며 컹컹 짖었다.중대문이 열리며 옥점이가 들어온다.
""어머니!""
옥점 어머니는 딸의 음성에 질겁을 하여 뛰어나갔다. 그리고 그의 목을 얼싸안고 목을 놓아 울었다. 옥점의 뒤를 따라 들어오는 낯모를 양복쟁이는 모녀를 바라보며 머뭇머뭇 하고 섰다.
덕호는 마루 위에 서서,
""아니 이게 웬일이냐, 언제 떠났느냐. 전보를 치고 올 것이지, 아프다더니……?""
옥점이는 달려와서 덕호의 손을 쥐며,
""아버지, 저이가 우리 학교 선생님의 자제인데, 저 몽금포에 해수욕 오던 길에 나를 만나서 그래서 우리 집에 잠깐 들러 가시라고 해서 오셨다우.""
덕호는 처음엔 웬 양복쟁인가 하고 적지 않게 불안을 가졌으나 자기 딸이 배우는 선생님의 아들이라고 하니 퍽으나 안심되었다.
옥점이는 양복쟁이를 바라보며,
""우리 아버지여요.""
생긋 웃었다. 양복쟁이는 머리를 번쩍 들며 모자를 벗어 들고 덕호의 앞으로 나왔다. 그리고 인사를 하였다.
""이렇게 다 오셔야 만나 보지유. 어서 들어오시우.""
덕호는 앞을 서서 들어간다. 그들은 뒤를 따랐다. 옥점 어머니는 옥점의 앞에 서서 들어가는 양복쟁이를 멍하니 바라보며, 나도 저런 아들이 있다면 얼마나 좋을까 하고 생각되었다.""아가, 어디 아프댔니? 아버지가 방금 너한테 가시랴 댔다.""
옥점 어머니는 마루에 올라서며 이렇게 물었다. 옥점이는 얼굴을 좀 붉히는 듯 하면서,
""어머니두 밤낮 아기, 아가…… 그게 무슨 말씀이야요.""
그들은 일제히 웃었다. 옥점이는 아버지와 양복쟁이를 번갈아 보았다.
""아버지, 나두 몽금포 갈 테야요.""
덕호는 옥점의 얼굴빛을 자세히 살피며,
""어디 아프다는 것은 좀 나으냐. 네 몸만 든든하 거던 아무 데라도 가렴.""
옥점이는 생긋 웃으며 양복쟁이를 쳐다보다가 무슨 생각을 하고,
""어머니, 선비가 내 방에 와서 있다구?""
""그래…….""
""애이…… 난 몰라, 난 어데 있으라누.""
금시 새침을 뗀다. 덕호는 옥점이를 보며, 이런 때에 옥점이는 제 어미와 어쩌면 그다지도 꼭 닮았는지…… 하였다.""이애야, 그럼 선비는 이 방에 있게 하자꾸나.""
덕호는 웃으며 양복쟁이를 보았다.
""저것이 아직도 어린애같이 굽니다 그리, 하하.""
양복쟁이도 빙긋이 웃었다. 그리고 이 집에서 옥점이를 어떻게 귀여워하는 것을 잠시간이라도 알 수가 있다.
""선비야, 점심 해라.""
어머니 말에 옥점이는 벌떡 일어나며,
""정말 선비가 우리 집에 와 있수, 어디?""
뛰어나가는 옥점이는 건넌방 문 앞에서 선비와 꼭 만났다.
""선비야 잘 있었니?""
선비는 옥점의 손을 쥐려다 물 큰 스치는 향내에 멈칫하였다.
그러자 두 볼이 화끈 다는 것을 느꼈다.
""애이, 선비 너 고 왔구나, 어찌면 저렇게…….""
옥점이는 무의식간에 흘금 뒤를 돌아보았다. 안방의 세 사람의 눈이 이리로 쏠린 것을 보았을 때 이때껏 느껴 보지 못한 질투 비슷한 감정이 그의 눈가를 사르르 스쳐가는 것을 느꼈다. 따라서 그의 얼굴까지 화끈 달았다.
옥점이는 냉큼 돌아섰다. 선비는 머리를 푹 숙이고 부엌으로 들어갔다. 할멈은 김칫감을 다듬다가 선비를 쳐다보며,
""아니 그 사내 사람은 누군고?""
시집도 안 간 처녀가 남의 사내와 같이 다니는 것이 눈에 거슬렸던 것이다.
""모루지요.""
아까 옥점이가 그의 아버지에게 양복쟁이를 소개하던 것을 얼핏 생각하였다.
""점심 하래요.""
""뭐 점심을……? 밥이 가뜩한데 웬 밥을 또 하래 응. 그 사내를 해 먹이려는군.""
선비는 솥을 횅횅 가시며 옥점의 분 바른 얼굴과 양장한 몸 맵시를 생각하였다. 그리고 화로에서 피어나는 숯불을 보았다.옥점 어머니가 내다보며,
""이애, 닭 두 마리 잡고 해라.""
""네.""
옥점 어머니는 이렇게 이르고 나서 들어갔다. 훌훌 하는 가벼운 소리에 선비는 머리를 번쩍 들었다.
제비 한 마리가 부엌 천장을 돌아, 살대 같이 그 푸른 하늘을 향하여 까맣게 높이 뜬다. 선비는 한숨을 가볍게 몰아쉬었다. 그리고 처음으로 저 하늘을 보는 듯하였다.
""이애, 닭을 두 마리나 잡으라지?""
할멈은 아궁에 불을 살라 넣으며 선비를 쳐다본다. 그리고 눈가로 가는 주름을 잡히며 웃는다. 그는 언제나 닭을 잡게 되면 살을 다 바른 닭의 뼈를 먹기 좋아하였다.
꼬꾸댁! 꼬꾸댁! 닭 우는 소리에 선비는 놀라서 물 묻은 손으로 행주치마에 씻으며 뒷문 밖으로 뛰어나왔다.","안녕하세요! 요청하신 소설 <인간문제> 10화의 내용을 친절하게 요약해 드릴게요.

### [소설 요약]

**1. 옥점의 건강에 대한 걱정**
옥점이가 아프다는 편지를 보내자, 아버지 덕호와 어머니는 크게 걱정하며 옥점이에게 가보려고 준비합니다. 이 과정에서 집안에 머물고 있는 '선비'는 가족들의 애틋한 사랑을 보며 자신의 외로운 처지를 새삼 느낍니다.

**2. 옥점의 갑작스러운 등장과 반전**
걱정이 가득하던 중, 옥점이가 예상치 못하게 건강한 모습으로 집에 나타납니다. 심지어 낯선 양복 차림의 남성을 동반하고 있었는데, 알고 보니 그는 옥점이 다니는 학교 선생님의 아들이었습니다. 덕호는 처음엔 경계했으나 신분을 확인하고 안심하며 그들을 따뜻하게 맞이합니다.

**3. 선비와 옥점 사이의 미묘한 기류**
옥점이가 집에 돌아오면서 집안 분위기는 활기차게 변합니다. 이 과정에서 옥점과 선비는 서로를 마주하며 묘한 감정을 느낍니다. 선비는 옥점의 모습에 가슴이 두근거리고, 옥점 또한 가족들의 시선을 의식하며 선비에게 질투와 비슷한 복잡한 감정을 느낍니다.

**4. 점심 준비와 선비의 마음**
옥점의 부탁으로 선비는 점심 식사(닭 요리)를 준비하게 됩니다. 선비는 옥점의 화사한 모습과 집안의 생동감 넘치는 분위기 속에서 설레고 복잡한 마음을 안고 요리를 시작합니다.

---

**핵심 요약:** 
아프다는 소식에 걱정하던 가족들 앞에 옥정이가 선생님의 아들과 함께 건강하게 나타나며 집안에 활기가 돌고, 그 과정에서 **선비와 옥점 사이에 흐르는 미묘한 감정 변화**를 보여주는 장면입니다.

내용이 도움이 되었기를 바랍니다! 더 궁금한 점이 있으면 언제든 말씀해 주세요. 😊"
인간문제 11화,"그가 허청간까지 달려오니, 닭은 꼬꾸댁 소리를 지르며 둥우리 안에서 돌아가다가, 선비를 보고 푸르릉 날아 내려온다. 뒤이어 닭의 똥 냄새가 그의 얼굴에 칵 덮 씌운다. 그리고 닭의 털이 가볍게 일어난다.
선비는 기침을 하며 섰다가, 닭이 없어진 후에 둥우리 안을 들여다보았다. 이제 금시 닭이 낳아 논 달걀이 선비를 보고 해 쭉 웃는 듯하였다. 그는 상긋 웃으며 달걀을 둥우리 안에서 집어내었다. 아직도 달걀은 따뜻하다.
""이전 마흔 알이지.""
그는 이렇게 중얼거리며 부엌으로 나왔다.
유서방은 풋병아리 두 놈을 잡아 목에 피를 내어 가지고 들어오다가 선비를 보고 빙긋이 웃었다.
""달걀 또 낳았니?""
""네.""
선비는 이 따뜻한 달걀을 누구에게든지 보이고 싶어 쑥 내밀었다.
""쟨 달걀을 여간 좋아하지를 않어.""
할멈은 유서방이 들고 들어온 닭을 뜨거운 물에 쓸어 넣으며 이렇게 말하였다.
""할머니, 이것까지 하면 지금 마흔 알이야요.""
""그래 좋겠다! 그까짓 것 그리 알뜰하게 모아서 소용이 무언가.""
할멈은 가만히 말하였다. 선비도 이 말에는 어쩐지 가슴이 찌르르 하였다. 그러나 그것은 순간이고 또다시 달걀을 들여다보니 볼수록 귀여웠다.
선비는 소리 없이 광문을 열고 들어갔다. 곰팡이 냄새가 훅 끼친다. 그는 독 위에서 달걀 바구니를 내려 들여다보았다. 똑같은 달걀이 바구니에 전과 같이 그뜩하였다. 그는 들고 들어간 달걀을 조심히 올려놓으며 ""마흔 알이지"" 하고 다시 한 번 더 뇔 때, 문틈으로 비쳐 들어오는 광선은 그의 손가락을 발갛게 하였다. 그는 바구니를 쓸어 보고 부엌으로 나왔다. 그리고 닭의 털을 뽑는 할멈 곁에 앉았다.그들이 점심을 다 해서 퍼들이고 부뚜막에서 밥을 먹을 때 덕호가 들어왔다.
""선비야, 안방으로 들어가 먹어라, 응.""
선비는 일어나며,
""좃습니다.""
""아, 왜 말을 안 들어. 어서 가지고 들어가 옥점이와 같이 먹지.""
너무 서두는 바람에 선비는 술을 놓고 말았다. 덕호는 암만 말해야 쓸데없을 것을 알고,
""아 그 전에도 부엌에서만 먹었니?""
이렇게 중얼거리며 안으로 들어간다. 그리고 무어라고나 하는지, 옥점 어머니의 쨍쨍 하는 소리가 흘러나온다.
""그 애는 밤낮 그 모양이야 말요, 해야 들어야지요. 원체 질기기가 쇠가죽 이상인데.""
선비는 얼굴이 화끈 달았다. 그리고 닭의 뼈나마 빨아 먹은 물이 도로 올라오는 것을 느꼈다.
선비가 설거지를 마치고 건넌방으로 건너갈 때 옥점 어머니가 마루에 섰다.
""이전 그 방 임자가 왔으니 넌 이전 할멈과 있든지 나와 있든지 하자.""
옥점이가 방에서 툭 튀어나왔다.
""어서 그 방 좀 내다구. 그 방의 그게 모두 뭐냐? 웬 보따리가 그리 많아. 아이, 되놈의 보따리 같데, 호호…….""
옥점이는 양복쟁이를 돌아보며 이렇게 웃었다. 선비는 귀밑까지 빨개지며 건넌방으로 왔다. 그리고 봇짐을 모두 한데 싸며 옥점의 하던 말을 다시금 되풀이하였다. 그리고 어디 로이 봇짐을 옮길까 하고 생각해 보았다.
안방으로 옮기자니 옥점 어머니와는 같이 있기가 싫고 할멈 방으로 옮기자니 그 방은 몹시 좁고 어떻게 해야 좋을지 몰라 그는 멍하니 앉아 있었다. 그때에 그는 어머니와 그가 살던 아랫 마을 집이 문득 생각히었다. 비록 초가이나 어머니와 그가 살던 그 집! 그는 불시에 그 집이 보고 싶었다.
'그 집에 누가 이사해 왔는지 몰라?’
그는 이렇게 생각하며 다시 봇짐을 보았다. 그리고 부시시 일어나며 좌우 손에 봇짐을 들었다.
""후덥다. 이거 소리나 한마디 하게나.""키 작기로 유명한 난장보살이라는 별명을 가진 자가 키 큰 자를 돌아보며 이렇게 말 하였다. 그리고 호미로 땅을 푹 파올리며 가라지를 얼핏 뽑아 던졌다.
그들은 이렇게 별명을 불러 가며 잡담을 늘어놓곤 하였던 것이다.
""응 소리…….""
""싱앗대야, 어서 해라! 이놈아, 이거 살겠니.""
난장보살이 키 큰 자의 등을 후려쳤다. 그 곁에서 씩씩하며 김을 매는 첫째는,
""소리 한마디 해유.""
하고 돌아보았다. 난장보살은 흘금 쳐다보며,
""이애, 이 곰도 소리를 들을 줄 아니.""
술 취하기 전에는 첫째는 누구와 말 한마디 건네기를 싫어하였던 것이다. 그러나 술만 취하면 남이 알아도 듣지 못할 말을 밤새껏 저 혼자 중얼중얼하곤 하였다.
첫째는 난장보살을 보며 픽 웃었다. 그는 대답 대신에 늘 이렇게 웃는 것이 버릇이다.앞산에서 뻐꾹! 뻐꾹! 하는 소리가 난다. 싱앗대는 앞산을 흘금 바라보더니,  ""뻐꾹 새만 운다!""
이렇게 말하고 나서 목에 핏줄을 불끈 일으키며 노래를 부른다.
흙이야 돌이야 알알이 골라서임 주고 나 먹으려 가을 묻었지 길게 목청을 내 뽑았다. 땃버리라는 별명을 가진 자가 눈을 스르르 감더니,
눈에나 가시 같은 장재 첨지네 함석 창고 채우려고 가을 묻었나 굽이쳐 올라가는 멜로디는 스러지려는 듯 꺼지려는 듯하였다.
""좋다!""
난장보살은 호미로 땅을 치며 이렇게 소리쳤다. 그리고 무어라고 형용 못 할 슬픔이 그들의 가슴을 찌르르 울려 주었다.""이거 왜 이리 늦으니, 어서 또 받지.""
유서방이 싱앗대를 바라보며 빙긋이 웃었다. 싱앗대는,
""너구리 영감! 나 소리하면 술 사줄 테유.""
""암 사주고 말구…….""
첫째는 술 말을 들으니 목이 더 타는 듯하였다. 그리고 뽀얀 탁배기가 눈에 보이는 듯 하여 침을 넘겼다.
""그만두겠수다. 탁배기 한 잔에 값비싼 소리를…….""
""어서 하자.""
여럿이 일시에 소리친다. 유서방은 농립을 벗어 부채질한다.
""이거 더워서 견디겠나, 어서 소리라도 이어 하게. 탁배기가 맛없으면 약주라 두 사주리.""
""이애 이놈아, 소리마디나 하니까 장한 듯하니? 이리 세를 부리고…….""
난장보살은 싱앗대의 농립을 툭 쳐서 벗겨 놓았다.
""이놈아, 좀 그만 까불어라…… 너 내일 누구네 김매러 가니?""
""왜…… 삼치 몰래, 삼치 몰래 김매러 간다.""
""그 밭이 돌짝 밭이 돼서 아주 김매기 힘들지.""
""그래두 그 밭에 도지가 닷 섬이다!""
""결전이야 저편에서 물겠지, 도지가 그렇게 많으니까.""
""결전이 뭐가…… 자담한다.""
""뭐 자담이야? 너무 하구나! 그 밭은 굶고 부쳐야 하겠군.""
싱앗대는 이렇게 말하며 유서방을 곁눈질해 보았다. 유서방은 덕호네 집을 살므로, 언제나 그들은 유서방을 꺼리었던 것이다. 난장보살은 침을 탁 배앝으며,
""요새 하는 짓이란 놀랄 만하니.""
가만히 말하며, 호미 끝에 조가 상할까 하여 얼핏 손으로 조를 싸고 돌며 미츨하니 북 돋아놓았다. 그때 바람이 가늘게 불어와서 좃대를 살랑살랑 흔들어 준다.
멀리서 송아지가 운다. 싱앗대는 목을 늘여,
내가 바친 조알은 밤알 대추알임의 입에 둥글둥글구르는 조알 땃버리는 기침을 칵 하며 호미를 힘있게 쥐었다.
장재 첨지 조알은 죽쩡이 조알 내 가슴에 마디마디 맺히는 조알 그들은 뜻하지 않은 한숨이 후 나왔다.
""이놈들아, 소리를 하는 바에는 좀 속이 시원한 소리를 하지 그게 무슨 소리냐!""난장보살은 얼굴이 벌개지며 호미를 집어 팽개친다. 그의 머리에는 장리쌀 가져오던 기억이 회오리바람처럼 일어났던 것이다.
그날 ―--- 덕호네 그 넓은 뜰에는 장리쌀을 가지러 온 소작인들로 빽빽하였다. 한참 후에 덕 호가 장죽을 물고 나왔다.
""이게 웬 사람들이 이리 많아?""
언제나 장리쌀을 내줄 때에 하는 덕호의 말이다.
덕호는 휘 둘러보았다. 돌아선 농민들은 덕호의 시선이 마주칠 때마다 가슴이 두근두근 해지며 불행히 자기만이 쌀을 못 얻어 가게나 되지 않으려나 하는 불안에 머리를 푹 숙였다.
덕호는 약간 얼굴을 찡그렸다. 그들 중에는 작년 것도 채 갚지 못한 사람이 있었다.
""허 거정, 그래 농사 지은 쌀들은 다 어떻게 했담. 아, 저 사람네도 쌀이 없는가.""
덕호는 싱앗대를 바라보았다. 싱앗대는 머리를 벅벅 긁으며,
""네 그저…….""
""그거 웬일이야…… 절용해서 먹지 안 하는 모양일세. 이렇게 가져만 가니 가을에 가서 자네들이 해놓으랴면 힘들지. 그렇지 않은가?""
농민들은 그저 머리를 숙여 들을 뿐이었다.
덕호는 사랑에서 장책과 붓을 들고 나와서, 농민들의 성명을 일일이 적어 놓고 그리고 몇 섬 몇 말 가져갈 것까지 꼭꼭 적어 놓았다.","안녕하세요! 요청하신 소설 <인간문제> 11화의 내용을 읽고, 흐름에 따라 핵심 내용을 요약해 드릴게요.

이 소설은 크게 **'선비의 처지'**와 **'농민들의 고단한 삶'**이라는 두 가지 시선을 통해 당시의 암울한 사회적 현실을 보여주고 있습니다.

---

### 1. 선비의 소소한 기쁨과 사회적 수치심
선비는 닭이 낳은 따뜻한 달걀을 마흔 알이나 모으며 작은 기쁨과 보람을 느낍니다. 하지만 이러한 소소한 행복도 잠시, 그는 주변 사람들의 냉담한 반응에 부딪힙니다.
* **무시당하는 마음:** 할멈은 달걀을 모으는 선비에게 ""그게 무슨 소용이냐""며 냉소적인 태도를 보이고, 옥점 어머니는 선비의 짐을 '되놈의 보따리' 같다고 비아냥거립니다.
* **소외감과 그리움:** 사람들의 무시와 비웃음에 선비는 얼굴이 화끈거리는 수치심을 느끼며, 자신이 머물 곳을 찾지 못해 방황합니다. 결국 그는 마음 편히 쉴 수 있었던 어머니와 옛 고향 집을 간절히 그리워합니다.

### 2. 농민들의 고단한 노동과 슬픈 노래
장면이 바뀌어, 들판에서 김을 매는 농민들(싱앗대, 난장보살 등)의 모습이 그려집니다.
* **노동의 고통을 달래는 '소리':** 농민들은 고된 노동의 고통과 마음속 깊은 슬픔을 '소리(민요)'를 부름으로써 잠시나마 달래려 합니다. 그들의 노래에는 삶의 애환과 형용할 수 없는 슬픔이 서려 있습니다.
* **생존을 위한 투쟁:** 그들은 술 한 잔을 매개로 잡담을 나누며, 내일의 노동과 수확(도지)을 걱정하는 등 척박한 삶을 이어가는 모습을 보여줍니다.

### 3. 지주와 소작인 사이의 냉혹한 현실
소설의 마지막 부분은 과거 '장리쌀(미리 빌려 쓰는 쌀)'을 나누어 주던 장면을 통해 계급 간의 갈등을 드러냅니다.
* **불안한 농민들:** 쌀을 받으러 온 농민들은 지주인 덕호의 눈치를 보며, 혹여나 쌀을 못 받게 될까 봐 두려움과 불안 속에 머리를 숙입니다.
* **냉정한 지주:** 지주 덕호는 배고픈 농민들을 살피는 듯하면서도, 한편으로는 그들이 쌀을 아껴 쓰지 않는다고 훈계하며 장부에 꼼꼼히 기록합니다. 이는 빈곤한 농민과 그들을 통제하는 지주 사이의 엄격하고 냉정한 권력 관계를 보여줍니다.

---

**요약하자면,** 이 내용은 **소소한 행복조차 허락되지 않는 선비의 초라한 처지**와, **노동의 고통 속에서 노래로 슬픔을 달래며 생존을 이어가는 농민들의 비극적인 삶**, 그리고 **그들을 압박하는 지주 중심의 냉혹한 사회 구조**를 입체적으로 그려내고 있습니다.

도움이 되셨기를 바랍니다! 더 궁금한 점이 있으면 언제든 말씀해 주세요. 😊"
인간문제 12화,"찌꺽 하는 소리에 그들은 바라보니 유서방이 곡간문을 열었다. 그들 중에 몇 사람은 달려가서 조섬을 끌어내어 마개를 뽑고 이미 펴놓았던 멍석자리에 조를 솨르르 쏟아 놓았다.
낯익은 그 솨르르 하는 소리! 그리고 뽀얗게 일어나는 먼지 속에 풀풀 날리는 좃겨!
무의식간에 그들은 우르르 밀려가서 좁쌀을 한 줌씩 푹푹 뜨며 들여다보았다. 그리고 입에 넣고 씹어 보았다.
작년 가을에 자기들이 바친 조알은 모두가 한 알 같아서 마치 잘 여문 밤알이나 대추 알을 굴려 무는 듯한 옹골찬 맛이 있었는데 이 조알은 어디서 난 것인지 쭉정이 절반으로 굴려 무는 맛이 거분거분하여 마치 좃겨를 씹는 듯하였다.
이때까지 비록 장리쌀이나마 가져가게 된다는 기쁨에 잠겼던 그들은 어디 가서 호소할 곳 없는 그런 애석하고도 억울함이 그들의 머리를 찡하니 울려 주었다.
유서방은 멀뚱멀뚱하고 서로 바라다만 보는 농민들을 돌아보았다.
""어서 그릇을 가지고 한 사람씩 이리로 나오시우.""
그제야 그들은 정신이 들어 한 명씩 앞으로 나갔다.
말에 옮겨 그들의 쌀자루로 솨르르 하고 들어오는 좁쌀 흐르는 소리! 그들의 가슴에다 돌을 처넣은들 이에서 더 아플 수가 있으랴!
여기까지 생각한 그는 한숨을 후 쉬며 이마에서 흐른 땀을 쥐어 뿌렸다. 그리고 어린 애같이 거두고 귀여워하는 좃대를 물끄러미 바라보았다. 순간에 그는 호밋자루를 던진 채 발길 나가는 그대로 어디든지 가고 싶었다.
""어서 소리나 또 하자.""
유서방이 그들의 침묵을 깨쳤다. 난장보살은 유서방을 흘금 바라볼 때, 그날 쭉정이 좁쌀을 퍼주던 유서방인 것을 새삼스럽게 발견하였다.
""여부슈!""
난장보살은 얼결에 이렇게 유서방을 보고 소리쳤으나, 그 다음 말은 생각나지 않아서 멀뚱멀뚱 바라만 보았다.
그들은 맡은 이랑을 다 매고 딴 이랑을 돌려 잡았다. 이 고랑에는 조뱅이가 더 많이 우 거 졌다. 그리고 그 사이에 냉이꽃이 하얗게 덮였다.싱앗대는 벌컥 일어나서 해를 짐작해 보며,
""해 지기 전에 이 밭을 다 맬까?""
하고 혼자 하는 말처럼 중얼거렸다.
""이놈아, 이걸 해지기 전에 못 매어.""
난장보살이 싱앗대를 올려다보았다.
""어서 소리나 해유.""
첫째가 그들을 바라본다. 싱앗대는 도로 주저앉으며 감내기〔〕를 불렀다.
임 따라가 세 임 따라가 세 정든 임 따라가 세부러진 다리를 찰찰 끌면서 정든 임 따라가세 ""좋다!""
땃버리가 소리치며 흘금 돌아보았다.
""이애 저기 뭐가?""난장보살은 벌컥 일어났다.
그들은 일시에 바라보았다. 어떤 양복쟁이와 굽 높은 구두를 신은 계집이 이편으로 온다.
그들은 호기심에 켕기어 벌떡벌떡 일어났다. 유서 방은,
""여보게 들, 그게 우리 주인의 딸 옥점일세.""
""뭐야 옥점이! 서울 가서 학당 공부 한다더니 왜 나려왔나?""
""아프다고 왔다네.""
""아, 그런데 양복쟁이는 누구여?""
유서방도 이 물음에는 궁하여 한참이나 생각 하다가,
""글쎄 나두 잘 몰라!""
""이 애 서울 가더니 서방을 얻어 가지고 왔구나.""
난장보살이 이렇게 말하며 길 옆 밭머리에 털썩 주저앉는다.
""제길 어떤 놈은 팔자 좋아 예쁜 색시 얻구 돈 얻구, 요놈은 평생 홀아비 되라는 팔자인가.""첫째는 슬며시 돌아본다. 난장보살은 거지 안에서 익모초를 말린 담배를 꺼내서 신문지 조각에 다 놓고 두르르 말아서 침으로 붙인 후에 붙여 물며 차츰 가까워 오는 양복쟁이와 옥점이를 바라보았다.
그들은 곁눈으로 흘금 농부들을 보고 나서 지나친다. 그리고 옥점이는 머리를 갸웃 거리며 무슨 이야긴지 재미나게 하는 모양이다.
""이애 사람 죽이 누나!""
그들이 멀리 간 후에, 난장보살은 담배 꼬치를 집어던지며 이렇게 말하였다. 그리고 호미를 쥐고 김을 매기 시작하였다.
한참 후에 땃버리는 난장 보살을 툭 치며,
""이 사람아, 자네 요새 장가가고 싶은 모양이네그리.""
""어 그래, 이놈 나 장가 보내 주겠니?""
땃버리는 생각난다는 듯이,
""아니 유서방, 선비가 지금 덕호네 집에 있지유?""
""응 있어 왜?""
""그 어디 출가시키지 않으려나유?""
""글쎄! 시키겠지.""
싱앗대가 눈을 꿈벅하며,
""뭘, 모르지, 알 수 있나, 그러구 저러구 다…….""
말을 끊으며 유서방을 쳐다본다. 유서방은 못 들은 체하고 말았다. 첫째는 그 큰 눈을 번쩍 뜨고 그들의 말을 듣다가 한숨을 푹 쉰다. 난장보살은 비위가 동하여 땃버리를 바라본다.
""그 좀, 자네 중매할 수 없겠나?""
""날 보고 말해 되겠나, 그게야말로 덕호에게 청대야 할 노릇이지.""
""아따 이 사람, 그러기에 자네가 중매를 들라는 말이어.""
""난 자격이 없네.""
""선비는 얼굴도 예쁘지만 맘도 고우니…… 참 그것 신통해…….""
유서방은 선비의 자태를 머리에 그리며, 아까 싱앗대가 하던 말을 다시금 생각하였다. 첫째는 여러 사람들이 아니면, 유서방을 붙들고 얼마든지 선비에 대한 말을 묻고 싶었다.
이렇게 잡담을 하며 김을 매던 그들은 해가 꼭 져서야 동네로 들어왔다.집으로 온 첫째는 저녁을 먹은 후 곧 밖으로 나왔다. 웬일인지 집안에 들어앉았기가 답답해서 못 견딜 지경이다. 그는 어정어정 걸었다. 그리고 아까 난장보살에게서 빼앗아 둔 익모초 담배를 꺼내 붙여 물었다. 한 모금 쑥 빨고 나니, 담배와 같이 향기로운 맛이 없고 맥맥 하였다. 그는 휙 집어 뿌렸다.
""이걸 담배라고 다 먹나!""
이렇게 중얼거리며 보니 덕호의 집 울 뒤였다. 그는 요새 밤마다 이 집 주위를 한 번씩 둘러 가곤 하였다. 행여나 선비를 볼까 하여 이렇게 오나 한 번도 이 집 주위서 그를 만나 보지 못하였다.그러나 저녁을 먹고 나면, 오늘이나 하는 기대를 가지고 또다시 오곤 하였다.
캄캄한 하늘에는 별들이 동동 떴다. 그리고 어디서 불어오는 바람결에 모기 쑥 내가 약간 코끝을 흔들어 준다. 그는 어디라 없이 멍하니 바라보며 손으로 허리를 꽉 짚었다.
덕호네 집에서 간혹 무슨 말이 흘러나오나 누구의 음성인지 또는 무슨 말을 하는지 분간 할 수가 없다. 그저 호호 하하 웃는 웃음소리만은 저 별을 쳐다보는 듯이 또렷하였다.
그는 이렇게 우두커니 서 있으니 아까 집어던지던 익모초 담배나마 생각히었다. 그래서 거지 안을 뒤져 보니 아무것도 잡히지 않았다. 그는 입맛을 쩍쩍 다시며 풀밭에 털썩 주저앉았다.","안녕하세요! 요청하신 소설 <인간문제 12화>의 내용을 친절하게 요약해 드릴게요.

이 내용은 가난하고 고단한 삶을 살아가는 농민들의 애환과 그들 사이에서 피어나는 작은 설렘, 그리고 계층 간의 격차를 담담하게 그려내고 있습니다. 주요 내용은 다음과 같습니다.

### 1. 실망스러운 조 배급과 농민들의 억울함
유서방이 곡간을 열어 농민들에게 조를 나누어 주지만, 작년의 알차던 조와 달리 올해의 조는 쭉정이가 절반이나 섞인 질 낮은 상태였습니다. 농민들은 기대했던 수확물에 실망하며 가슴 아픈 억울함을 느끼지만, 받아들여야 하는 현실에 한숨을 내쉽니다.

### 2. 주인집 딸 '옥점'의 등장과 계층의 대비
밭일을 하던 농민들 앞에 주인집 딸인 옥점이가 양복 입은 남성과 함께 나타납니다. 서울에서 공부하던 옥점이가 아파서 내려왔다는 소식과 함께, 화려한 차림의 그들을 바라보는 농민들의 시선에는 호기심과 함께 자신들의 처지와 대비되는 씁쓸함이 교차합니다.

### 3. '선비'를 향한 농민들의 대화와 중매 이야기
농민들은 일하며 잡담을 나누던 중, 덕호네 집에 머물고 있는 '선비'에 대해 이야기합니다. 선비의 아름답고 고운 마음씨를 칭찬하며, 난장보살은 땃버리에게 선비와 중매를 서줄 수 없겠느냐고 농담 섞인 제안을 던지기도 합니다.

### 4. '첫째'의 애틋한 그리움
저녁 식사 후, '첫째'는 마음이 답답하여 밤중에 덕호네 집 주변을 서성입니다. 그는 덕호네 집에서 들려오는 웃음소리를 들으며, 혹시라도 선비를 만날 수 있을까 하는 기대와 함께 그녀를 향한 애틋한 그리움을 품은 채 밤하늘 아래 홀로 앉아 있습니다.

---

**요약하자면:** 
이 글은 **열악한 수확물로 인해 상처받은 농민들의 고단한 삶**을 보여주는 동시에, **화려한 외부 세계(옥점)와 대비되는 농촌의 현실**, 그리고 그 속에서도 **누군가를 그리워하는 인간적인 감정(첫째와 선비)**을 섬세하게 묘사하고 있습니다.

도움이 되셨기를 바랍니다! 더 궁금한 점이 있으면 언제든 말씀해 주세요. 😊"
인간문제 13화,"밑이 선뜻하여 다는 속이 한결 시원한 듯하였다. 그때 이리로 오는 듯한 신발 소리가 나므로 그는 두 눈을 고양이 눈처럼 떴다.
가까워지는 신발 소리는 뚝 끊어지며, 울바자 밑에 붙어 서는 소리가 바삭바삭 난다. 그리고 급한 숨결 소리가 여자라는 확신을 그에게 던져 주었다.
그는 일어나는 호기심과 아울러 선비가 아닌가 하는 의문에 역시 가슴이 뛰놀기 시작 하였다. 그래서 그는 저편 사람에게 자기가 있는 것을 눈치 채이지 못하게 하려고 조금씩 뒷걸음질을 하였다.
또다시 신발 소리는 이편을 향하여 오더니 멈칫 선다. 그리고 숨을 호 하고 쉬었다. 따라서 무엇을 생각하는 듯이 한참이나 우두커니 서 있다. 첫째는 어둠 속으로 어림해 보이는 그의 키와 그리고 몸집을 자세히 훑어보는 순간 선비가 아니냐? 하는 생각이 차츰 농후 해졌다. 그는 불과 몇 발걸음 사이를 두고 그립던 선비와 이렇게 마주섰거니 하는 생각이 울컥 내밀 칠 때, 무의식간에 그는 몇 발걸음 내디디었다.신발 소리를 들은 저편은 질겁을 하여 달아난다. 첫째는 이미 내친 걸음이라 그의 뒤를 따랐다.
뛰기로 못 당할 것을 안 계집은 어떤 집으로 쑥 들어가 버렸다. 그는 할 수 없이 그 집 나뭇 가리 옆에 붙어 서서 계집이 나오기를 고대하였다. 그러나 계집은 한참이나 지나도 나오지 않는다. 그는 의심이 버쩍 들었다. 혹시 선비가 아닌가? 그럼 누구여? 이 밤중에 그 집에 와서 엿볼 사람이 누굴까? 그는 눈을 감고 한참이나 생각하여 보아도 얼핏 짚이는 사람이 없었다.그리고 억지로라도 그를 선비라고 하고 싶었다. 그래서 오늘 밤은 기어코 선비를 만나 몇 해 쌓아 두었던 말을 다만 한마디라도 건네고 싶었다.
이제 선비를 만나면 뭐라고 할까? 이렇게 자신을 향하여 물어 보았다. 그러나 아무 할 말이 없다. 온 가슴은 선비를 대하여 할 말로 터질 듯한데 막상 하려고 하니 캄캄하였다. 뭐라고 하나…… 너 나하구 살겠니? 하고 물을까? 그것도 말이 안 되었어. 그러면 너 나 알지? ' 아니, 아니어.’ 그는 머리를 좌우로 흔들며 픽 웃어 버렸다. 그리고 여러 가지 말을 생각 하며 그 집 문 편만을 주의하였다.그때 저편에서 지나가는 듯한 신발 소리가 나므로 누가 이 집 앞으로 지나는가 보다 하여 숨을 죽이고 무릎을 쭈그렸다. 마침 신발 소리가 뚝 그치며 술술 하는 소리를 따라 난데없는 물줄기가 그의 얼굴을 향하여 쏟아진다. 그는 주춤 물러서는 순간, 그것이 오줌 줄기라는 것을 깨닫자 그는 벌컥 일어나며 이편으로 다가섰다.
""이 자식아, 얻다가 오줌을 누느냐?""
뜻하지 않은 사람의 음성에 저편은 꿈찔 놀라서 오줌을 줄이치고 물러선다.
""거 누구여?""
첫째는 그의 음성에 벌써 누구임을 알았다.
""이 자식아, 얻다가 오줌을 누냐?""
그제야 개똥이는 첫째인 것을 알고,
""아 왜 거게 가 섰느냐? 이 자식아.""
첫째는 할 말이 없다. 그래서 우물쭈물하였다. 개똥이는 앞으로 다가서며,
""난 너희 집에 갔댔다.""
""왜?""
""내일 우리 김 좀 매달라구.""
""나 벌써 명구네 김 매주겠다고 말했다야.""
""응 명구네…… 거 안 되었네, 품 한 명이 꼭 모자란데…….""그때 문소리가 나며 초롱불이 나온다. 그들은 멍하니 바라보았다.
""어두운데 잘 건너가우.""
개똥 어머니의 말이다.
""네.""
첫째는 선비의 음성인가 하였다. 그리고 개똥이가 아니면 쫓아가겠는데, 그럴 수도 없고 해서 머뭇머뭇하고 서 있었다. 초롱불은 첫째를 비웃는 듯이 조롱하는 듯이 까뭇까뭇 숨바꼭질을 한다. 첫째는 가슴이 죄어서 한 발 내 디디었을 때,
""어마이, 거 누구여?""
개똥이가 묻는다.
""응…… 너 왜 거게 가 섰니?""
개똥 어머니는 이편으로 오는 모양이다.
""간난이구나, 그 애가 이 밤에 왜 왔을까?""
""간난이?""
첫째는 놀란 듯이 버럭 소리를 질렀다. 개똥 어머니는 멈칫 선다.
""거 누구니?""
""나유.""
""……응 첫째인가.""
""간난이가 뭐 하러 우리 집에를 왔어?""
""글쎄 말이다, 혹 덕호가 보냈는지?""
첫째는 멍하니 마지막 사라지는 초롱불을 바라보았다. 그리고 이맛 가의 오줌을 씻어 내며 터벅 터벅 걸었다.첫째는 무정처하고 걷다가 다시 덕호의 집 주위를 한 바퀴 돌아서 그의 집으로 왔다.
그러나 방으로 들어가고 싶지는 않아서 마당가에서 어정어정 돌아다니다가 나뭇가리 옆에 펄썩 주저앉았다. 훅 하고 끼치는 나무 썩어진 내를 맡으며, 아까 개똥이의 오줌을 받은 기억이 떠올라 무의식간에 그의 손은 이 맛가를 만졌다. 따라서 뭐라고 말할 수 없는 울분이 울컥 치미는 것을 깨달았다.
그는 나뭇가리에 몸을 기대며 고놈의 계집애는 도무지 볼 수가 없으니 웬일이어, 어디 앓지나 않는지? 하고 생각할 때 그의 눈 위에서 빛나던 그중 큰 별 하나가 꼬리를 길게 달고까 뭇 사라진다. 그는 그 별이 사라진 곳을 멍하니 바라보며 선비의 눈 등의 검은 사마귀를 생각 하였다. 티없이 밝은 얼굴에 빛나는 그 검은 사마귀! 그것은 흡사히 이제 사라진 그 별과 같았다. 그는 한숨을 길게 쉬며 눈을 꾹 감았다. 감으면 감을수록 더 또렷이 나타나는 그 검은 사마귀! 이놈의 계집애를…… 하며 첫째는 벌떡 일어났다.","안녕하세요! 요청하신 소설 <인간문제> 13화의 내용을 친절하게 요약해 드릴게요.

**[소설 내용 요약]**

1. **기대와 실망의 만남:** 주인공 '첫째'는 밤중에 누군가(그가 그리워하는 '선비')를 만나 간절히 하고 싶은 말을 전하기 위해 어둠 속에서 숨죽여 기다립니다. 누군가 다가오는 소리에 그가 선비이기를 간절히 바라며 설레지만, 실수로 인기척을 내는 바람에 상대방(계집)을 놀라게 하여 쫓아버리고 맙니다.

2. **해프닝과 대화:** 허탈함에 빠져 있던 첫째는 길을 지나던 누군가로부터 오줌을 맞는 황당한 일을 겪습니다. 알고 보니 상대는 '개똥이'였고, 두 사람은 내일 있을 일손 돕기(김 매기)에 대해 짧고 일상적인 대화를 나눕니다.

3. **충격적인 소식:** 그때 개똥 어머니가 나타나 '간난이'라는 아이가 밤늦게 방문했다는 사실을 언급합니다. 이 말을 들은 첫째는 큰 충격을 받으며 당황합니다.

4. **남겨진 감정과 울분:** 집으로 돌아온 첫째는 알 수 없는 울분과 허탈함에 휩싸입니다. 그는 밤하늘의 별을 바라보며, 머릿속을 떠나지 않는 상대방의 눈가에 있던 '검은 사마귀'를 떠올리며 괴로운 심경을 드러냅니다.

**[요약 포인트]**
이 장면은 첫째가 누군가를 간절히 기다리며 느끼는 **설렘, 허탈함, 그리고 예상치 못한 소식(간난이의 방문)으로 인한 혼란과 울분**을 중심으로 전개되고 있습니다.

더 궁금한 점이 있거나 다른 도움이 필요하시면 언제든 말씀해 주세요! 😊"
인간문제 14화,"그때 저편으로부터 신발 소리가 났다. 그는 공연히 화가 치받친다.
""거 누구유?""
버럭 소리를 질렀다.
""첫째냐? 난 널 자꾸 찾아다녔구나, 여기 있는 것을 모르고…… 왜 거기 가 있냐?""
이 서방은 헐떡헐떡하면서 첫째의 곁으로 와서 그의 손을 끌고 방으로 들어왔다. 첫째는 일어나는 화를 참으며 씩씩하였다. 이 서방은,
""첫째야!""
부르고 나서 그의 곁으로 바싹 다가앉았다. 첫째는 귀찮다는 듯이 조금 물러앉으며 벌렁 누워 버렸다. 이 서방은 그의 이마를 짚으며,
""너 요새 뭐 생각하는 것 있지?""
첫째는 얼른 선비를 머리에 그리며, 이 서방의 손이 거북하였다. 그래서 손을 물리치며 돌아 누웠다. 한참 후에 이 서방은,
""너 자냐?""
""아니.""
""너 요새 왜 잠두 안 자고 다니니?""
""잠이 안 오니께.""
""왜, 잠이 안 와?""
""……""
뭐라고 말을 하렸으나 입이 꽉 붙고 만다. 이 서방은,  ""첫째야, 네가 내게 숨길 것이 뭐냐, 말하면 내 힘 미치는 데까지는 힘써 보자꾸나.""
이 서방도 첫째가 어떤 계집을 생각해서 이렇게 잠도 못 자고 다니는 것을 짐작은 했으나, 어떤 계집인지를 꼭 알지 못하였다. 그래서 그 계집을 첫째에게서 알아 가지고, 될 수 있는 대로 힘써 보자는 것이다. 만일 저대로 방임해 두면 첫째는 불일간에 무슨 병에 걸려 들지 않으면 무슨 변이라도 낼 듯싶었던 것이다.
첫째는 언제까지나 잠잠하고 있다. 이 서방은 바싹 다가 누웠다.
""너 어떤 계집을 생각하지, 아마?""
첫째는 계집이란 말에 그의 얼굴이 화끈 달며 선비의 그 고운 자태가 스르르 떠오른다. 그는 그만 돌아누웠다.
""자자우, 이 서방.""
말하지 않을 것을 안 이 서방은 훗날에 천천히 물어 보리라 하고, 그만 잠이 들고 말았다.
첫째는 이런 생각 저런 생각에 그 밤을 새우고, 어실어실하여 일어나 앉았다.그때 안 방문이 가만히 열리는 소리가 들린다. 첫째는 어떤 놈이 또 와 잤군…… 하고 생각하며 장성 한 아들을 둔 그의 어머니의 행동이 끝없이 원망스러웠다.
""안녕히 가세요.""
""음.""
""언제 또 오시겠수?""
""글쎄 봐야 알지.""
소곤거리는 유서방의 음성이다. 그는 도리어 반가운 생각이 들어 벌컥 일어났다. 그리고 방문을 열었을 때,
""너 왜 벌써 일어나니?""
이 서방이 일어나며 그의 꽁무니를 꾹 붙들었다. 이 서방은 첫째가 달려나가서 무슨 행패를 할까 하는 불안에서 이렇게 붙들었던 것이다.
그러자 벌써 첫째 어머니는 문을 지치고 들어온다. 첫째는 그의 어머니를 노려보다가,
""어머니!""
자 거니 하였던 첫째의 음성에 그의 어머니는 놀라 멈칫 섰다. 그리고 첫째가 성이 나서 뛰어나오는 것 같아서 뒤로 비슬비슬 물러섰다.
이 서방은 이 경우에 모자의 불평을 어떻게 완화시킬지 몰라 한참이나 생각하였다. 문을 열고 아무 말 없이 그의 어머니를 노려보던 첫째는 방문을 쾅 닫고 그 자리에 주저앉았다. 그제야 이 서방도 물러앉는다.신철이를 따라 몽금포에 내려가서 해수욕을 하고 올라온 옥점이는 오늘 아침 차로 상경 하겠다는 신철이를 만 가지 권유로 겨우 붙들었다. 신철이는 옥점이보다도 덕호의 애써 말리는 데 못 이기는 체하고 떠나지 않았으나 실은 웬일인지 그렇게 쉽게 이 집을 떠나고 싶지 않았던 것이다.
남의 집에 와서 하루 이틀도 아니요 거의 달 지경이 되어 오니까 미안함에서 상경 하겠다고 하였던 것이다. 옥점이는 신철의 남성다운 체격을 웃음을 머금고 바라보았다.
""우리 참 외막에 가볼까요?""
""글쎄요…… 우리 둘이만이 가는 것이 좀…….""
옥점이는 냉큼,
""그럼 누구 또 말씀해 보세요?""
그의 속을 뚫고 보려는 듯한 옥점이의 강한 시선을 그는 약간 피하였다.
""아버지든지 혹은 어머니도 좋구요.""
""정말?""
""그러면요, 우리 둘만은 이런 시골에서는 좀 재미없지 않아요?""
""하긴 그래요, 그럼 어머니를 가자구 할까?""
""그것은 옥점 씨 생각에 맡깁니다.""
옥점이는 호호 웃으며 냉큼 일어나 안방으로 건너갔다. 신철이는 책상 앞에 조금 다가앉아서, 면경 속에 그의 얼굴을 비추어보며 무심히 밖을 내다보았다.그때 선비가 빨래 함지 를이고 부엌으로부터 나온다. 신철이는 얼른 몸을 똑바로 가지고, 지나치는 그의 왼편 볼을 뚫어지도록 보았다. 그가 중대문을 넘어가는 신발 소리를 들으며, 빨래를 하러 가는 모양인데…… 하고 생각할 때, 이상한 광채가 그의 눈가를 스쳐간다.
그가 이 집에 온 지 거의 두 달이 되어 와도 저렇게 먼빛으로 선비를 대할 뿐이고, 한 번도 한자리에 앉아 말을 건네어 보지 못하였다. 그만큼 그는 선비에게 어떤 호기심을 두었다. 그리고 특히 그의 와이샤쓰나 혹은 내의 같은 것을 빨아 다려 오는 것을 보면, 어떻게 그리 정밀하고 얌전스럽게 해오는지 몰랐다. 그때마다 그는 이런 아내를 얻었으면…… 하는 생각이 옷 갈피갈피를 뒤질 때마다 부쩍 들곤 하였다.
그리고 그의 고운 자태! 눈 등의 검은 점…… 그의 머리에 강한 인상을 던져 주었다. 그와 말이나 해보았으면…… 그는 이러한 생각을 하면서, 어떻게 하든지 오늘 냇가에만 가면 그를 만날 수가 있을 터인데 어떻게 뭐라고 핑계를 대고 옥점이를 떨어치나가 문제 되었다.
옥점이가 건너오며,
""어머니가 가시겠다오.""
""예 좋습니다.""
이렇게 선뜻 대답은 하고도 신철이는 엉덩이가 잘 떨어지지 않는다.
""어서 일어나요, 더웁기 전에 가요.""
신철이는 무슨 생각을 잠깐 하다가,
""아버지도 모시고 가는 것이 어때요.""
""아이! 아버지는 뭐라구.""
헬끔 쳐다보며 웃는다. 그도 빙긋이 웃으며,
""노인네 부부도 산보해야지요, 하하.""
옥점이도 호호 웃었다. 그리고 아버지와 어머니 앞에 자기들이 가지런히 서서 가는 것도 그럴듯한 일이었다.
""그럼 모시고 갈까…… 아이 아랫집에서 안 올라오셨을 게요.""
옥점이는 통통걸음을 쳐서 사랑으로 나간다.신철이는 그의 나가는 뒷모양을 바라보면서 선비가 혼자서 빨래를 갔는가? 하였다. 옥점이는 곧 돌아 들어왔다.
""아버지가 안 오셔서…….""
그제야 신철이는 벌컥 일어났다. 그리고 벽에서 모자를 벗겨 쓰며,
""내 아버지는 모시고 갈 것이니 어서 먼저 들 가시오. 저번 갔던 그 막이지?""
옥점이는 약간 싫은 빛을 띠었으나 얼른 웃어 버렸다.
""그만둬요, 아버질랑.""
""글쎄 어서 가요. 내 가서 모시고 올라가리다.""
신철이는 밖으로 나왔다. 뜨거운 볕이 그의 전신을 후끈하게 하였다. 그가 큰 대문을 나서며 어떻게 할까? 하고 우뚝 섰다.
신철이는 어떻게 하든지 옥점이만을 떨어칠 양으로 이렇게 서두르고 나오기는 했으나 막상 나오고 보니 어떻게 해서 선비를 교묘히 만나 볼까가 큰 걱정이다.
우선 그는 멀리 보이는 원소의 숲을 바라보았다. 그리고 덕호가 첩 살림하고 있는 아랫 마을을 돌아보았다. 따라서 옥점이와 같이 갈 참 외막 있는 앞벌도 바라보았다.그러자 옥점이와 그의 어머니가 나온다.
""왜 안 가셨수?""
옥점이는 물빛 양장에 밀짚모를 꼭 눌러 썼다. 그의 어머니는 딸과 신철이를 바라보며 언제 웃을지 몰라 입을 벌리고 있다. 비록 정식으로 말은 건 네이지 않았으나 이 둘이는 장래 부부로 인정하였던 것이다.
""아버지한테도 같이 가려구요?""
""뭘, 나허구? …… 난 안 간다는 게야, 그년의 계집애 보기 싫어서.""
옥점이는 휭 돌아간다. 신철이는 옥점의 이러한 대답을 듣기 위하여 부러 물었던 것이다.
""왜 그래요? 그이도 어머니가 되겠지우.""
""아라마 이야다와(어머 싫어요).""
이렇게 소리치며 어머니의 손을 끌고 간다. 몇 발걸음 걸어나가던 옥점이는 돌아보았다.
""얼핏 모시고 와요, 그리로…… 기다리고 있을 것이니.""
이 순간에 그는 급한 숨결을 겨우 억제하였다. 모든 일이 자기가 상상하였던 것보다 예상 이외에 순조로 진행되었던 것이다. 신철이는 뛰는 가슴을 진정하며 옥점의 뒤를 슬금슬금 따라 섰다.
옥점이가 동구를 벗어나며 이편을 돌아본다. 그리고 무어라고 손질을 두어 번 치고 모밀 밭 뒤로 사라진다. 신철이는 한숨을 후유 하고 쉬었다. 만사는 이제부터 다 하고 그는 아무 거침 없이 원소를 바라보고 급히 걸었다.
원소의 숲이 가까워질수록 그의 숨결은 몹시도 뛰었다. 그리고 불행히 옥점이가 그의 뒤를 따르지 않는가 하여 자주 자주 뒤를 돌아보았다.","안녕하세요! 요청하신 소설 내용을 친절하게 요약해 드릴게요. 

이 내용은 크게 두 가지 흐름의 이야기가 교차하며 진행되고 있습니다.

**1. 첫째의 갈등과 어머니에 대한 원망**
첫째는 '선비'라고 불리는 여인을 생각하느라 밤잠을 설치며 괴로워합니다. 이 서방은 첫째가 어떤 여인 때문에 힘들어하는지 눈치채고 도와주려 하지만, 첫째는 마음을 열지 않습니다. 그러던 중, 첫째는 새벽녘에 어머니가 유 서방과 몰래 만나는 모습을 목격하게 되고, 장성한 아들로서 어머니의 행실에 대해 깊은 분노와 원망을 느끼며 괴로워합니다.

**2. 신철의 엇갈린 마음과 선비를 향한 호기심**
신철은 옥점과 함께 시간을 보내고 있지만, 그의 마음은 온통 이 집의 '선비'에게 향해 있습니다. 신철은 선비의 고운 자태와 정갈하고 얌전한 모습에 깊은 매력을 느끼며, 그녀와 대화해보고 싶다는 강한 호기심을 품습니다. 

결국 신철은 옥점과 함께 외막에 가기로 약속하면서도, 속으로는 어떻게든 선비를 만날 기회를 엿봅니다. 그는 옥점이를 적절히 떼어놓은 뒤, 선비를 만나기 위해 설레는 마음을 안고 원소 숲 쪽으로 급히 발걸음을 옮깁니다.

---
**요약하자면:** 
이 글은 **어머니의 행실에 분노하는 첫째의 심리**와, **옥점과 함께 있으면서도 선비에게 마음을 빼앗겨 그녀를 만나려 애쓰는 신철의 모습**을 대조적으로 보여주고 있습니다.

도움이 되셨기를 바랍니다! 더 궁금한 점이 있으면 언제든 말씀해 주세요. :)"
